ISO-10303-21;
HEADER;
FILE_DESCRIPTION(('KiCad electronic assembly'),'2;1');
FILE_NAME('AdityaFlightComputer.step','2025-11-19T16:27:21',('Pcbnew'),(
    'Kicad'),'Open CASCADE STEP processor 7.9','KiCad to STEP converter'
  ,'Unknown');
FILE_SCHEMA(('AUTOMOTIVE_DESIGN { 1 0 10303 214 1 1 1 1 }'));
ENDSEC;
DATA;
#1 = APPLICATION_PROTOCOL_DEFINITION('international standard',
  'automotive_design',2000,#2);
#2 = APPLICATION_CONTEXT(
  'core data for automotive mechanical design processes');
#3 = SHAPE_DEFINITION_REPRESENTATION(#4,#10);
#4 = PRODUCT_DEFINITION_SHAPE('','',#5);
#5 = PRODUCT_DEFINITION('design','',#6,#9);
#6 = PRODUCT_DEFINITION_FORMATION('','',#7);
#7 = PRODUCT('AdityaFlightComputer 1','AdityaFlightComputer 1','',(#8));
#8 = PRODUCT_CONTEXT('',#2,'mechanical');
#9 = PRODUCT_DEFINITION_CONTEXT('part definition',#2,'design');
#10 = SHAPE_REPRESENTATION('',(#11,#15,#19,#23,#27,#31,#35,#39,#43,#47,
    #51,#55,#59,#63,#67),#71);
#11 = AXIS2_PLACEMENT_3D('',#12,#13,#14);
#12 = CARTESIAN_POINT('',(0.,0.,0.));
#13 = DIRECTION('',(0.,0.,1.));
#14 = DIRECTION('',(1.,0.,-0.));
#15 = AXIS2_PLACEMENT_3D('',#16,#17,#18);
#16 = CARTESIAN_POINT('',(156.,-59.95,1.595));
#17 = DIRECTION('',(-0.,0.,1.));
#18 = DIRECTION('',(1.110223024625E-16,-1.,0.));
#19 = AXIS2_PLACEMENT_3D('',#20,#21,#22);
#20 = CARTESIAN_POINT('',(182.225,-67.75,1.595));
#21 = DIRECTION('',(-0.,0.,1.));
#22 = DIRECTION('',(1.110223024625E-16,-1.,0.));
#23 = AXIS2_PLACEMENT_3D('',#24,#25,#26);
#24 = CARTESIAN_POINT('',(184.745701,-48.5195,1.595));
#25 = DIRECTION('',(0.,0.,1.));
#26 = DIRECTION('',(1.,0.,0.));
#27 = AXIS2_PLACEMENT_3D('',#28,#29,#30);
#28 = CARTESIAN_POINT('',(184.143701,-62.189701,1.595));
#29 = DIRECTION('',(0.,-0.,1.));
#30 = DIRECTION('',(1.110223024625E-16,1.,0.));
#31 = AXIS2_PLACEMENT_3D('',#32,#33,#34);
#32 = CARTESIAN_POINT('',(189.143701,-64.339701,1.595));
#33 = DIRECTION('',(-0.,0.,1.));
#34 = DIRECTION('',(1.110223024625E-16,-1.,0.));
#35 = AXIS2_PLACEMENT_3D('',#36,#37,#38);
#36 = CARTESIAN_POINT('',(167.25,-41.6,1.595));
#37 = DIRECTION('',(0.,0.,1.));
#38 = DIRECTION('',(-1.,1.224646799147E-16,0.));
#39 = AXIS2_PLACEMENT_3D('',#40,#41,#42);
#40 = CARTESIAN_POINT('',(172.1,-41.85,1.595));
#41 = DIRECTION('',(-0.,0.,1.));
#42 = DIRECTION('',(1.110223024625E-16,-1.,0.));
#43 = AXIS2_PLACEMENT_3D('',#44,#45,#46);
#44 = CARTESIAN_POINT('',(184.4,-41.65,1.595));
#45 = DIRECTION('',(0.,0.,1.));
#46 = DIRECTION('',(-1.,1.224646799147E-16,0.));
#47 = AXIS2_PLACEMENT_3D('',#48,#49,#50);
#48 = CARTESIAN_POINT('',(188.2125,-55.8,1.595));
#49 = DIRECTION('',(0.,-0.,1.));
#50 = DIRECTION('',(1.110223024625E-16,1.,0.));
#51 = AXIS2_PLACEMENT_3D('',#52,#53,#54);
#52 = CARTESIAN_POINT('',(156.,-50.5,1.595));
#53 = DIRECTION('',(-0.,0.,1.));
#54 = DIRECTION('',(1.110223024625E-16,-1.,0.));
#55 = AXIS2_PLACEMENT_3D('',#56,#57,#58);
#56 = CARTESIAN_POINT('',(188.2125,-59.15,1.595));
#57 = DIRECTION('',(-0.,0.,1.));
#58 = DIRECTION('',(1.110223024625E-16,-1.,0.));
#59 = AXIS2_PLACEMENT_3D('',#60,#61,#62);
#60 = CARTESIAN_POINT('',(172.1,-37.9,1.595));
#61 = DIRECTION('',(-0.,0.,1.));
#62 = DIRECTION('',(1.110223024625E-16,-1.,0.));
#63 = AXIS2_PLACEMENT_3D('',#64,#65,#66);
#64 = CARTESIAN_POINT('',(182.3,-71.325,1.595));
#65 = DIRECTION('',(-0.,0.,1.));
#66 = DIRECTION('',(1.110223024625E-16,-1.,0.));
#67 = AXIS2_PLACEMENT_3D('',#68,#69,#70);
#68 = CARTESIAN_POINT('',(0.,0.,0.));
#69 = DIRECTION('',(0.,0.,1.));
#70 = DIRECTION('',(1.,0.,-0.));
#71 = ( GEOMETRIC_REPRESENTATION_CONTEXT(3) 
GLOBAL_UNCERTAINTY_ASSIGNED_CONTEXT((#75)) GLOBAL_UNIT_ASSIGNED_CONTEXT(
(#72,#73,#74)) REPRESENTATION_CONTEXT('Context #1',
  '3D Context with UNIT and UNCERTAINTY') );
#72 = ( LENGTH_UNIT() NAMED_UNIT(*) SI_UNIT(.MILLI.,.METRE.) );
#73 = ( NAMED_UNIT(*) PLANE_ANGLE_UNIT() SI_UNIT($,.RADIAN.) );
#74 = ( NAMED_UNIT(*) SI_UNIT($,.STERADIAN.) SOLID_ANGLE_UNIT() );
#75 = UNCERTAINTY_MEASURE_WITH_UNIT(LENGTH_MEASURE(1.E-07),#72,
  'distance_accuracy_value','confusion accuracy');
#76 = PRODUCT_RELATED_PRODUCT_CATEGORY('part',$,(#7));
#77 = SHAPE_DEFINITION_REPRESENTATION(#78,#84);
#78 = PRODUCT_DEFINITION_SHAPE('','',#79);
#79 = PRODUCT_DEFINITION('design','',#80,#83);
#80 = PRODUCT_DEFINITION_FORMATION('','',#81);
#81 = PRODUCT('JST_XH_S2B-XH-A-1_1x02_P2.50mm_Horizontal',
  'JST_XH_S2B-XH-A-1_1x02_P2.50mm_Horizontal','',(#82));
#82 = PRODUCT_CONTEXT('',#2,'mechanical');
#83 = PRODUCT_DEFINITION_CONTEXT('part definition',#2,'design');
#84 = ADVANCED_BREP_SHAPE_REPRESENTATION('',(#11,#85),#3336);
#85 = MANIFOLD_SOLID_BREP('',#86);
#86 = CLOSED_SHELL('',(#87,#191,#238,#278,#302,#342,#366,#406,#430,#470,
    #510,#550,#638,#671,#695,#767,#907,#924,#970,#987,#1033,#1057,#1122,
    #1139,#1151,#1182,#1207,#1224,#1256,#1280,#1297,#1309,#1333,#1358,
    #1503,#1520,#1537,#1554,#1571,#1588,#1605,#1622,#1639,#1656,#1673,
    #1690,#1707,#1719,#1750,#1840,#1864,#1947,#2044,#2068,#2158,#2175,
    #2200,#2217,#2244,#2271,#2288,#2368,#2385,#2402,#2419,#2436,#2469,
    #2509,#2540,#2557,#2569,#2602,#2619,#2636,#2653,#2686,#2726,#2757,
    #2774,#2791,#2803,#2836,#2867,#2891,#2915,#2932,#2963,#2987,#3011,
    #3028,#3045,#3062,#3074,#3091,#3108,#3120,#3151,#3175,#3199,#3216,
    #3247,#3271,#3295,#3312,#3324));
#87 = ADVANCED_FACE('',(#88),#186,.F.);
#88 = FACE_BOUND('',#89,.F.);
#89 = EDGE_LOOP('',(#90,#100,#108,#116,#124,#132,#140,#148,#156,#164,
    #172,#180));
#90 = ORIENTED_EDGE('',*,*,#91,.F.);
#91 = EDGE_CURVE('',#92,#94,#96,.T.);
#92 = VERTEX_POINT('',#93);
#93 = CARTESIAN_POINT('',(-1.95,-0.6,0.35));
#94 = VERTEX_POINT('',#95);
#95 = CARTESIAN_POINT('',(-0.75,-0.6,0.35));
#96 = LINE('',#97,#98);
#97 = CARTESIAN_POINT('',(-2.45,-0.6,0.35));
#98 = VECTOR('',#99,1.);
#99 = DIRECTION('',(1.,-1.224646799147E-16,0.));
#100 = ORIENTED_EDGE('',*,*,#101,.F.);
#101 = EDGE_CURVE('',#102,#92,#104,.T.);
#102 = VERTEX_POINT('',#103);
#103 = CARTESIAN_POINT('',(-1.95,-7.6,0.35));
#104 = LINE('',#105,#106);
#105 = CARTESIAN_POINT('',(-1.95,-7.6,0.35));
#106 = VECTOR('',#107,1.);
#107 = DIRECTION('',(1.224646799147E-16,1.,0.));
#108 = ORIENTED_EDGE('',*,*,#109,.T.);
#109 = EDGE_CURVE('',#102,#110,#112,.T.);
#110 = VERTEX_POINT('',#111);
#111 = CARTESIAN_POINT('',(4.45,-7.6,0.35));
#112 = LINE('',#113,#114);
#113 = CARTESIAN_POINT('',(-2.45,-7.6,0.35));
#114 = VECTOR('',#115,1.);
#115 = DIRECTION('',(1.,-1.224646799147E-16,0.));
#116 = ORIENTED_EDGE('',*,*,#117,.T.);
#117 = EDGE_CURVE('',#110,#118,#120,.T.);
#118 = VERTEX_POINT('',#119);
#119 = CARTESIAN_POINT('',(4.45,-0.6,0.35));
#120 = LINE('',#121,#122);
#121 = CARTESIAN_POINT('',(4.45,-7.6,0.35));
#122 = VECTOR('',#123,1.);
#123 = DIRECTION('',(1.224646799147E-16,1.,0.));
#124 = ORIENTED_EDGE('',*,*,#125,.F.);
#125 = EDGE_CURVE('',#126,#118,#128,.T.);
#126 = VERTEX_POINT('',#127);
#127 = CARTESIAN_POINT('',(3.25,-0.6,0.35));
#128 = LINE('',#129,#130);
#129 = CARTESIAN_POINT('',(-2.45,-0.6,0.35));
#130 = VECTOR('',#131,1.);
#131 = DIRECTION('',(1.,-1.224646799147E-16,0.));
#132 = ORIENTED_EDGE('',*,*,#133,.F.);
#133 = EDGE_CURVE('',#134,#126,#136,.T.);
#134 = VERTEX_POINT('',#135);
#135 = CARTESIAN_POINT('',(3.25,-1.6,0.35));
#136 = LINE('',#137,#138);
#137 = CARTESIAN_POINT('',(3.25,-1.6,0.35));
#138 = VECTOR('',#139,1.);
#139 = DIRECTION('',(1.224646799147E-16,1.,-1.110223024625E-16));
#140 = ORIENTED_EDGE('',*,*,#141,.T.);
#141 = EDGE_CURVE('',#134,#142,#144,.T.);
#142 = VERTEX_POINT('',#143);
#143 = CARTESIAN_POINT('',(1.75,-1.6,0.35));
#144 = LINE('',#145,#146);
#145 = CARTESIAN_POINT('',(3.25,-1.6,0.35));
#146 = VECTOR('',#147,1.);
#147 = DIRECTION('',(-1.,1.224646799147E-16,0.));
#148 = ORIENTED_EDGE('',*,*,#149,.T.);
#149 = EDGE_CURVE('',#142,#150,#152,.T.);
#150 = VERTEX_POINT('',#151);
#151 = CARTESIAN_POINT('',(1.75,-0.6,0.35));
#152 = LINE('',#153,#154);
#153 = CARTESIAN_POINT('',(1.75,-1.6,0.35));
#154 = VECTOR('',#155,1.);
#155 = DIRECTION('',(1.224646799147E-16,1.,-1.110223024625E-16));
#156 = ORIENTED_EDGE('',*,*,#157,.F.);
#157 = EDGE_CURVE('',#158,#150,#160,.T.);
#158 = VERTEX_POINT('',#159);
#159 = CARTESIAN_POINT('',(0.75,-0.6,0.35));
#160 = LINE('',#161,#162);
#161 = CARTESIAN_POINT('',(-2.45,-0.6,0.35));
#162 = VECTOR('',#163,1.);
#163 = DIRECTION('',(1.,-1.224646799147E-16,0.));
#164 = ORIENTED_EDGE('',*,*,#165,.F.);
#165 = EDGE_CURVE('',#166,#158,#168,.T.);
#166 = VERTEX_POINT('',#167);
#167 = CARTESIAN_POINT('',(0.75,-1.6,0.35));
#168 = LINE('',#169,#170);
#169 = CARTESIAN_POINT('',(0.75,-1.6,0.35));
#170 = VECTOR('',#171,1.);
#171 = DIRECTION('',(1.224646799147E-16,1.,-1.110223024625E-16));
#172 = ORIENTED_EDGE('',*,*,#173,.T.);
#173 = EDGE_CURVE('',#166,#174,#176,.T.);
#174 = VERTEX_POINT('',#175);
#175 = CARTESIAN_POINT('',(-0.75,-1.6,0.35));
#176 = LINE('',#177,#178);
#177 = CARTESIAN_POINT('',(0.75,-1.6,0.35));
#178 = VECTOR('',#179,1.);
#179 = DIRECTION('',(-1.,1.224646799147E-16,0.));
#180 = ORIENTED_EDGE('',*,*,#181,.T.);
#181 = EDGE_CURVE('',#174,#94,#182,.T.);
#182 = LINE('',#183,#184);
#183 = CARTESIAN_POINT('',(-0.75,-1.6,0.35));
#184 = VECTOR('',#185,1.);
#185 = DIRECTION('',(1.224646799147E-16,1.,-1.110223024625E-16));
#186 = PLANE('',#187);
#187 = AXIS2_PLACEMENT_3D('',#188,#189,#190);
#188 = CARTESIAN_POINT('',(-2.45,-0.6,0.35));
#189 = DIRECTION('',(1.359631073447E-32,1.110223024625E-16,1.));
#190 = DIRECTION('',(1.,-1.224646799147E-16,-6.927121900793E-45));
#191 = ADVANCED_FACE('',(#192),#233,.F.);
#192 = FACE_BOUND('',#193,.F.);
#193 = EDGE_LOOP('',(#194,#202,#203,#211,#219,#227));
#194 = ORIENTED_EDGE('',*,*,#195,.F.);
#195 = EDGE_CURVE('',#92,#196,#198,.T.);
#196 = VERTEX_POINT('',#197);
#197 = CARTESIAN_POINT('',(-1.95,-0.6,5.35));
#198 = LINE('',#199,#200);
#199 = CARTESIAN_POINT('',(-1.95,-0.6,0.35));
#200 = VECTOR('',#201,1.);
#201 = DIRECTION('',(0.,0.,1.));
#202 = ORIENTED_EDGE('',*,*,#91,.T.);
#203 = ORIENTED_EDGE('',*,*,#204,.T.);
#204 = EDGE_CURVE('',#94,#205,#207,.T.);
#205 = VERTEX_POINT('',#206);
#206 = CARTESIAN_POINT('',(-0.75,-0.6,6.1));
#207 = LINE('',#208,#209);
#208 = CARTESIAN_POINT('',(-0.75,-0.6,0.35));
#209 = VECTOR('',#210,1.);
#210 = DIRECTION('',(1.359631073447E-32,1.110223024625E-16,1.));
#211 = ORIENTED_EDGE('',*,*,#212,.T.);
#212 = EDGE_CURVE('',#205,#213,#215,.T.);
#213 = VERTEX_POINT('',#214);
#214 = CARTESIAN_POINT('',(-2.45,-0.6,6.1));
#215 = LINE('',#216,#217);
#216 = CARTESIAN_POINT('',(4.95,-0.6,6.1));
#217 = VECTOR('',#218,1.);
#218 = DIRECTION('',(-1.,1.224646799147E-16,0.));
#219 = ORIENTED_EDGE('',*,*,#220,.T.);
#220 = EDGE_CURVE('',#213,#221,#223,.T.);
#221 = VERTEX_POINT('',#222);
#222 = CARTESIAN_POINT('',(-2.45,-0.6,5.35));
#223 = LINE('',#224,#225);
#224 = CARTESIAN_POINT('',(-2.45,-0.6,6.1));
#225 = VECTOR('',#226,1.);
#226 = DIRECTION('',(-1.359631073447E-32,-1.110223024625E-16,-1.));
#227 = ORIENTED_EDGE('',*,*,#228,.F.);
#228 = EDGE_CURVE('',#196,#221,#229,.T.);
#229 = LINE('',#230,#231);
#230 = CARTESIAN_POINT('',(-1.95,-0.6,5.35));
#231 = VECTOR('',#232,1.);
#232 = DIRECTION('',(-1.,1.224646799147E-16,0.));
#233 = PLANE('',#234);
#234 = AXIS2_PLACEMENT_3D('',#235,#236,#237);
#235 = CARTESIAN_POINT('',(1.25,-0.6,3.225));
#236 = DIRECTION('',(-1.224646799147E-16,-1.,1.110223024625E-16));
#237 = DIRECTION('',(-1.,1.224646799147E-16,0.));
#238 = ADVANCED_FACE('',(#239),#273,.T.);
#239 = FACE_BOUND('',#240,.T.);
#240 = EDGE_LOOP('',(#241,#249,#257,#265,#271,#272));
#241 = ORIENTED_EDGE('',*,*,#242,.T.);
#242 = EDGE_CURVE('',#205,#243,#245,.T.);
#243 = VERTEX_POINT('',#244);
#244 = CARTESIAN_POINT('',(-0.75,-1.6,6.1));
#245 = LINE('',#246,#247);
#246 = CARTESIAN_POINT('',(-0.75,-0.6,6.1));
#247 = VECTOR('',#248,1.);
#248 = DIRECTION('',(-1.224646799147E-16,-1.,1.110223024625E-16));
#249 = ORIENTED_EDGE('',*,*,#250,.T.);
#250 = EDGE_CURVE('',#243,#251,#253,.T.);
#251 = VERTEX_POINT('',#252);
#252 = CARTESIAN_POINT('',(-0.75,-0.9,4.25));
#253 = LINE('',#254,#255);
#254 = CARTESIAN_POINT('',(-0.75,-1.6,6.1));
#255 = VECTOR('',#256,1.);
#256 = DIRECTION('',(4.33392824344E-17,0.353892097416,-0.935286257456));
#257 = ORIENTED_EDGE('',*,*,#258,.T.);
#258 = EDGE_CURVE('',#251,#259,#261,.T.);
#259 = VERTEX_POINT('',#260);
#260 = CARTESIAN_POINT('',(-0.75,-0.9,3.25));
#261 = LINE('',#262,#263);
#262 = CARTESIAN_POINT('',(-0.75,-0.9,4.25));
#263 = VECTOR('',#264,1.);
#264 = DIRECTION('',(-1.359631073447E-32,-1.110223024625E-16,-1.));
#265 = ORIENTED_EDGE('',*,*,#266,.T.);
#266 = EDGE_CURVE('',#259,#174,#267,.T.);
#267 = LINE('',#268,#269);
#268 = CARTESIAN_POINT('',(-0.75,-0.9,3.25));
#269 = VECTOR('',#270,1.);
#270 = DIRECTION('',(-2.87351777816E-17,-0.234640533104,-0.972082208573)
  );
#271 = ORIENTED_EDGE('',*,*,#181,.T.);
#272 = ORIENTED_EDGE('',*,*,#204,.T.);
#273 = PLANE('',#274);
#274 = AXIS2_PLACEMENT_3D('',#275,#276,#277);
#275 = CARTESIAN_POINT('',(-0.75,-0.930008245993,3.234548643504));
#276 = DIRECTION('',(1.,-1.224646799147E-16,6.435104022508E-33));
#277 = DIRECTION('',(1.224646799147E-16,1.,-1.110223024625E-16));
#278 = ADVANCED_FACE('',(#279),#297,.F.);
#279 = FACE_BOUND('',#280,.F.);
#280 = EDGE_LOOP('',(#281,#289,#290,#291));
#281 = ORIENTED_EDGE('',*,*,#282,.T.);
#282 = EDGE_CURVE('',#283,#259,#285,.T.);
#283 = VERTEX_POINT('',#284);
#284 = CARTESIAN_POINT('',(0.75,-0.9,3.25));
#285 = LINE('',#286,#287);
#286 = CARTESIAN_POINT('',(0.75,-0.9,3.25));
#287 = VECTOR('',#288,1.);
#288 = DIRECTION('',(-1.,1.224646799147E-16,0.));
#289 = ORIENTED_EDGE('',*,*,#266,.T.);
#290 = ORIENTED_EDGE('',*,*,#173,.F.);
#291 = ORIENTED_EDGE('',*,*,#292,.F.);
#292 = EDGE_CURVE('',#283,#166,#293,.T.);
#293 = LINE('',#294,#295);
#294 = CARTESIAN_POINT('',(0.75,-0.9,3.25));
#295 = VECTOR('',#296,1.);
#296 = DIRECTION('',(-2.87351777816E-17,-0.234640533104,-0.972082208573)
  );
#297 = PLANE('',#298);
#298 = AXIS2_PLACEMENT_3D('',#299,#300,#301);
#299 = CARTESIAN_POINT('',(0.75,-0.9,3.25));
#300 = DIRECTION('',(-1.190457365237E-16,-0.972082208573,0.234640533104)
  );
#301 = DIRECTION('',(-2.87351777816E-17,-0.234640533104,-0.972082208573)
  );
#302 = ADVANCED_FACE('',(#303),#337,.F.);
#303 = FACE_BOUND('',#304,.F.);
#304 = EDGE_LOOP('',(#305,#315,#323,#329,#330,#331));
#305 = ORIENTED_EDGE('',*,*,#306,.T.);
#306 = EDGE_CURVE('',#307,#309,#311,.T.);
#307 = VERTEX_POINT('',#308);
#308 = CARTESIAN_POINT('',(0.75,-0.6,6.1));
#309 = VERTEX_POINT('',#310);
#310 = CARTESIAN_POINT('',(0.75,-1.6,6.1));
#311 = LINE('',#312,#313);
#312 = CARTESIAN_POINT('',(0.75,-0.6,6.1));
#313 = VECTOR('',#314,1.);
#314 = DIRECTION('',(-1.224646799147E-16,-1.,1.110223024625E-16));
#315 = ORIENTED_EDGE('',*,*,#316,.T.);
#316 = EDGE_CURVE('',#309,#317,#319,.T.);
#317 = VERTEX_POINT('',#318);
#318 = CARTESIAN_POINT('',(0.75,-0.9,4.25));
#319 = LINE('',#320,#321);
#320 = CARTESIAN_POINT('',(0.75,-1.6,6.1));
#321 = VECTOR('',#322,1.);
#322 = DIRECTION('',(4.33392824344E-17,0.353892097416,-0.935286257456));
#323 = ORIENTED_EDGE('',*,*,#324,.T.);
#324 = EDGE_CURVE('',#317,#283,#325,.T.);
#325 = LINE('',#326,#327);
#326 = CARTESIAN_POINT('',(0.75,-0.9,4.25));
#327 = VECTOR('',#328,1.);
#328 = DIRECTION('',(-1.359631073447E-32,-1.110223024625E-16,-1.));
#329 = ORIENTED_EDGE('',*,*,#292,.T.);
#330 = ORIENTED_EDGE('',*,*,#165,.T.);
#331 = ORIENTED_EDGE('',*,*,#332,.T.);
#332 = EDGE_CURVE('',#158,#307,#333,.T.);
#333 = LINE('',#334,#335);
#334 = CARTESIAN_POINT('',(0.75,-0.6,0.35));
#335 = VECTOR('',#336,1.);
#336 = DIRECTION('',(1.359631073447E-32,1.110223024625E-16,1.));
#337 = PLANE('',#338);
#338 = AXIS2_PLACEMENT_3D('',#339,#340,#341);
#339 = CARTESIAN_POINT('',(0.75,-0.930008245993,3.234548643504));
#340 = DIRECTION('',(1.,-1.224646799147E-16,6.435104022508E-33));
#341 = DIRECTION('',(1.224646799147E-16,1.,-1.110223024625E-16));
#342 = ADVANCED_FACE('',(#343),#361,.F.);
#343 = FACE_BOUND('',#344,.F.);
#344 = EDGE_LOOP('',(#345,#346,#354,#360));
#345 = ORIENTED_EDGE('',*,*,#157,.T.);
#346 = ORIENTED_EDGE('',*,*,#347,.T.);
#347 = EDGE_CURVE('',#150,#348,#350,.T.);
#348 = VERTEX_POINT('',#349);
#349 = CARTESIAN_POINT('',(1.75,-0.6,6.1));
#350 = LINE('',#351,#352);
#351 = CARTESIAN_POINT('',(1.75,-0.6,0.35));
#352 = VECTOR('',#353,1.);
#353 = DIRECTION('',(1.359631073447E-32,1.110223024625E-16,1.));
#354 = ORIENTED_EDGE('',*,*,#355,.T.);
#355 = EDGE_CURVE('',#348,#307,#356,.T.);
#356 = LINE('',#357,#358);
#357 = CARTESIAN_POINT('',(4.95,-0.6,6.1));
#358 = VECTOR('',#359,1.);
#359 = DIRECTION('',(-1.,1.224646799147E-16,0.));
#360 = ORIENTED_EDGE('',*,*,#332,.F.);
#361 = PLANE('',#362);
#362 = AXIS2_PLACEMENT_3D('',#363,#364,#365);
#363 = CARTESIAN_POINT('',(1.25,-0.6,3.225));
#364 = DIRECTION('',(-1.224646799147E-16,-1.,1.110223024625E-16));
#365 = DIRECTION('',(-1.,1.224646799147E-16,0.));
#366 = ADVANCED_FACE('',(#367),#401,.T.);
#367 = FACE_BOUND('',#368,.T.);
#368 = EDGE_LOOP('',(#369,#377,#385,#393,#399,#400));
#369 = ORIENTED_EDGE('',*,*,#370,.T.);
#370 = EDGE_CURVE('',#348,#371,#373,.T.);
#371 = VERTEX_POINT('',#372);
#372 = CARTESIAN_POINT('',(1.75,-1.6,6.1));
#373 = LINE('',#374,#375);
#374 = CARTESIAN_POINT('',(1.75,-0.6,6.1));
#375 = VECTOR('',#376,1.);
#376 = DIRECTION('',(-1.224646799147E-16,-1.,1.110223024625E-16));
#377 = ORIENTED_EDGE('',*,*,#378,.T.);
#378 = EDGE_CURVE('',#371,#379,#381,.T.);
#379 = VERTEX_POINT('',#380);
#380 = CARTESIAN_POINT('',(1.75,-0.9,4.25));
#381 = LINE('',#382,#383);
#382 = CARTESIAN_POINT('',(1.75,-1.6,6.1));
#383 = VECTOR('',#384,1.);
#384 = DIRECTION('',(4.33392824344E-17,0.353892097416,-0.935286257456));
#385 = ORIENTED_EDGE('',*,*,#386,.T.);
#386 = EDGE_CURVE('',#379,#387,#389,.T.);
#387 = VERTEX_POINT('',#388);
#388 = CARTESIAN_POINT('',(1.75,-0.9,3.25));
#389 = LINE('',#390,#391);
#390 = CARTESIAN_POINT('',(1.75,-0.9,4.25));
#391 = VECTOR('',#392,1.);
#392 = DIRECTION('',(-1.359631073447E-32,-1.110223024625E-16,-1.));
#393 = ORIENTED_EDGE('',*,*,#394,.T.);
#394 = EDGE_CURVE('',#387,#142,#395,.T.);
#395 = LINE('',#396,#397);
#396 = CARTESIAN_POINT('',(1.75,-0.9,3.25));
#397 = VECTOR('',#398,1.);
#398 = DIRECTION('',(-2.87351777816E-17,-0.234640533104,-0.972082208573)
  );
#399 = ORIENTED_EDGE('',*,*,#149,.T.);
#400 = ORIENTED_EDGE('',*,*,#347,.T.);
#401 = PLANE('',#402);
#402 = AXIS2_PLACEMENT_3D('',#403,#404,#405);
#403 = CARTESIAN_POINT('',(1.75,-0.930008245993,3.234548643504));
#404 = DIRECTION('',(1.,-1.224646799147E-16,6.435104022508E-33));
#405 = DIRECTION('',(1.224646799147E-16,1.,-1.110223024625E-16));
#406 = ADVANCED_FACE('',(#407),#425,.F.);
#407 = FACE_BOUND('',#408,.F.);
#408 = EDGE_LOOP('',(#409,#417,#418,#419));
#409 = ORIENTED_EDGE('',*,*,#410,.T.);
#410 = EDGE_CURVE('',#411,#387,#413,.T.);
#411 = VERTEX_POINT('',#412);
#412 = CARTESIAN_POINT('',(3.25,-0.9,3.25));
#413 = LINE('',#414,#415);
#414 = CARTESIAN_POINT('',(3.25,-0.9,3.25));
#415 = VECTOR('',#416,1.);
#416 = DIRECTION('',(-1.,1.224646799147E-16,0.));
#417 = ORIENTED_EDGE('',*,*,#394,.T.);
#418 = ORIENTED_EDGE('',*,*,#141,.F.);
#419 = ORIENTED_EDGE('',*,*,#420,.F.);
#420 = EDGE_CURVE('',#411,#134,#421,.T.);
#421 = LINE('',#422,#423);
#422 = CARTESIAN_POINT('',(3.25,-0.9,3.25));
#423 = VECTOR('',#424,1.);
#424 = DIRECTION('',(-2.87351777816E-17,-0.234640533104,-0.972082208573)
  );
#425 = PLANE('',#426);
#426 = AXIS2_PLACEMENT_3D('',#427,#428,#429);
#427 = CARTESIAN_POINT('',(3.25,-0.9,3.25));
#428 = DIRECTION('',(-1.190457365237E-16,-0.972082208573,0.234640533104)
  );
#429 = DIRECTION('',(-2.87351777816E-17,-0.234640533104,-0.972082208573)
  );
#430 = ADVANCED_FACE('',(#431),#465,.F.);
#431 = FACE_BOUND('',#432,.F.);
#432 = EDGE_LOOP('',(#433,#443,#451,#457,#458,#459));
#433 = ORIENTED_EDGE('',*,*,#434,.T.);
#434 = EDGE_CURVE('',#435,#437,#439,.T.);
#435 = VERTEX_POINT('',#436);
#436 = CARTESIAN_POINT('',(3.25,-0.6,6.1));
#437 = VERTEX_POINT('',#438);
#438 = CARTESIAN_POINT('',(3.25,-1.6,6.1));
#439 = LINE('',#440,#441);
#440 = CARTESIAN_POINT('',(3.25,-0.6,6.1));
#441 = VECTOR('',#442,1.);
#442 = DIRECTION('',(-1.224646799147E-16,-1.,1.110223024625E-16));
#443 = ORIENTED_EDGE('',*,*,#444,.T.);
#444 = EDGE_CURVE('',#437,#445,#447,.T.);
#445 = VERTEX_POINT('',#446);
#446 = CARTESIAN_POINT('',(3.25,-0.9,4.25));
#447 = LINE('',#448,#449);
#448 = CARTESIAN_POINT('',(3.25,-1.6,6.1));
#449 = VECTOR('',#450,1.);
#450 = DIRECTION('',(4.33392824344E-17,0.353892097416,-0.935286257456));
#451 = ORIENTED_EDGE('',*,*,#452,.T.);
#452 = EDGE_CURVE('',#445,#411,#453,.T.);
#453 = LINE('',#454,#455);
#454 = CARTESIAN_POINT('',(3.25,-0.9,4.25));
#455 = VECTOR('',#456,1.);
#456 = DIRECTION('',(-1.359631073447E-32,-1.110223024625E-16,-1.));
#457 = ORIENTED_EDGE('',*,*,#420,.T.);
#458 = ORIENTED_EDGE('',*,*,#133,.T.);
#459 = ORIENTED_EDGE('',*,*,#460,.T.);
#460 = EDGE_CURVE('',#126,#435,#461,.T.);
#461 = LINE('',#462,#463);
#462 = CARTESIAN_POINT('',(3.25,-0.6,0.35));
#463 = VECTOR('',#464,1.);
#464 = DIRECTION('',(1.359631073447E-32,1.110223024625E-16,1.));
#465 = PLANE('',#466);
#466 = AXIS2_PLACEMENT_3D('',#467,#468,#469);
#467 = CARTESIAN_POINT('',(3.25,-0.930008245993,3.234548643504));
#468 = DIRECTION('',(1.,-1.224646799147E-16,6.435104022508E-33));
#469 = DIRECTION('',(1.224646799147E-16,1.,-1.110223024625E-16));
#470 = ADVANCED_FACE('',(#471),#505,.F.);
#471 = FACE_BOUND('',#472,.F.);
#472 = EDGE_LOOP('',(#473,#483,#491,#497,#498,#499));
#473 = ORIENTED_EDGE('',*,*,#474,.F.);
#474 = EDGE_CURVE('',#475,#477,#479,.T.);
#475 = VERTEX_POINT('',#476);
#476 = CARTESIAN_POINT('',(4.95,-0.6,5.35));
#477 = VERTEX_POINT('',#478);
#478 = CARTESIAN_POINT('',(4.45,-0.6,5.35));
#479 = LINE('',#480,#481);
#480 = CARTESIAN_POINT('',(4.95,-0.6,5.35));
#481 = VECTOR('',#482,1.);
#482 = DIRECTION('',(-1.,1.224646799147E-16,0.));
#483 = ORIENTED_EDGE('',*,*,#484,.T.);
#484 = EDGE_CURVE('',#475,#485,#487,.T.);
#485 = VERTEX_POINT('',#486);
#486 = CARTESIAN_POINT('',(4.95,-0.6,6.1));
#487 = LINE('',#488,#489);
#488 = CARTESIAN_POINT('',(4.95,-0.6,0.35));
#489 = VECTOR('',#490,1.);
#490 = DIRECTION('',(1.359631073447E-32,1.110223024625E-16,1.));
#491 = ORIENTED_EDGE('',*,*,#492,.T.);
#492 = EDGE_CURVE('',#485,#435,#493,.T.);
#493 = LINE('',#494,#495);
#494 = CARTESIAN_POINT('',(4.95,-0.6,6.1));
#495 = VECTOR('',#496,1.);
#496 = DIRECTION('',(-1.,1.224646799147E-16,0.));
#497 = ORIENTED_EDGE('',*,*,#460,.F.);
#498 = ORIENTED_EDGE('',*,*,#125,.T.);
#499 = ORIENTED_EDGE('',*,*,#500,.T.);
#500 = EDGE_CURVE('',#118,#477,#501,.T.);
#501 = LINE('',#502,#503);
#502 = CARTESIAN_POINT('',(4.45,-0.6,0.35));
#503 = VECTOR('',#504,1.);
#504 = DIRECTION('',(0.,0.,1.));
#505 = PLANE('',#506);
#506 = AXIS2_PLACEMENT_3D('',#507,#508,#509);
#507 = CARTESIAN_POINT('',(1.25,-0.6,3.225));
#508 = DIRECTION('',(-1.224646799147E-16,-1.,1.110223024625E-16));
#509 = DIRECTION('',(-1.,1.224646799147E-16,0.));
#510 = ADVANCED_FACE('',(#511),#545,.T.);
#511 = FACE_BOUND('',#512,.T.);
#512 = EDGE_LOOP('',(#513,#514,#522,#530,#538,#544));
#513 = ORIENTED_EDGE('',*,*,#500,.T.);
#514 = ORIENTED_EDGE('',*,*,#515,.T.);
#515 = EDGE_CURVE('',#477,#516,#518,.T.);
#516 = VERTEX_POINT('',#517);
#517 = CARTESIAN_POINT('',(4.45,3.9,2.85));
#518 = LINE('',#519,#520);
#519 = CARTESIAN_POINT('',(4.45,-0.6,5.35));
#520 = VECTOR('',#521,1.);
#521 = DIRECTION('',(1.070533910153E-16,0.874157276121,-0.485642931179)
  );
#522 = ORIENTED_EDGE('',*,*,#523,.T.);
#523 = EDGE_CURVE('',#516,#524,#526,.T.);
#524 = VERTEX_POINT('',#525);
#525 = CARTESIAN_POINT('',(4.45,3.9,0.));
#526 = LINE('',#527,#528);
#527 = CARTESIAN_POINT('',(4.45,3.9,2.85));
#528 = VECTOR('',#529,1.);
#529 = DIRECTION('',(-0.,0.,-1.));
#530 = ORIENTED_EDGE('',*,*,#531,.T.);
#531 = EDGE_CURVE('',#524,#532,#534,.T.);
#532 = VERTEX_POINT('',#533);
#533 = CARTESIAN_POINT('',(4.45,-7.6,0.));
#534 = LINE('',#535,#536);
#535 = CARTESIAN_POINT('',(4.45,3.9,0.));
#536 = VECTOR('',#537,1.);
#537 = DIRECTION('',(-1.224646799147E-16,-1.,0.));
#538 = ORIENTED_EDGE('',*,*,#539,.T.);
#539 = EDGE_CURVE('',#532,#110,#540,.T.);
#540 = LINE('',#541,#542);
#541 = CARTESIAN_POINT('',(4.45,-7.6,0.));
#542 = VECTOR('',#543,1.);
#543 = DIRECTION('',(0.,0.,1.));
#544 = ORIENTED_EDGE('',*,*,#117,.T.);
#545 = PLANE('',#546);
#546 = AXIS2_PLACEMENT_3D('',#547,#548,#549);
#547 = CARTESIAN_POINT('',(4.45,-1.131195501291,1.31652804741));
#548 = DIRECTION('',(-1.,1.224646799147E-16,-2.6657522746E-32));
#549 = DIRECTION('',(-2.6657522746E-32,3.264604990409E-48,1.));
#550 = ADVANCED_FACE('',(#551),#633,.T.);
#551 = FACE_BOUND('',#552,.T.);
#552 = EDGE_LOOP('',(#553,#563,#571,#579,#587,#593,#594,#595,#603,#611,
    #619,#627));
#553 = ORIENTED_EDGE('',*,*,#554,.F.);
#554 = EDGE_CURVE('',#555,#557,#559,.T.);
#555 = VERTEX_POINT('',#556);
#556 = CARTESIAN_POINT('',(-1.8,-7.6,4.25));
#557 = VERTEX_POINT('',#558);
#558 = CARTESIAN_POINT('',(-1.8,-7.6,0.9));
#559 = LINE('',#560,#561);
#560 = CARTESIAN_POINT('',(-1.8,-7.6,4.25));
#561 = VECTOR('',#562,1.);
#562 = DIRECTION('',(-1.359631073447E-32,-1.110223024625E-16,-1.));
#563 = ORIENTED_EDGE('',*,*,#564,.T.);
#564 = EDGE_CURVE('',#555,#565,#567,.T.);
#565 = VERTEX_POINT('',#566);
#566 = CARTESIAN_POINT('',(-2.45,-7.6,4.25));
#567 = LINE('',#568,#569);
#568 = CARTESIAN_POINT('',(4.95,-7.6,4.25));
#569 = VECTOR('',#570,1.);
#570 = DIRECTION('',(-1.,1.224646799147E-16,0.));
#571 = ORIENTED_EDGE('',*,*,#572,.T.);
#572 = EDGE_CURVE('',#565,#573,#575,.T.);
#573 = VERTEX_POINT('',#574);
#574 = CARTESIAN_POINT('',(-2.45,-7.6,0.));
#575 = LINE('',#576,#577);
#576 = CARTESIAN_POINT('',(-2.45,-7.6,6.1));
#577 = VECTOR('',#578,1.);
#578 = DIRECTION('',(-1.359631073447E-32,-1.110223024625E-16,-1.));
#579 = ORIENTED_EDGE('',*,*,#580,.F.);
#580 = EDGE_CURVE('',#581,#573,#583,.T.);
#581 = VERTEX_POINT('',#582);
#582 = CARTESIAN_POINT('',(-1.95,-7.6,0.));
#583 = LINE('',#584,#585);
#584 = CARTESIAN_POINT('',(-1.95,-7.6,0.));
#585 = VECTOR('',#586,1.);
#586 = DIRECTION('',(-1.,1.224646799147E-16,0.));
#587 = ORIENTED_EDGE('',*,*,#588,.T.);
#588 = EDGE_CURVE('',#581,#102,#589,.T.);
#589 = LINE('',#590,#591);
#590 = CARTESIAN_POINT('',(-1.95,-7.6,0.));
#591 = VECTOR('',#592,1.);
#592 = DIRECTION('',(0.,0.,1.));
#593 = ORIENTED_EDGE('',*,*,#109,.T.);
#594 = ORIENTED_EDGE('',*,*,#539,.F.);
#595 = ORIENTED_EDGE('',*,*,#596,.F.);
#596 = EDGE_CURVE('',#597,#532,#599,.T.);
#597 = VERTEX_POINT('',#598);
#598 = CARTESIAN_POINT('',(4.95,-7.6,0.));
#599 = LINE('',#600,#601);
#600 = CARTESIAN_POINT('',(4.95,-7.6,0.));
#601 = VECTOR('',#602,1.);
#602 = DIRECTION('',(-1.,1.224646799147E-16,0.));
#603 = ORIENTED_EDGE('',*,*,#604,.T.);
#604 = EDGE_CURVE('',#597,#605,#607,.T.);
#605 = VERTEX_POINT('',#606);
#606 = CARTESIAN_POINT('',(4.95,-7.6,4.25));
#607 = LINE('',#608,#609);
#608 = CARTESIAN_POINT('',(4.95,-7.6,0.));
#609 = VECTOR('',#610,1.);
#610 = DIRECTION('',(0.,0.,1.));
#611 = ORIENTED_EDGE('',*,*,#612,.T.);
#612 = EDGE_CURVE('',#605,#613,#615,.T.);
#613 = VERTEX_POINT('',#614);
#614 = CARTESIAN_POINT('',(4.3,-7.6,4.25));
#615 = LINE('',#616,#617);
#616 = CARTESIAN_POINT('',(4.95,-7.6,4.25));
#617 = VECTOR('',#618,1.);
#618 = DIRECTION('',(-1.,1.224646799147E-16,0.));
#619 = ORIENTED_EDGE('',*,*,#620,.F.);
#620 = EDGE_CURVE('',#621,#613,#623,.T.);
#621 = VERTEX_POINT('',#622);
#622 = CARTESIAN_POINT('',(4.3,-7.6,0.9));
#623 = LINE('',#624,#625);
#624 = CARTESIAN_POINT('',(4.3,-7.6,1.1));
#625 = VECTOR('',#626,1.);
#626 = DIRECTION('',(1.359631073447E-32,1.110223024625E-16,1.));
#627 = ORIENTED_EDGE('',*,*,#628,.F.);
#628 = EDGE_CURVE('',#557,#621,#629,.T.);
#629 = LINE('',#630,#631);
#630 = CARTESIAN_POINT('',(-1.6,-7.6,0.9));
#631 = VECTOR('',#632,1.);
#632 = DIRECTION('',(1.,-1.224646799147E-16,0.));
#633 = PLANE('',#634);
#634 = AXIS2_PLACEMENT_3D('',#635,#636,#637);
#635 = CARTESIAN_POINT('',(1.25,-7.6,1.586074918567));
#636 = DIRECTION('',(-1.224646799147E-16,-1.,-5.453421854112E-31));
#637 = DIRECTION('',(-6.678515618038E-47,-5.453421854112E-31,1.));
#638 = ADVANCED_FACE('',(#639),#666,.F.);
#639 = FACE_BOUND('',#640,.F.);
#640 = EDGE_LOOP('',(#641,#642,#650,#658,#664,#665));
#641 = ORIENTED_EDGE('',*,*,#195,.T.);
#642 = ORIENTED_EDGE('',*,*,#643,.T.);
#643 = EDGE_CURVE('',#196,#644,#646,.T.);
#644 = VERTEX_POINT('',#645);
#645 = CARTESIAN_POINT('',(-1.95,3.9,2.85));
#646 = LINE('',#647,#648);
#647 = CARTESIAN_POINT('',(-1.95,-0.6,5.35));
#648 = VECTOR('',#649,1.);
#649 = DIRECTION('',(1.070533910153E-16,0.874157276121,-0.485642931179)
  );
#650 = ORIENTED_EDGE('',*,*,#651,.T.);
#651 = EDGE_CURVE('',#644,#652,#654,.T.);
#652 = VERTEX_POINT('',#653);
#653 = CARTESIAN_POINT('',(-1.95,3.9,0.));
#654 = LINE('',#655,#656);
#655 = CARTESIAN_POINT('',(-1.95,3.9,2.85));
#656 = VECTOR('',#657,1.);
#657 = DIRECTION('',(-0.,0.,-1.));
#658 = ORIENTED_EDGE('',*,*,#659,.T.);
#659 = EDGE_CURVE('',#652,#581,#660,.T.);
#660 = LINE('',#661,#662);
#661 = CARTESIAN_POINT('',(-1.95,3.9,0.));
#662 = VECTOR('',#663,1.);
#663 = DIRECTION('',(-1.224646799147E-16,-1.,0.));
#664 = ORIENTED_EDGE('',*,*,#588,.T.);
#665 = ORIENTED_EDGE('',*,*,#101,.T.);
#666 = PLANE('',#667);
#667 = AXIS2_PLACEMENT_3D('',#668,#669,#670);
#668 = CARTESIAN_POINT('',(-1.95,-1.131195501291,1.31652804741));
#669 = DIRECTION('',(-1.,1.224646799147E-16,-2.6657522746E-32));
#670 = DIRECTION('',(-2.6657522746E-32,3.264604990409E-48,1.));
#671 = ADVANCED_FACE('',(#672),#690,.F.);
#672 = FACE_BOUND('',#673,.F.);
#673 = EDGE_LOOP('',(#674,#675,#683,#689));
#674 = ORIENTED_EDGE('',*,*,#228,.T.);
#675 = ORIENTED_EDGE('',*,*,#676,.T.);
#676 = EDGE_CURVE('',#221,#677,#679,.T.);
#677 = VERTEX_POINT('',#678);
#678 = CARTESIAN_POINT('',(-2.45,3.9,2.85));
#679 = LINE('',#680,#681);
#680 = CARTESIAN_POINT('',(-2.45,-0.6,5.35));
#681 = VECTOR('',#682,1.);
#682 = DIRECTION('',(1.070533910153E-16,0.874157276121,-0.485642931179)
  );
#683 = ORIENTED_EDGE('',*,*,#684,.F.);
#684 = EDGE_CURVE('',#644,#677,#685,.T.);
#685 = LINE('',#686,#687);
#686 = CARTESIAN_POINT('',(-1.95,3.9,2.85));
#687 = VECTOR('',#688,1.);
#688 = DIRECTION('',(-1.,1.224646799147E-16,0.));
#689 = ORIENTED_EDGE('',*,*,#643,.F.);
#690 = PLANE('',#691);
#691 = AXIS2_PLACEMENT_3D('',#692,#693,#694);
#692 = CARTESIAN_POINT('',(-1.95,-0.6,5.35));
#693 = DIRECTION('',(-5.947410611962E-17,-0.485642931179,-0.874157276121
    ));
#694 = DIRECTION('',(1.070533910153E-16,0.874157276121,-0.485642931179)
  );
#695 = ADVANCED_FACE('',(#696),#762,.T.);
#696 = FACE_BOUND('',#697,.T.);
#697 = EDGE_LOOP('',(#698,#699,#700,#708,#714,#715,#723,#731,#740,#748,
    #756));
#698 = ORIENTED_EDGE('',*,*,#220,.T.);
#699 = ORIENTED_EDGE('',*,*,#676,.T.);
#700 = ORIENTED_EDGE('',*,*,#701,.T.);
#701 = EDGE_CURVE('',#677,#702,#704,.T.);
#702 = VERTEX_POINT('',#703);
#703 = CARTESIAN_POINT('',(-2.45,3.9,0.));
#704 = LINE('',#705,#706);
#705 = CARTESIAN_POINT('',(-2.45,3.9,2.85));
#706 = VECTOR('',#707,1.);
#707 = DIRECTION('',(-0.,0.,-1.));
#708 = ORIENTED_EDGE('',*,*,#709,.T.);
#709 = EDGE_CURVE('',#702,#573,#710,.T.);
#710 = LINE('',#711,#712);
#711 = CARTESIAN_POINT('',(-2.45,3.9,0.));
#712 = VECTOR('',#713,1.);
#713 = DIRECTION('',(-1.224646799147E-16,-1.,0.));
#714 = ORIENTED_EDGE('',*,*,#572,.F.);
#715 = ORIENTED_EDGE('',*,*,#716,.F.);
#716 = EDGE_CURVE('',#717,#565,#719,.T.);
#717 = VERTEX_POINT('',#718);
#718 = CARTESIAN_POINT('',(-2.45,-4.25,4.25));
#719 = LINE('',#720,#721);
#720 = CARTESIAN_POINT('',(-2.45,-2.425,4.25));
#721 = VECTOR('',#722,1.);
#722 = DIRECTION('',(-1.224646799147E-16,-1.,1.110223024625E-16));
#723 = ORIENTED_EDGE('',*,*,#724,.F.);
#724 = EDGE_CURVE('',#725,#717,#727,.T.);
#725 = VERTEX_POINT('',#726);
#726 = CARTESIAN_POINT('',(-2.45,-4.25,4.75));
#727 = LINE('',#728,#729);
#728 = CARTESIAN_POINT('',(-2.45,-4.25,5.425));
#729 = VECTOR('',#730,1.);
#730 = DIRECTION('',(-1.359631073447E-32,-1.110223024625E-16,-1.));
#731 = ORIENTED_EDGE('',*,*,#732,.T.);
#732 = EDGE_CURVE('',#725,#733,#735,.T.);
#733 = VERTEX_POINT('',#734);
#734 = CARTESIAN_POINT('',(-2.45,-4.75,5.25));
#735 = CIRCLE('',#736,0.5);
#736 = AXIS2_PLACEMENT_3D('',#737,#738,#739);
#737 = CARTESIAN_POINT('',(-2.45,-4.75,4.75));
#738 = DIRECTION('',(1.,-1.224646799147E-16,0.));
#739 = DIRECTION('',(1.359631073446E-32,1.110223024625E-16,1.));
#740 = ORIENTED_EDGE('',*,*,#741,.F.);
#741 = EDGE_CURVE('',#742,#733,#744,.T.);
#742 = VERTEX_POINT('',#743);
#743 = CARTESIAN_POINT('',(-2.45,-7.6,5.25));
#744 = LINE('',#745,#746);
#745 = CARTESIAN_POINT('',(-2.45,-4.1,5.25));
#746 = VECTOR('',#747,1.);
#747 = DIRECTION('',(1.224646799147E-16,1.,-1.110223024625E-16));
#748 = ORIENTED_EDGE('',*,*,#749,.F.);
#749 = EDGE_CURVE('',#750,#742,#752,.T.);
#750 = VERTEX_POINT('',#751);
#751 = CARTESIAN_POINT('',(-2.45,-7.6,6.1));
#752 = LINE('',#753,#754);
#753 = CARTESIAN_POINT('',(-2.45,-7.6,6.1));
#754 = VECTOR('',#755,1.);
#755 = DIRECTION('',(-1.359631073447E-32,-1.110223024625E-16,-1.));
#756 = ORIENTED_EDGE('',*,*,#757,.F.);
#757 = EDGE_CURVE('',#213,#750,#758,.T.);
#758 = LINE('',#759,#760);
#759 = CARTESIAN_POINT('',(-2.45,-0.6,6.1));
#760 = VECTOR('',#761,1.);
#761 = DIRECTION('',(-1.224646799147E-16,-1.,1.110223024625E-16));
#762 = PLANE('',#763);
#763 = AXIS2_PLACEMENT_3D('',#764,#765,#766);
#764 = CARTESIAN_POINT('',(-2.45,-2.827303270929,3.048284071859));
#765 = DIRECTION('',(-1.,1.224646799147E-16,0.));
#766 = DIRECTION('',(0.,0.,1.));
#767 = ADVANCED_FACE('',(#768),#902,.F.);
#768 = FACE_BOUND('',#769,.F.);
#769 = EDGE_LOOP('',(#770,#771,#779,#787,#795,#803,#811,#819,#828,#836,
    #845,#853,#861,#869,#877,#883,#884,#885,#886,#892,#893,#894,#895,
    #901));
#770 = ORIENTED_EDGE('',*,*,#492,.F.);
#771 = ORIENTED_EDGE('',*,*,#772,.T.);
#772 = EDGE_CURVE('',#485,#773,#775,.T.);
#773 = VERTEX_POINT('',#774);
#774 = CARTESIAN_POINT('',(4.95,-7.6,6.1));
#775 = LINE('',#776,#777);
#776 = CARTESIAN_POINT('',(4.95,-0.6,6.1));
#777 = VECTOR('',#778,1.);
#778 = DIRECTION('',(-1.224646799147E-16,-1.,1.110223024625E-16));
#779 = ORIENTED_EDGE('',*,*,#780,.T.);
#780 = EDGE_CURVE('',#773,#781,#783,.T.);
#781 = VERTEX_POINT('',#782);
#782 = CARTESIAN_POINT('',(3.,-7.6,6.1));
#783 = LINE('',#784,#785);
#784 = CARTESIAN_POINT('',(4.95,-7.6,6.1));
#785 = VECTOR('',#786,1.);
#786 = DIRECTION('',(-1.,1.224646799147E-16,0.));
#787 = ORIENTED_EDGE('',*,*,#788,.F.);
#788 = EDGE_CURVE('',#789,#781,#791,.T.);
#789 = VERTEX_POINT('',#790);
#790 = CARTESIAN_POINT('',(3.,-6.7,6.1));
#791 = LINE('',#792,#793);
#792 = CARTESIAN_POINT('',(3.,-6.7,6.1));
#793 = VECTOR('',#794,1.);
#794 = DIRECTION('',(1.242515477797E-16,-1.,1.110223024625E-16));
#795 = ORIENTED_EDGE('',*,*,#796,.F.);
#796 = EDGE_CURVE('',#797,#789,#799,.T.);
#797 = VERTEX_POINT('',#798);
#798 = CARTESIAN_POINT('',(2.75,-6.45,6.1));
#799 = LINE('',#800,#801);
#800 = CARTESIAN_POINT('',(2.75,-6.45,6.1));
#801 = VECTOR('',#802,1.);
#802 = DIRECTION('',(0.707106781187,-0.707106781187,7.850462293414E-17)
  );
#803 = ORIENTED_EDGE('',*,*,#804,.F.);
#804 = EDGE_CURVE('',#805,#797,#807,.T.);
#805 = VERTEX_POINT('',#806);
#806 = CARTESIAN_POINT('',(3.,-6.2,6.1));
#807 = LINE('',#808,#809);
#808 = CARTESIAN_POINT('',(3.,-6.2,6.1));
#809 = VECTOR('',#810,1.);
#810 = DIRECTION('',(-0.707106781187,-0.707106781187,7.850462293414E-17)
  );
#811 = ORIENTED_EDGE('',*,*,#812,.F.);
#812 = EDGE_CURVE('',#813,#805,#815,.T.);
#813 = VERTEX_POINT('',#814);
#814 = CARTESIAN_POINT('',(3.,-4.45,6.1));
#815 = LINE('',#816,#817);
#816 = CARTESIAN_POINT('',(3.,-3.7,6.1));
#817 = VECTOR('',#818,1.);
#818 = DIRECTION('',(-1.224646799147E-16,-1.,1.110223024625E-16));
#819 = ORIENTED_EDGE('',*,*,#820,.F.);
#820 = EDGE_CURVE('',#821,#813,#823,.T.);
#821 = VERTEX_POINT('',#822);
#822 = CARTESIAN_POINT('',(2.25,-3.7,6.1));
#823 = CIRCLE('',#824,0.75);
#824 = AXIS2_PLACEMENT_3D('',#825,#826,#827);
#825 = CARTESIAN_POINT('',(2.25,-4.45,6.1));
#826 = DIRECTION('',(-1.359631073447E-32,-1.110223024625E-16,-1.));
#827 = DIRECTION('',(-1.224646799147E-16,-1.,1.110223024625E-16));
#828 = ORIENTED_EDGE('',*,*,#829,.F.);
#829 = EDGE_CURVE('',#830,#821,#832,.T.);
#830 = VERTEX_POINT('',#831);
#831 = CARTESIAN_POINT('',(0.25,-3.7,6.1));
#832 = LINE('',#833,#834);
#833 = CARTESIAN_POINT('',(1.25,-3.7,6.1));
#834 = VECTOR('',#835,1.);
#835 = DIRECTION('',(1.,-1.224646799147E-16,0.));
#836 = ORIENTED_EDGE('',*,*,#837,.T.);
#837 = EDGE_CURVE('',#830,#838,#840,.T.);
#838 = VERTEX_POINT('',#839);
#839 = CARTESIAN_POINT('',(-0.5,-4.45,6.1));
#840 = CIRCLE('',#841,0.75);
#841 = AXIS2_PLACEMENT_3D('',#842,#843,#844);
#842 = CARTESIAN_POINT('',(0.25,-4.45,6.1));
#843 = DIRECTION('',(1.359631073447E-32,1.110223024625E-16,1.));
#844 = DIRECTION('',(-1.224646799147E-16,-1.,1.110223024625E-16));
#845 = ORIENTED_EDGE('',*,*,#846,.T.);
#846 = EDGE_CURVE('',#838,#847,#849,.T.);
#847 = VERTEX_POINT('',#848);
#848 = CARTESIAN_POINT('',(-0.5,-6.2,6.1));
#849 = LINE('',#850,#851);
#850 = CARTESIAN_POINT('',(-0.5,-3.7,6.1));
#851 = VECTOR('',#852,1.);
#852 = DIRECTION('',(-1.224646799147E-16,-1.,1.110223024625E-16));
#853 = ORIENTED_EDGE('',*,*,#854,.T.);
#854 = EDGE_CURVE('',#847,#855,#857,.T.);
#855 = VERTEX_POINT('',#856);
#856 = CARTESIAN_POINT('',(-0.25,-6.45,6.1));
#857 = LINE('',#858,#859);
#858 = CARTESIAN_POINT('',(-0.5,-6.2,6.1));
#859 = VECTOR('',#860,1.);
#860 = DIRECTION('',(0.707106781187,-0.707106781187,7.850462293414E-17)
  );
#861 = ORIENTED_EDGE('',*,*,#862,.T.);
#862 = EDGE_CURVE('',#855,#863,#865,.T.);
#863 = VERTEX_POINT('',#864);
#864 = CARTESIAN_POINT('',(-0.5,-6.7,6.1));
#865 = LINE('',#866,#867);
#866 = CARTESIAN_POINT('',(-0.25,-6.45,6.1));
#867 = VECTOR('',#868,1.);
#868 = DIRECTION('',(-0.707106781187,-0.707106781187,7.850462293414E-17)
  );
#869 = ORIENTED_EDGE('',*,*,#870,.T.);
#870 = EDGE_CURVE('',#863,#871,#873,.T.);
#871 = VERTEX_POINT('',#872);
#872 = CARTESIAN_POINT('',(-0.5,-7.6,6.1));
#873 = LINE('',#874,#875);
#874 = CARTESIAN_POINT('',(-0.5,-6.7,6.1));
#875 = VECTOR('',#876,1.);
#876 = DIRECTION('',(-1.224646799147E-16,-1.,1.110223024625E-16));
#877 = ORIENTED_EDGE('',*,*,#878,.T.);
#878 = EDGE_CURVE('',#871,#750,#879,.T.);
#879 = LINE('',#880,#881);
#880 = CARTESIAN_POINT('',(4.95,-7.6,6.1));
#881 = VECTOR('',#882,1.);
#882 = DIRECTION('',(-1.,1.224646799147E-16,0.));
#883 = ORIENTED_EDGE('',*,*,#757,.F.);
#884 = ORIENTED_EDGE('',*,*,#212,.F.);
#885 = ORIENTED_EDGE('',*,*,#242,.T.);
#886 = ORIENTED_EDGE('',*,*,#887,.F.);
#887 = EDGE_CURVE('',#309,#243,#888,.T.);
#888 = LINE('',#889,#890);
#889 = CARTESIAN_POINT('',(0.75,-1.6,6.1));
#890 = VECTOR('',#891,1.);
#891 = DIRECTION('',(-1.,1.224646799147E-16,0.));
#892 = ORIENTED_EDGE('',*,*,#306,.F.);
#893 = ORIENTED_EDGE('',*,*,#355,.F.);
#894 = ORIENTED_EDGE('',*,*,#370,.T.);
#895 = ORIENTED_EDGE('',*,*,#896,.F.);
#896 = EDGE_CURVE('',#437,#371,#897,.T.);
#897 = LINE('',#898,#899);
#898 = CARTESIAN_POINT('',(3.25,-1.6,6.1));
#899 = VECTOR('',#900,1.);
#900 = DIRECTION('',(-1.,1.224646799147E-16,0.));
#901 = ORIENTED_EDGE('',*,*,#434,.F.);
#902 = PLANE('',#903);
#903 = AXIS2_PLACEMENT_3D('',#904,#905,#906);
#904 = CARTESIAN_POINT('',(4.95,-0.6,6.1));
#905 = DIRECTION('',(-1.359631073447E-32,-1.110223024625E-16,-1.));
#906 = DIRECTION('',(-1.,1.224646799147E-16,6.927121900793E-45));
#907 = ADVANCED_FACE('',(#908),#919,.F.);
#908 = FACE_BOUND('',#909,.F.);
#909 = EDGE_LOOP('',(#910,#911,#912,#918));
#910 = ORIENTED_EDGE('',*,*,#887,.T.);
#911 = ORIENTED_EDGE('',*,*,#250,.T.);
#912 = ORIENTED_EDGE('',*,*,#913,.F.);
#913 = EDGE_CURVE('',#317,#251,#914,.T.);
#914 = LINE('',#915,#916);
#915 = CARTESIAN_POINT('',(0.75,-0.9,4.25));
#916 = VECTOR('',#917,1.);
#917 = DIRECTION('',(-1.,1.224646799147E-16,0.));
#918 = ORIENTED_EDGE('',*,*,#316,.F.);
#919 = PLANE('',#920);
#920 = AXIS2_PLACEMENT_3D('',#921,#922,#923);
#921 = CARTESIAN_POINT('',(0.75,-1.6,6.1));
#922 = DIRECTION('',(-1.14539532148E-16,-0.935286257456,-0.353892097416)
  );
#923 = DIRECTION('',(4.33392824344E-17,0.353892097416,-0.935286257456));
#924 = ADVANCED_FACE('',(#925,#931),#965,.F.);
#925 = FACE_BOUND('',#926,.F.);
#926 = EDGE_LOOP('',(#927,#928,#929,#930));
#927 = ORIENTED_EDGE('',*,*,#913,.T.);
#928 = ORIENTED_EDGE('',*,*,#258,.T.);
#929 = ORIENTED_EDGE('',*,*,#282,.F.);
#930 = ORIENTED_EDGE('',*,*,#324,.F.);
#931 = FACE_BOUND('',#932,.F.);
#932 = EDGE_LOOP('',(#933,#943,#951,#959));
#933 = ORIENTED_EDGE('',*,*,#934,.T.);
#934 = EDGE_CURVE('',#935,#937,#939,.T.);
#935 = VERTEX_POINT('',#936);
#936 = CARTESIAN_POINT('',(-0.32,-0.9,4.07));
#937 = VERTEX_POINT('',#938);
#938 = CARTESIAN_POINT('',(0.32,-0.9,4.07));
#939 = LINE('',#940,#941);
#940 = CARTESIAN_POINT('',(0.535,-0.9,4.07));
#941 = VECTOR('',#942,1.);
#942 = DIRECTION('',(1.,-1.224646799147E-16,0.));
#943 = ORIENTED_EDGE('',*,*,#944,.T.);
#944 = EDGE_CURVE('',#937,#945,#947,.T.);
#945 = VERTEX_POINT('',#946);
#946 = CARTESIAN_POINT('',(0.32,-0.9,3.43));
#947 = LINE('',#948,#949);
#948 = CARTESIAN_POINT('',(0.32,-0.9,3.059280765957));
#949 = VECTOR('',#950,1.);
#950 = DIRECTION('',(-1.359631073447E-32,-1.110223024625E-16,-1.));
#951 = ORIENTED_EDGE('',*,*,#952,.T.);
#952 = EDGE_CURVE('',#945,#953,#955,.T.);
#953 = VERTEX_POINT('',#954);
#954 = CARTESIAN_POINT('',(-0.32,-0.9,3.43));
#955 = LINE('',#956,#957);
#956 = CARTESIAN_POINT('',(0.535,-0.9,3.43));
#957 = VECTOR('',#958,1.);
#958 = DIRECTION('',(-1.,1.224646799147E-16,0.));
#959 = ORIENTED_EDGE('',*,*,#960,.F.);
#960 = EDGE_CURVE('',#935,#953,#961,.T.);
#961 = LINE('',#962,#963);
#962 = CARTESIAN_POINT('',(-0.32,-0.9,3.059280765957));
#963 = VECTOR('',#964,1.);
#964 = DIRECTION('',(-1.359631073447E-32,-1.110223024625E-16,-1.));
#965 = PLANE('',#966);
#966 = AXIS2_PLACEMENT_3D('',#967,#968,#969);
#967 = CARTESIAN_POINT('',(0.75,-0.9,4.25));
#968 = DIRECTION('',(-1.224646799147E-16,-1.,1.110223024625E-16));
#969 = DIRECTION('',(-1.359631073447E-32,-1.110223024625E-16,-1.));
#970 = ADVANCED_FACE('',(#971),#982,.F.);
#971 = FACE_BOUND('',#972,.F.);
#972 = EDGE_LOOP('',(#973,#974,#975,#981));
#973 = ORIENTED_EDGE('',*,*,#896,.T.);
#974 = ORIENTED_EDGE('',*,*,#378,.T.);
#975 = ORIENTED_EDGE('',*,*,#976,.F.);
#976 = EDGE_CURVE('',#445,#379,#977,.T.);
#977 = LINE('',#978,#979);
#978 = CARTESIAN_POINT('',(3.25,-0.9,4.25));
#979 = VECTOR('',#980,1.);
#980 = DIRECTION('',(-1.,1.224646799147E-16,0.));
#981 = ORIENTED_EDGE('',*,*,#444,.F.);
#982 = PLANE('',#983);
#983 = AXIS2_PLACEMENT_3D('',#984,#985,#986);
#984 = CARTESIAN_POINT('',(3.25,-1.6,6.1));
#985 = DIRECTION('',(-1.14539532148E-16,-0.935286257456,-0.353892097416)
  );
#986 = DIRECTION('',(4.33392824344E-17,0.353892097416,-0.935286257456));
#987 = ADVANCED_FACE('',(#988,#994),#1028,.F.);
#988 = FACE_BOUND('',#989,.F.);
#989 = EDGE_LOOP('',(#990,#991,#992,#993));
#990 = ORIENTED_EDGE('',*,*,#976,.T.);
#991 = ORIENTED_EDGE('',*,*,#386,.T.);
#992 = ORIENTED_EDGE('',*,*,#410,.F.);
#993 = ORIENTED_EDGE('',*,*,#452,.F.);
#994 = FACE_BOUND('',#995,.F.);
#995 = EDGE_LOOP('',(#996,#1006,#1014,#1022));
#996 = ORIENTED_EDGE('',*,*,#997,.F.);
#997 = EDGE_CURVE('',#998,#1000,#1002,.T.);
#998 = VERTEX_POINT('',#999);
#999 = CARTESIAN_POINT('',(2.18,-0.9,4.07));
#1000 = VERTEX_POINT('',#1001);
#1001 = CARTESIAN_POINT('',(2.18,-0.9,3.43));
#1002 = LINE('',#1003,#1004);
#1003 = CARTESIAN_POINT('',(2.18,-0.9,3.059280765957));
#1004 = VECTOR('',#1005,1.);
#1005 = DIRECTION('',(-1.359631073447E-32,-1.110223024625E-16,-1.));
#1006 = ORIENTED_EDGE('',*,*,#1007,.T.);
#1007 = EDGE_CURVE('',#998,#1008,#1010,.T.);
#1008 = VERTEX_POINT('',#1009);
#1009 = CARTESIAN_POINT('',(2.82,-0.9,4.07));
#1010 = LINE('',#1011,#1012);
#1011 = CARTESIAN_POINT('',(3.035,-0.9,4.07));
#1012 = VECTOR('',#1013,1.);
#1013 = DIRECTION('',(1.,-1.224646799147E-16,0.));
#1014 = ORIENTED_EDGE('',*,*,#1015,.T.);
#1015 = EDGE_CURVE('',#1008,#1016,#1018,.T.);
#1016 = VERTEX_POINT('',#1017);
#1017 = CARTESIAN_POINT('',(2.82,-0.9,3.43));
#1018 = LINE('',#1019,#1020);
#1019 = CARTESIAN_POINT('',(2.82,-0.9,3.059280765957));
#1020 = VECTOR('',#1021,1.);
#1021 = DIRECTION('',(-1.359631073447E-32,-1.110223024625E-16,-1.));
#1022 = ORIENTED_EDGE('',*,*,#1023,.T.);
#1023 = EDGE_CURVE('',#1016,#1000,#1024,.T.);
#1024 = LINE('',#1025,#1026);
#1025 = CARTESIAN_POINT('',(3.035,-0.9,3.43));
#1026 = VECTOR('',#1027,1.);
#1027 = DIRECTION('',(-1.,1.224646799147E-16,0.));
#1028 = PLANE('',#1029);
#1029 = AXIS2_PLACEMENT_3D('',#1030,#1031,#1032);
#1030 = CARTESIAN_POINT('',(3.25,-0.9,4.25));
#1031 = DIRECTION('',(-1.224646799147E-16,-1.,1.110223024625E-16));
#1032 = DIRECTION('',(-1.359631073447E-32,-1.110223024625E-16,-1.));
#1033 = ADVANCED_FACE('',(#1034),#1052,.F.);
#1034 = FACE_BOUND('',#1035,.F.);
#1035 = EDGE_LOOP('',(#1036,#1037,#1038,#1046));
#1036 = ORIENTED_EDGE('',*,*,#474,.T.);
#1037 = ORIENTED_EDGE('',*,*,#515,.T.);
#1038 = ORIENTED_EDGE('',*,*,#1039,.F.);
#1039 = EDGE_CURVE('',#1040,#516,#1042,.T.);
#1040 = VERTEX_POINT('',#1041);
#1041 = CARTESIAN_POINT('',(4.95,3.9,2.85));
#1042 = LINE('',#1043,#1044);
#1043 = CARTESIAN_POINT('',(4.95,3.9,2.85));
#1044 = VECTOR('',#1045,1.);
#1045 = DIRECTION('',(-1.,1.224646799147E-16,0.));
#1046 = ORIENTED_EDGE('',*,*,#1047,.F.);
#1047 = EDGE_CURVE('',#475,#1040,#1048,.T.);
#1048 = LINE('',#1049,#1050);
#1049 = CARTESIAN_POINT('',(4.95,-0.6,5.35));
#1050 = VECTOR('',#1051,1.);
#1051 = DIRECTION('',(1.070533910153E-16,0.874157276121,-0.485642931179)
  );
#1052 = PLANE('',#1053);
#1053 = AXIS2_PLACEMENT_3D('',#1054,#1055,#1056);
#1054 = CARTESIAN_POINT('',(4.95,-0.6,5.35));
#1055 = DIRECTION('',(-5.947410611962E-17,-0.485642931179,
    -0.874157276121));
#1056 = DIRECTION('',(1.070533910153E-16,0.874157276121,-0.485642931179)
  );
#1057 = ADVANCED_FACE('',(#1058),#1117,.T.);
#1058 = FACE_BOUND('',#1059,.T.);
#1059 = EDGE_LOOP('',(#1060,#1061,#1069,#1075,#1076,#1077,#1078,#1086,
    #1094,#1103,#1111));
#1060 = ORIENTED_EDGE('',*,*,#604,.F.);
#1061 = ORIENTED_EDGE('',*,*,#1062,.F.);
#1062 = EDGE_CURVE('',#1063,#597,#1065,.T.);
#1063 = VERTEX_POINT('',#1064);
#1064 = CARTESIAN_POINT('',(4.95,3.9,0.));
#1065 = LINE('',#1066,#1067);
#1066 = CARTESIAN_POINT('',(4.95,3.9,0.));
#1067 = VECTOR('',#1068,1.);
#1068 = DIRECTION('',(-1.224646799147E-16,-1.,0.));
#1069 = ORIENTED_EDGE('',*,*,#1070,.F.);
#1070 = EDGE_CURVE('',#1040,#1063,#1071,.T.);
#1071 = LINE('',#1072,#1073);
#1072 = CARTESIAN_POINT('',(4.95,3.9,2.85));
#1073 = VECTOR('',#1074,1.);
#1074 = DIRECTION('',(-0.,0.,-1.));
#1075 = ORIENTED_EDGE('',*,*,#1047,.F.);
#1076 = ORIENTED_EDGE('',*,*,#484,.T.);
#1077 = ORIENTED_EDGE('',*,*,#772,.T.);
#1078 = ORIENTED_EDGE('',*,*,#1079,.F.);
#1079 = EDGE_CURVE('',#1080,#773,#1082,.T.);
#1080 = VERTEX_POINT('',#1081);
#1081 = CARTESIAN_POINT('',(4.95,-7.6,5.25));
#1082 = LINE('',#1083,#1084);
#1083 = CARTESIAN_POINT('',(4.95,-7.6,0.35));
#1084 = VECTOR('',#1085,1.);
#1085 = DIRECTION('',(1.359631073447E-32,1.110223024625E-16,1.));
#1086 = ORIENTED_EDGE('',*,*,#1087,.T.);
#1087 = EDGE_CURVE('',#1080,#1088,#1090,.T.);
#1088 = VERTEX_POINT('',#1089);
#1089 = CARTESIAN_POINT('',(4.95,-4.75,5.25));
#1090 = LINE('',#1091,#1092);
#1091 = CARTESIAN_POINT('',(4.95,-7.6,5.25));
#1092 = VECTOR('',#1093,1.);
#1093 = DIRECTION('',(1.224646799147E-16,1.,-1.110223024625E-16));
#1094 = ORIENTED_EDGE('',*,*,#1095,.T.);
#1095 = EDGE_CURVE('',#1088,#1096,#1098,.T.);
#1096 = VERTEX_POINT('',#1097);
#1097 = CARTESIAN_POINT('',(4.95,-4.25,4.75));
#1098 = CIRCLE('',#1099,0.5);
#1099 = AXIS2_PLACEMENT_3D('',#1100,#1101,#1102);
#1100 = CARTESIAN_POINT('',(4.95,-4.75,4.75));
#1101 = DIRECTION('',(-1.,1.224646799147E-16,0.));
#1102 = DIRECTION('',(1.359631073446E-32,1.110223024625E-16,1.));
#1103 = ORIENTED_EDGE('',*,*,#1104,.T.);
#1104 = EDGE_CURVE('',#1096,#1105,#1107,.T.);
#1105 = VERTEX_POINT('',#1106);
#1106 = CARTESIAN_POINT('',(4.95,-4.25,4.25));
#1107 = LINE('',#1108,#1109);
#1108 = CARTESIAN_POINT('',(4.95,-4.25,4.75));
#1109 = VECTOR('',#1110,1.);
#1110 = DIRECTION('',(-1.359631073447E-32,-1.110223024625E-16,-1.));
#1111 = ORIENTED_EDGE('',*,*,#1112,.T.);
#1112 = EDGE_CURVE('',#1105,#605,#1113,.T.);
#1113 = LINE('',#1114,#1115);
#1114 = CARTESIAN_POINT('',(4.95,-4.25,4.25));
#1115 = VECTOR('',#1116,1.);
#1116 = DIRECTION('',(-1.224646799147E-16,-1.,1.110223024625E-16));
#1117 = PLANE('',#1118);
#1118 = AXIS2_PLACEMENT_3D('',#1119,#1120,#1121);
#1119 = CARTESIAN_POINT('',(4.95,-2.827303270929,3.048284071859));
#1120 = DIRECTION('',(1.,-1.224646799147E-16,6.832876517433E-32));
#1121 = DIRECTION('',(6.832876517433E-32,-8.367860356044E-48,-1.));
#1122 = ADVANCED_FACE('',(#1123),#1134,.F.);
#1123 = FACE_BOUND('',#1124,.F.);
#1124 = EDGE_LOOP('',(#1125,#1126,#1127,#1133));
#1125 = ORIENTED_EDGE('',*,*,#1039,.T.);
#1126 = ORIENTED_EDGE('',*,*,#523,.T.);
#1127 = ORIENTED_EDGE('',*,*,#1128,.F.);
#1128 = EDGE_CURVE('',#1063,#524,#1129,.T.);
#1129 = LINE('',#1130,#1131);
#1130 = CARTESIAN_POINT('',(4.95,3.9,0.));
#1131 = VECTOR('',#1132,1.);
#1132 = DIRECTION('',(-1.,1.224646799147E-16,0.));
#1133 = ORIENTED_EDGE('',*,*,#1070,.F.);
#1134 = PLANE('',#1135);
#1135 = AXIS2_PLACEMENT_3D('',#1136,#1137,#1138);
#1136 = CARTESIAN_POINT('',(4.95,3.9,2.85));
#1137 = DIRECTION('',(-1.224646799147E-16,-1.,0.));
#1138 = DIRECTION('',(-0.,0.,-1.));
#1139 = ADVANCED_FACE('',(#1140),#1146,.F.);
#1140 = FACE_BOUND('',#1141,.F.);
#1141 = EDGE_LOOP('',(#1142,#1143,#1144,#1145));
#1142 = ORIENTED_EDGE('',*,*,#1128,.T.);
#1143 = ORIENTED_EDGE('',*,*,#531,.T.);
#1144 = ORIENTED_EDGE('',*,*,#596,.F.);
#1145 = ORIENTED_EDGE('',*,*,#1062,.F.);
#1146 = PLANE('',#1147);
#1147 = AXIS2_PLACEMENT_3D('',#1148,#1149,#1150);
#1148 = CARTESIAN_POINT('',(4.95,3.9,0.));
#1149 = DIRECTION('',(0.,0.,1.));
#1150 = DIRECTION('',(-1.224646799147E-16,-1.,0.));
#1151 = ADVANCED_FACE('',(#1152),#1177,.F.);
#1152 = FACE_BOUND('',#1153,.T.);
#1153 = EDGE_LOOP('',(#1154,#1162,#1163,#1171));
#1154 = ORIENTED_EDGE('',*,*,#1155,.F.);
#1155 = EDGE_CURVE('',#555,#1156,#1158,.T.);
#1156 = VERTEX_POINT('',#1157);
#1157 = CARTESIAN_POINT('',(-1.6,-7.4,4.25));
#1158 = LINE('',#1159,#1160);
#1159 = CARTESIAN_POINT('',(0.775,-5.025,4.25));
#1160 = VECTOR('',#1161,1.);
#1161 = DIRECTION('',(0.707106781187,0.707106781187,-7.850462293414E-17)
  );
#1162 = ORIENTED_EDGE('',*,*,#554,.T.);
#1163 = ORIENTED_EDGE('',*,*,#1164,.T.);
#1164 = EDGE_CURVE('',#557,#1165,#1167,.T.);
#1165 = VERTEX_POINT('',#1166);
#1166 = CARTESIAN_POINT('',(-1.6,-7.4,1.1));
#1167 = LINE('',#1168,#1169);
#1168 = CARTESIAN_POINT('',(-1.141666666667,-6.941666666667,
    1.558333333333));
#1169 = VECTOR('',#1170,1.);
#1170 = DIRECTION('',(0.57735026919,0.57735026919,0.57735026919));
#1171 = ORIENTED_EDGE('',*,*,#1172,.F.);
#1172 = EDGE_CURVE('',#1156,#1165,#1173,.T.);
#1173 = LINE('',#1174,#1175);
#1174 = CARTESIAN_POINT('',(-1.6,-7.4,4.25));
#1175 = VECTOR('',#1176,1.);
#1176 = DIRECTION('',(-1.359631073447E-32,-1.110223024625E-16,-1.));
#1177 = PLANE('',#1178);
#1178 = AXIS2_PLACEMENT_3D('',#1179,#1180,#1181);
#1179 = CARTESIAN_POINT('',(-1.7,-7.5,4.25));
#1180 = DIRECTION('',(-0.707106781187,0.707106781187,-7.850462293414E-17
    ));
#1181 = DIRECTION('',(2.682127077751E-29,1.110223024625E-16,1.));
#1182 = ADVANCED_FACE('',(#1183),#1202,.T.);
#1183 = FACE_BOUND('',#1184,.T.);
#1184 = EDGE_LOOP('',(#1185,#1193,#1199,#1200,#1201));
#1185 = ORIENTED_EDGE('',*,*,#1186,.T.);
#1186 = EDGE_CURVE('',#1156,#1187,#1189,.T.);
#1187 = VERTEX_POINT('',#1188);
#1188 = CARTESIAN_POINT('',(-1.6,-4.25,4.25));
#1189 = LINE('',#1190,#1191);
#1190 = CARTESIAN_POINT('',(-1.6,-5.925,4.25));
#1191 = VECTOR('',#1192,1.);
#1192 = DIRECTION('',(1.224646799147E-16,1.,-1.110223024625E-16));
#1193 = ORIENTED_EDGE('',*,*,#1194,.T.);
#1194 = EDGE_CURVE('',#1187,#717,#1195,.T.);
#1195 = LINE('',#1196,#1197);
#1196 = CARTESIAN_POINT('',(4.95,-4.25,4.25));
#1197 = VECTOR('',#1198,1.);
#1198 = DIRECTION('',(-1.,1.224646799147E-16,0.));
#1199 = ORIENTED_EDGE('',*,*,#716,.T.);
#1200 = ORIENTED_EDGE('',*,*,#564,.F.);
#1201 = ORIENTED_EDGE('',*,*,#1155,.T.);
#1202 = PLANE('',#1203);
#1203 = AXIS2_PLACEMENT_3D('',#1204,#1205,#1206);
#1204 = CARTESIAN_POINT('',(4.95,-4.25,4.25));
#1205 = DIRECTION('',(1.359631073447E-32,1.110223024625E-16,1.));
#1206 = DIRECTION('',(-1.224646799147E-16,-1.,1.110223024625E-16));
#1207 = ADVANCED_FACE('',(#1208),#1219,.F.);
#1208 = FACE_BOUND('',#1209,.F.);
#1209 = EDGE_LOOP('',(#1210,#1216,#1217,#1218));
#1210 = ORIENTED_EDGE('',*,*,#1211,.T.);
#1211 = EDGE_CURVE('',#652,#702,#1212,.T.);
#1212 = LINE('',#1213,#1214);
#1213 = CARTESIAN_POINT('',(-1.95,3.9,0.));
#1214 = VECTOR('',#1215,1.);
#1215 = DIRECTION('',(-1.,1.224646799147E-16,0.));
#1216 = ORIENTED_EDGE('',*,*,#709,.T.);
#1217 = ORIENTED_EDGE('',*,*,#580,.F.);
#1218 = ORIENTED_EDGE('',*,*,#659,.F.);
#1219 = PLANE('',#1220);
#1220 = AXIS2_PLACEMENT_3D('',#1221,#1222,#1223);
#1221 = CARTESIAN_POINT('',(-1.95,3.9,0.));
#1222 = DIRECTION('',(0.,0.,1.));
#1223 = DIRECTION('',(-1.224646799147E-16,-1.,0.));
#1224 = ADVANCED_FACE('',(#1225),#1251,.T.);
#1225 = FACE_BOUND('',#1226,.T.);
#1226 = EDGE_LOOP('',(#1227,#1228,#1229,#1237,#1245));
#1227 = ORIENTED_EDGE('',*,*,#612,.F.);
#1228 = ORIENTED_EDGE('',*,*,#1112,.F.);
#1229 = ORIENTED_EDGE('',*,*,#1230,.T.);
#1230 = EDGE_CURVE('',#1105,#1231,#1233,.T.);
#1231 = VERTEX_POINT('',#1232);
#1232 = CARTESIAN_POINT('',(4.1,-4.25,4.25));
#1233 = LINE('',#1234,#1235);
#1234 = CARTESIAN_POINT('',(4.95,-4.25,4.25));
#1235 = VECTOR('',#1236,1.);
#1236 = DIRECTION('',(-1.,1.224646799147E-16,0.));
#1237 = ORIENTED_EDGE('',*,*,#1238,.T.);
#1238 = EDGE_CURVE('',#1231,#1239,#1241,.T.);
#1239 = VERTEX_POINT('',#1240);
#1240 = CARTESIAN_POINT('',(4.1,-7.4,4.25));
#1241 = LINE('',#1242,#1243);
#1242 = CARTESIAN_POINT('',(4.1,-5.925,4.25));
#1243 = VECTOR('',#1244,1.);
#1244 = DIRECTION('',(-1.224646799147E-16,-1.,1.110223024625E-16));
#1245 = ORIENTED_EDGE('',*,*,#1246,.F.);
#1246 = EDGE_CURVE('',#613,#1239,#1247,.T.);
#1247 = LINE('',#1248,#1249);
#1248 = CARTESIAN_POINT('',(3.575,-6.875,4.25));
#1249 = VECTOR('',#1250,1.);
#1250 = DIRECTION('',(-0.707106781187,0.707106781187,-7.850462293414E-17
    ));
#1251 = PLANE('',#1252);
#1252 = AXIS2_PLACEMENT_3D('',#1253,#1254,#1255);
#1253 = CARTESIAN_POINT('',(4.95,-4.25,4.25));
#1254 = DIRECTION('',(1.359631073447E-32,1.110223024625E-16,1.));
#1255 = DIRECTION('',(-1.224646799147E-16,-1.,1.110223024625E-16));
#1256 = ADVANCED_FACE('',(#1257),#1275,.F.);
#1257 = FACE_BOUND('',#1258,.T.);
#1258 = EDGE_LOOP('',(#1259,#1267,#1268,#1269));
#1259 = ORIENTED_EDGE('',*,*,#1260,.F.);
#1260 = EDGE_CURVE('',#621,#1261,#1263,.T.);
#1261 = VERTEX_POINT('',#1262);
#1262 = CARTESIAN_POINT('',(4.1,-7.4,1.1));
#1263 = LINE('',#1264,#1265);
#1264 = CARTESIAN_POINT('',(3.216666666667,-6.516666666667,
    1.983333333333));
#1265 = VECTOR('',#1266,1.);
#1266 = DIRECTION('',(-0.57735026919,0.57735026919,0.57735026919));
#1267 = ORIENTED_EDGE('',*,*,#620,.T.);
#1268 = ORIENTED_EDGE('',*,*,#1246,.T.);
#1269 = ORIENTED_EDGE('',*,*,#1270,.F.);
#1270 = EDGE_CURVE('',#1261,#1239,#1271,.T.);
#1271 = LINE('',#1272,#1273);
#1272 = CARTESIAN_POINT('',(4.1,-7.4,1.1));
#1273 = VECTOR('',#1274,1.);
#1274 = DIRECTION('',(1.359631073447E-32,1.110223024625E-16,1.));
#1275 = PLANE('',#1276);
#1276 = AXIS2_PLACEMENT_3D('',#1277,#1278,#1279);
#1277 = CARTESIAN_POINT('',(4.2,-7.5,1.1));
#1278 = DIRECTION('',(0.707106781187,0.707106781187,-7.850462293414E-17)
  );
#1279 = DIRECTION('',(2.680278185005E-29,-1.110223024625E-16,-1.));
#1280 = ADVANCED_FACE('',(#1281),#1292,.F.);
#1281 = FACE_BOUND('',#1282,.T.);
#1282 = EDGE_LOOP('',(#1283,#1284,#1285,#1286));
#1283 = ORIENTED_EDGE('',*,*,#1164,.F.);
#1284 = ORIENTED_EDGE('',*,*,#628,.T.);
#1285 = ORIENTED_EDGE('',*,*,#1260,.T.);
#1286 = ORIENTED_EDGE('',*,*,#1287,.F.);
#1287 = EDGE_CURVE('',#1165,#1261,#1288,.T.);
#1288 = LINE('',#1289,#1290);
#1289 = CARTESIAN_POINT('',(-1.6,-7.4,1.1));
#1290 = VECTOR('',#1291,1.);
#1291 = DIRECTION('',(1.,-1.224646799147E-16,0.));
#1292 = PLANE('',#1293);
#1293 = AXIS2_PLACEMENT_3D('',#1294,#1295,#1296);
#1294 = CARTESIAN_POINT('',(-1.6,-7.5,1.));
#1295 = DIRECTION('',(8.659560562349E-17,0.707106781187,-0.707106781187)
  );
#1296 = DIRECTION('',(-1.,1.224646799147E-16,2.105272540809E-29));
#1297 = ADVANCED_FACE('',(#1298),#1304,.F.);
#1298 = FACE_BOUND('',#1299,.F.);
#1299 = EDGE_LOOP('',(#1300,#1301,#1302,#1303));
#1300 = ORIENTED_EDGE('',*,*,#684,.T.);
#1301 = ORIENTED_EDGE('',*,*,#701,.T.);
#1302 = ORIENTED_EDGE('',*,*,#1211,.F.);
#1303 = ORIENTED_EDGE('',*,*,#651,.F.);
#1304 = PLANE('',#1305);
#1305 = AXIS2_PLACEMENT_3D('',#1306,#1307,#1308);
#1306 = CARTESIAN_POINT('',(-1.95,3.9,2.85));
#1307 = DIRECTION('',(-1.224646799147E-16,-1.,0.));
#1308 = DIRECTION('',(-0.,0.,-1.));
#1309 = ADVANCED_FACE('',(#1310),#1328,.T.);
#1310 = FACE_BOUND('',#1311,.T.);
#1311 = EDGE_LOOP('',(#1312,#1320,#1326,#1327));
#1312 = ORIENTED_EDGE('',*,*,#1313,.T.);
#1313 = EDGE_CURVE('',#1187,#1314,#1316,.T.);
#1314 = VERTEX_POINT('',#1315);
#1315 = CARTESIAN_POINT('',(-1.6,-4.25,4.75));
#1316 = LINE('',#1317,#1318);
#1317 = CARTESIAN_POINT('',(-1.6,-4.25,5.));
#1318 = VECTOR('',#1319,1.);
#1319 = DIRECTION('',(1.359631073447E-32,1.110223024625E-16,1.));
#1320 = ORIENTED_EDGE('',*,*,#1321,.T.);
#1321 = EDGE_CURVE('',#1314,#725,#1322,.T.);
#1322 = LINE('',#1323,#1324);
#1323 = CARTESIAN_POINT('',(4.95,-4.25,4.75));
#1324 = VECTOR('',#1325,1.);
#1325 = DIRECTION('',(-1.,1.224646799147E-16,0.));
#1326 = ORIENTED_EDGE('',*,*,#724,.T.);
#1327 = ORIENTED_EDGE('',*,*,#1194,.F.);
#1328 = PLANE('',#1329);
#1329 = AXIS2_PLACEMENT_3D('',#1330,#1331,#1332);
#1330 = CARTESIAN_POINT('',(4.95,-4.25,4.75));
#1331 = DIRECTION('',(-1.224646799147E-16,-1.,1.110223024625E-16));
#1332 = DIRECTION('',(-1.359631073447E-32,-1.110223024625E-16,-1.));
#1333 = ADVANCED_FACE('',(#1334),#1353,.F.);
#1334 = FACE_BOUND('',#1335,.F.);
#1335 = EDGE_LOOP('',(#1336,#1337,#1338,#1346));
#1336 = ORIENTED_EDGE('',*,*,#1321,.T.);
#1337 = ORIENTED_EDGE('',*,*,#732,.T.);
#1338 = ORIENTED_EDGE('',*,*,#1339,.F.);
#1339 = EDGE_CURVE('',#1340,#733,#1342,.T.);
#1340 = VERTEX_POINT('',#1341);
#1341 = CARTESIAN_POINT('',(-1.6,-4.75,5.25));
#1342 = LINE('',#1343,#1344);
#1343 = CARTESIAN_POINT('',(4.95,-4.75,5.25));
#1344 = VECTOR('',#1345,1.);
#1345 = DIRECTION('',(-1.,1.224646799147E-16,0.));
#1346 = ORIENTED_EDGE('',*,*,#1347,.F.);
#1347 = EDGE_CURVE('',#1314,#1340,#1348,.T.);
#1348 = CIRCLE('',#1349,0.5);
#1349 = AXIS2_PLACEMENT_3D('',#1350,#1351,#1352);
#1350 = CARTESIAN_POINT('',(-1.6,-4.75,4.75));
#1351 = DIRECTION('',(1.,-1.224646799147E-16,0.));
#1352 = DIRECTION('',(1.359631073446E-32,1.110223024625E-16,1.));
#1353 = CYLINDRICAL_SURFACE('',#1354,0.5);
#1354 = AXIS2_PLACEMENT_3D('',#1355,#1356,#1357);
#1355 = CARTESIAN_POINT('',(4.95,-4.75,4.75));
#1356 = DIRECTION('',(1.,-1.224646799147E-16,0.));
#1357 = DIRECTION('',(1.359631073446E-32,1.110223024625E-16,1.));
#1358 = ADVANCED_FACE('',(#1359),#1498,.T.);
#1359 = FACE_BOUND('',#1360,.T.);
#1360 = EDGE_LOOP('',(#1361,#1362,#1370,#1378,#1386,#1394,#1402,#1411,
    #1419,#1428,#1436,#1444,#1452,#1460,#1466,#1467,#1468,#1476,#1484,
    #1492));
#1361 = ORIENTED_EDGE('',*,*,#1087,.F.);
#1362 = ORIENTED_EDGE('',*,*,#1363,.T.);
#1363 = EDGE_CURVE('',#1080,#1364,#1366,.T.);
#1364 = VERTEX_POINT('',#1365);
#1365 = CARTESIAN_POINT('',(3.,-7.6,5.25));
#1366 = LINE('',#1367,#1368);
#1367 = CARTESIAN_POINT('',(4.95,-7.6,5.25));
#1368 = VECTOR('',#1369,1.);
#1369 = DIRECTION('',(-1.,1.224646799147E-16,0.));
#1370 = ORIENTED_EDGE('',*,*,#1371,.T.);
#1371 = EDGE_CURVE('',#1364,#1372,#1374,.T.);
#1372 = VERTEX_POINT('',#1373);
#1373 = CARTESIAN_POINT('',(3.,-6.7,5.25));
#1374 = LINE('',#1375,#1376);
#1375 = CARTESIAN_POINT('',(3.,-5.940388446215,5.25));
#1376 = VECTOR('',#1377,1.);
#1377 = DIRECTION('',(-1.242515477797E-16,1.,-2.714993636837E-17));
#1378 = ORIENTED_EDGE('',*,*,#1379,.T.);
#1379 = EDGE_CURVE('',#1372,#1380,#1382,.T.);
#1380 = VERTEX_POINT('',#1381);
#1381 = CARTESIAN_POINT('',(2.75,-6.45,5.25));
#1382 = LINE('',#1383,#1384);
#1383 = CARTESIAN_POINT('',(2.057694223108,-5.757694223108,5.25));
#1384 = VECTOR('',#1385,1.);
#1385 = DIRECTION('',(-0.707106781187,0.707106781187,-1.919790411485E-17
    ));
#1386 = ORIENTED_EDGE('',*,*,#1387,.T.);
#1387 = EDGE_CURVE('',#1380,#1388,#1390,.T.);
#1388 = VERTEX_POINT('',#1389);
#1389 = CARTESIAN_POINT('',(3.,-6.2,5.25));
#1390 = LINE('',#1391,#1392);
#1391 = CARTESIAN_POINT('',(2.817305776892,-6.382694223108,5.25));
#1392 = VECTOR('',#1393,1.);
#1393 = DIRECTION('',(0.707106781187,0.707106781187,-1.919790411485E-17)
  );
#1394 = ORIENTED_EDGE('',*,*,#1395,.T.);
#1395 = EDGE_CURVE('',#1388,#1396,#1398,.T.);
#1396 = VERTEX_POINT('',#1397);
#1397 = CARTESIAN_POINT('',(3.,-4.45,5.25));
#1398 = LINE('',#1399,#1400);
#1399 = CARTESIAN_POINT('',(3.,-4.440388446215,5.25));
#1400 = VECTOR('',#1401,1.);
#1401 = DIRECTION('',(1.224646799147E-16,1.,-2.714993636837E-17));
#1402 = ORIENTED_EDGE('',*,*,#1403,.F.);
#1403 = EDGE_CURVE('',#1404,#1396,#1406,.T.);
#1404 = VERTEX_POINT('',#1405);
#1405 = CARTESIAN_POINT('',(2.25,-3.7,5.25));
#1406 = CIRCLE('',#1407,0.75);
#1407 = AXIS2_PLACEMENT_3D('',#1408,#1409,#1410);
#1408 = CARTESIAN_POINT('',(2.25,-4.45,5.25));
#1409 = DIRECTION('',(-1.359631073447E-32,-1.110223024625E-16,-1.));
#1410 = DIRECTION('',(1.224646799147E-16,1.,-1.110223024625E-16));
#1411 = ORIENTED_EDGE('',*,*,#1412,.F.);
#1412 = EDGE_CURVE('',#1413,#1404,#1415,.T.);
#1413 = VERTEX_POINT('',#1414);
#1414 = CARTESIAN_POINT('',(0.25,-3.7,5.25));
#1415 = LINE('',#1416,#1417);
#1416 = CARTESIAN_POINT('',(1.25,-3.7,5.25));
#1417 = VECTOR('',#1418,1.);
#1418 = DIRECTION('',(1.,-1.224646799147E-16,5.884600603669E-33));
#1419 = ORIENTED_EDGE('',*,*,#1420,.F.);
#1420 = EDGE_CURVE('',#1421,#1413,#1423,.T.);
#1421 = VERTEX_POINT('',#1422);
#1422 = CARTESIAN_POINT('',(-0.5,-4.45,5.25));
#1423 = CIRCLE('',#1424,0.75);
#1424 = AXIS2_PLACEMENT_3D('',#1425,#1426,#1427);
#1425 = CARTESIAN_POINT('',(0.25,-4.45,5.25));
#1426 = DIRECTION('',(-1.359631073447E-32,-1.110223024625E-16,-1.));
#1427 = DIRECTION('',(1.224646799147E-16,1.,-1.110223024625E-16));
#1428 = ORIENTED_EDGE('',*,*,#1429,.F.);
#1429 = EDGE_CURVE('',#1430,#1421,#1432,.T.);
#1430 = VERTEX_POINT('',#1431);
#1431 = CARTESIAN_POINT('',(-0.5,-6.2,5.25));
#1432 = LINE('',#1433,#1434);
#1433 = CARTESIAN_POINT('',(-0.5,-4.440388446215,5.25));
#1434 = VECTOR('',#1435,1.);
#1435 = DIRECTION('',(1.224646799147E-16,1.,-2.714993636837E-17));
#1436 = ORIENTED_EDGE('',*,*,#1437,.F.);
#1437 = EDGE_CURVE('',#1438,#1430,#1440,.T.);
#1438 = VERTEX_POINT('',#1439);
#1439 = CARTESIAN_POINT('',(-0.25,-6.45,5.25));
#1440 = LINE('',#1441,#1442);
#1441 = CARTESIAN_POINT('',(-0.317305776892,-6.382694223108,5.25));
#1442 = VECTOR('',#1443,1.);
#1443 = DIRECTION('',(-0.707106781187,0.707106781187,-1.919790411485E-17
    ));
#1444 = ORIENTED_EDGE('',*,*,#1445,.F.);
#1445 = EDGE_CURVE('',#1446,#1438,#1448,.T.);
#1446 = VERTEX_POINT('',#1447);
#1447 = CARTESIAN_POINT('',(-0.5,-6.7,5.25));
#1448 = LINE('',#1449,#1450);
#1449 = CARTESIAN_POINT('',(0.442305776892,-5.757694223108,5.25));
#1450 = VECTOR('',#1451,1.);
#1451 = DIRECTION('',(0.707106781187,0.707106781187,-1.919790411485E-17)
  );
#1452 = ORIENTED_EDGE('',*,*,#1453,.F.);
#1453 = EDGE_CURVE('',#1454,#1446,#1456,.T.);
#1454 = VERTEX_POINT('',#1455);
#1455 = CARTESIAN_POINT('',(-0.5,-7.6,5.25));
#1456 = LINE('',#1457,#1458);
#1457 = CARTESIAN_POINT('',(-0.5,-5.940388446215,5.25));
#1458 = VECTOR('',#1459,1.);
#1459 = DIRECTION('',(1.224646799147E-16,1.,-2.714993636837E-17));
#1460 = ORIENTED_EDGE('',*,*,#1461,.T.);
#1461 = EDGE_CURVE('',#1454,#742,#1462,.T.);
#1462 = LINE('',#1463,#1464);
#1463 = CARTESIAN_POINT('',(4.95,-7.6,5.25));
#1464 = VECTOR('',#1465,1.);
#1465 = DIRECTION('',(-1.,1.224646799147E-16,0.));
#1466 = ORIENTED_EDGE('',*,*,#741,.T.);
#1467 = ORIENTED_EDGE('',*,*,#1339,.F.);
#1468 = ORIENTED_EDGE('',*,*,#1469,.T.);
#1469 = EDGE_CURVE('',#1340,#1470,#1472,.T.);
#1470 = VERTEX_POINT('',#1471);
#1471 = CARTESIAN_POINT('',(-1.6,-2.45,5.25));
#1472 = LINE('',#1473,#1474);
#1473 = CARTESIAN_POINT('',(-1.6,-7.6,5.25));
#1474 = VECTOR('',#1475,1.);
#1475 = DIRECTION('',(1.224646799147E-16,1.,-1.110223024625E-16));
#1476 = ORIENTED_EDGE('',*,*,#1477,.F.);
#1477 = EDGE_CURVE('',#1478,#1470,#1480,.T.);
#1478 = VERTEX_POINT('',#1479);
#1479 = CARTESIAN_POINT('',(4.1,-2.45,5.25));
#1480 = LINE('',#1481,#1482);
#1481 = CARTESIAN_POINT('',(4.1,-2.45,5.25));
#1482 = VECTOR('',#1483,1.);
#1483 = DIRECTION('',(-1.,1.224646799147E-16,0.));
#1484 = ORIENTED_EDGE('',*,*,#1485,.F.);
#1485 = EDGE_CURVE('',#1486,#1478,#1488,.T.);
#1486 = VERTEX_POINT('',#1487);
#1487 = CARTESIAN_POINT('',(4.1,-4.75,5.25));
#1488 = LINE('',#1489,#1490);
#1489 = CARTESIAN_POINT('',(4.1,-7.6,5.25));
#1490 = VECTOR('',#1491,1.);
#1491 = DIRECTION('',(1.224646799147E-16,1.,-1.110223024625E-16));
#1492 = ORIENTED_EDGE('',*,*,#1493,.F.);
#1493 = EDGE_CURVE('',#1088,#1486,#1494,.T.);
#1494 = LINE('',#1495,#1496);
#1495 = CARTESIAN_POINT('',(4.95,-4.75,5.25));
#1496 = VECTOR('',#1497,1.);
#1497 = DIRECTION('',(-1.,1.224646799147E-16,0.));
#1498 = PLANE('',#1499);
#1499 = AXIS2_PLACEMENT_3D('',#1500,#1501,#1502);
#1500 = CARTESIAN_POINT('',(1.25,-5.18077689243,5.25));
#1501 = DIRECTION('',(2.559692336611E-33,-2.714993636837E-17,-1.));
#1502 = DIRECTION('',(-1.224646799147E-16,-1.,2.714993636837E-17));
#1503 = ADVANCED_FACE('',(#1504),#1515,.T.);
#1504 = FACE_BOUND('',#1505,.T.);
#1505 = EDGE_LOOP('',(#1506,#1507,#1513,#1514));
#1506 = ORIENTED_EDGE('',*,*,#1461,.F.);
#1507 = ORIENTED_EDGE('',*,*,#1508,.F.);
#1508 = EDGE_CURVE('',#871,#1454,#1509,.T.);
#1509 = LINE('',#1510,#1511);
#1510 = CARTESIAN_POINT('',(-0.5,-7.6,6.1));
#1511 = VECTOR('',#1512,1.);
#1512 = DIRECTION('',(-1.359631073447E-32,-1.110223024625E-16,-1.));
#1513 = ORIENTED_EDGE('',*,*,#878,.T.);
#1514 = ORIENTED_EDGE('',*,*,#749,.T.);
#1515 = PLANE('',#1516);
#1516 = AXIS2_PLACEMENT_3D('',#1517,#1518,#1519);
#1517 = CARTESIAN_POINT('',(1.25,-7.6,3.225));
#1518 = DIRECTION('',(-1.224646799147E-16,-1.,1.110223024625E-16));
#1519 = DIRECTION('',(-1.,1.224646799147E-16,0.));
#1520 = ADVANCED_FACE('',(#1521),#1532,.F.);
#1521 = FACE_BOUND('',#1522,.F.);
#1522 = EDGE_LOOP('',(#1523,#1524,#1530,#1531));
#1523 = ORIENTED_EDGE('',*,*,#870,.F.);
#1524 = ORIENTED_EDGE('',*,*,#1525,.T.);
#1525 = EDGE_CURVE('',#863,#1446,#1526,.T.);
#1526 = LINE('',#1527,#1528);
#1527 = CARTESIAN_POINT('',(-0.5,-6.7,6.1));
#1528 = VECTOR('',#1529,1.);
#1529 = DIRECTION('',(-1.359631073447E-32,-1.110223024625E-16,-1.));
#1530 = ORIENTED_EDGE('',*,*,#1453,.F.);
#1531 = ORIENTED_EDGE('',*,*,#1508,.F.);
#1532 = PLANE('',#1533);
#1533 = AXIS2_PLACEMENT_3D('',#1534,#1535,#1536);
#1534 = CARTESIAN_POINT('',(-0.5,-6.7,6.1));
#1535 = DIRECTION('',(-1.,1.224646799147E-16,0.));
#1536 = DIRECTION('',(-1.224646799147E-16,-1.,1.110223024625E-16));
#1537 = ADVANCED_FACE('',(#1538),#1549,.F.);
#1538 = FACE_BOUND('',#1539,.F.);
#1539 = EDGE_LOOP('',(#1540,#1541,#1547,#1548));
#1540 = ORIENTED_EDGE('',*,*,#862,.F.);
#1541 = ORIENTED_EDGE('',*,*,#1542,.T.);
#1542 = EDGE_CURVE('',#855,#1438,#1543,.T.);
#1543 = LINE('',#1544,#1545);
#1544 = CARTESIAN_POINT('',(-0.25,-6.45,6.1));
#1545 = VECTOR('',#1546,1.);
#1546 = DIRECTION('',(-1.359631073447E-32,-1.110223024625E-16,-1.));
#1547 = ORIENTED_EDGE('',*,*,#1445,.F.);
#1548 = ORIENTED_EDGE('',*,*,#1525,.F.);
#1549 = PLANE('',#1550);
#1550 = AXIS2_PLACEMENT_3D('',#1551,#1552,#1553);
#1551 = CARTESIAN_POINT('',(-0.25,-6.45,6.1));
#1552 = DIRECTION('',(-0.707106781187,0.707106781187,-7.850462293414E-17
    ));
#1553 = DIRECTION('',(-0.707106781187,-0.707106781187,7.850462293414E-17
    ));
#1554 = ADVANCED_FACE('',(#1555),#1566,.F.);
#1555 = FACE_BOUND('',#1556,.F.);
#1556 = EDGE_LOOP('',(#1557,#1558,#1564,#1565));
#1557 = ORIENTED_EDGE('',*,*,#854,.F.);
#1558 = ORIENTED_EDGE('',*,*,#1559,.T.);
#1559 = EDGE_CURVE('',#847,#1430,#1560,.T.);
#1560 = LINE('',#1561,#1562);
#1561 = CARTESIAN_POINT('',(-0.5,-6.2,6.1));
#1562 = VECTOR('',#1563,1.);
#1563 = DIRECTION('',(-1.359631073447E-32,-1.110223024625E-16,-1.));
#1564 = ORIENTED_EDGE('',*,*,#1437,.F.);
#1565 = ORIENTED_EDGE('',*,*,#1542,.F.);
#1566 = PLANE('',#1567);
#1567 = AXIS2_PLACEMENT_3D('',#1568,#1569,#1570);
#1568 = CARTESIAN_POINT('',(-0.5,-6.2,6.1));
#1569 = DIRECTION('',(-0.707106781187,-0.707106781187,7.850462293414E-17
    ));
#1570 = DIRECTION('',(0.707106781187,-0.707106781187,7.850462293414E-17)
  );
#1571 = ADVANCED_FACE('',(#1572),#1583,.F.);
#1572 = FACE_BOUND('',#1573,.F.);
#1573 = EDGE_LOOP('',(#1574,#1575,#1581,#1582));
#1574 = ORIENTED_EDGE('',*,*,#846,.F.);
#1575 = ORIENTED_EDGE('',*,*,#1576,.T.);
#1576 = EDGE_CURVE('',#838,#1421,#1577,.T.);
#1577 = LINE('',#1578,#1579);
#1578 = CARTESIAN_POINT('',(-0.5,-4.45,6.1));
#1579 = VECTOR('',#1580,1.);
#1580 = DIRECTION('',(-1.359631073447E-32,-1.110223024625E-16,-1.));
#1581 = ORIENTED_EDGE('',*,*,#1429,.F.);
#1582 = ORIENTED_EDGE('',*,*,#1559,.F.);
#1583 = PLANE('',#1584);
#1584 = AXIS2_PLACEMENT_3D('',#1585,#1586,#1587);
#1585 = CARTESIAN_POINT('',(-0.5,-3.7,6.1));
#1586 = DIRECTION('',(-1.,1.224646799147E-16,0.));
#1587 = DIRECTION('',(-1.224646799147E-16,-1.,1.110223024625E-16));
#1588 = ADVANCED_FACE('',(#1589),#1600,.F.);
#1589 = FACE_BOUND('',#1590,.F.);
#1590 = EDGE_LOOP('',(#1591,#1592,#1593,#1594));
#1591 = ORIENTED_EDGE('',*,*,#1420,.F.);
#1592 = ORIENTED_EDGE('',*,*,#1576,.F.);
#1593 = ORIENTED_EDGE('',*,*,#837,.F.);
#1594 = ORIENTED_EDGE('',*,*,#1595,.T.);
#1595 = EDGE_CURVE('',#830,#1413,#1596,.T.);
#1596 = LINE('',#1597,#1598);
#1597 = CARTESIAN_POINT('',(0.25,-3.7,6.1));
#1598 = VECTOR('',#1599,1.);
#1599 = DIRECTION('',(-1.359631073447E-32,-1.110223024625E-16,-1.));
#1600 = CYLINDRICAL_SURFACE('',#1601,0.75);
#1601 = AXIS2_PLACEMENT_3D('',#1602,#1603,#1604);
#1602 = CARTESIAN_POINT('',(0.25,-4.45,6.1));
#1603 = DIRECTION('',(-1.359631073447E-32,-1.110223024625E-16,-1.));
#1604 = DIRECTION('',(1.224646799147E-16,1.,-1.110223024625E-16));
#1605 = ADVANCED_FACE('',(#1606),#1617,.F.);
#1606 = FACE_BOUND('',#1607,.F.);
#1607 = EDGE_LOOP('',(#1608,#1609,#1610,#1616));
#1608 = ORIENTED_EDGE('',*,*,#1595,.F.);
#1609 = ORIENTED_EDGE('',*,*,#829,.T.);
#1610 = ORIENTED_EDGE('',*,*,#1611,.T.);
#1611 = EDGE_CURVE('',#821,#1404,#1612,.T.);
#1612 = LINE('',#1613,#1614);
#1613 = CARTESIAN_POINT('',(2.25,-3.7,6.1));
#1614 = VECTOR('',#1615,1.);
#1615 = DIRECTION('',(-1.359631073447E-32,-1.110223024625E-16,-1.));
#1616 = ORIENTED_EDGE('',*,*,#1412,.F.);
#1617 = PLANE('',#1618);
#1618 = AXIS2_PLACEMENT_3D('',#1619,#1620,#1621);
#1619 = CARTESIAN_POINT('',(1.25,-3.7,5.6));
#1620 = DIRECTION('',(1.224646799147E-16,1.,-1.110223024625E-16));
#1621 = DIRECTION('',(1.359631073447E-32,1.110223024625E-16,1.));
#1622 = ADVANCED_FACE('',(#1623),#1634,.F.);
#1623 = FACE_BOUND('',#1624,.F.);
#1624 = EDGE_LOOP('',(#1625,#1626,#1627,#1633));
#1625 = ORIENTED_EDGE('',*,*,#1611,.F.);
#1626 = ORIENTED_EDGE('',*,*,#820,.T.);
#1627 = ORIENTED_EDGE('',*,*,#1628,.T.);
#1628 = EDGE_CURVE('',#813,#1396,#1629,.T.);
#1629 = LINE('',#1630,#1631);
#1630 = CARTESIAN_POINT('',(3.,-4.45,6.1));
#1631 = VECTOR('',#1632,1.);
#1632 = DIRECTION('',(-1.359631073447E-32,-1.110223024625E-16,-1.));
#1633 = ORIENTED_EDGE('',*,*,#1403,.F.);
#1634 = CYLINDRICAL_SURFACE('',#1635,0.75);
#1635 = AXIS2_PLACEMENT_3D('',#1636,#1637,#1638);
#1636 = CARTESIAN_POINT('',(2.25,-4.45,6.1));
#1637 = DIRECTION('',(-1.359631073447E-32,-1.110223024625E-16,-1.));
#1638 = DIRECTION('',(1.224646799147E-16,1.,-1.110223024625E-16));
#1639 = ADVANCED_FACE('',(#1640),#1651,.T.);
#1640 = FACE_BOUND('',#1641,.T.);
#1641 = EDGE_LOOP('',(#1642,#1643,#1644,#1645));
#1642 = ORIENTED_EDGE('',*,*,#812,.F.);
#1643 = ORIENTED_EDGE('',*,*,#1628,.T.);
#1644 = ORIENTED_EDGE('',*,*,#1395,.F.);
#1645 = ORIENTED_EDGE('',*,*,#1646,.F.);
#1646 = EDGE_CURVE('',#805,#1388,#1647,.T.);
#1647 = LINE('',#1648,#1649);
#1648 = CARTESIAN_POINT('',(3.,-6.2,6.1));
#1649 = VECTOR('',#1650,1.);
#1650 = DIRECTION('',(-1.359631073447E-32,-1.110223024625E-16,-1.));
#1651 = PLANE('',#1652);
#1652 = AXIS2_PLACEMENT_3D('',#1653,#1654,#1655);
#1653 = CARTESIAN_POINT('',(3.,-3.7,6.1));
#1654 = DIRECTION('',(-1.,1.224646799147E-16,0.));
#1655 = DIRECTION('',(-1.224646799147E-16,-1.,1.110223024625E-16));
#1656 = ADVANCED_FACE('',(#1657),#1668,.T.);
#1657 = FACE_BOUND('',#1658,.T.);
#1658 = EDGE_LOOP('',(#1659,#1660,#1661,#1662));
#1659 = ORIENTED_EDGE('',*,*,#804,.F.);
#1660 = ORIENTED_EDGE('',*,*,#1646,.T.);
#1661 = ORIENTED_EDGE('',*,*,#1387,.F.);
#1662 = ORIENTED_EDGE('',*,*,#1663,.F.);
#1663 = EDGE_CURVE('',#797,#1380,#1664,.T.);
#1664 = LINE('',#1665,#1666);
#1665 = CARTESIAN_POINT('',(2.75,-6.45,6.1));
#1666 = VECTOR('',#1667,1.);
#1667 = DIRECTION('',(-1.359631073447E-32,-1.110223024625E-16,-1.));
#1668 = PLANE('',#1669);
#1669 = AXIS2_PLACEMENT_3D('',#1670,#1671,#1672);
#1670 = CARTESIAN_POINT('',(3.,-6.2,6.1));
#1671 = DIRECTION('',(-0.707106781187,0.707106781187,-7.850462293414E-17
    ));
#1672 = DIRECTION('',(-0.707106781187,-0.707106781187,7.850462293414E-17
    ));
#1673 = ADVANCED_FACE('',(#1674),#1685,.T.);
#1674 = FACE_BOUND('',#1675,.T.);
#1675 = EDGE_LOOP('',(#1676,#1677,#1678,#1679));
#1676 = ORIENTED_EDGE('',*,*,#796,.F.);
#1677 = ORIENTED_EDGE('',*,*,#1663,.T.);
#1678 = ORIENTED_EDGE('',*,*,#1379,.F.);
#1679 = ORIENTED_EDGE('',*,*,#1680,.F.);
#1680 = EDGE_CURVE('',#789,#1372,#1681,.T.);
#1681 = LINE('',#1682,#1683);
#1682 = CARTESIAN_POINT('',(3.,-6.7,6.1));
#1683 = VECTOR('',#1684,1.);
#1684 = DIRECTION('',(-1.359631073447E-32,-1.110223024625E-16,-1.));
#1685 = PLANE('',#1686);
#1686 = AXIS2_PLACEMENT_3D('',#1687,#1688,#1689);
#1687 = CARTESIAN_POINT('',(2.75,-6.45,6.1));
#1688 = DIRECTION('',(-0.707106781187,-0.707106781187,7.850462293414E-17
    ));
#1689 = DIRECTION('',(0.707106781187,-0.707106781187,7.850462293414E-17)
  );
#1690 = ADVANCED_FACE('',(#1691),#1702,.T.);
#1691 = FACE_BOUND('',#1692,.T.);
#1692 = EDGE_LOOP('',(#1693,#1694,#1695,#1696));
#1693 = ORIENTED_EDGE('',*,*,#788,.F.);
#1694 = ORIENTED_EDGE('',*,*,#1680,.T.);
#1695 = ORIENTED_EDGE('',*,*,#1371,.F.);
#1696 = ORIENTED_EDGE('',*,*,#1697,.F.);
#1697 = EDGE_CURVE('',#781,#1364,#1698,.T.);
#1698 = LINE('',#1699,#1700);
#1699 = CARTESIAN_POINT('',(3.,-7.6,6.1));
#1700 = VECTOR('',#1701,1.);
#1701 = DIRECTION('',(-1.359631073447E-32,-1.110223024625E-16,-1.));
#1702 = PLANE('',#1703);
#1703 = AXIS2_PLACEMENT_3D('',#1704,#1705,#1706);
#1704 = CARTESIAN_POINT('',(3.,-6.7,6.1));
#1705 = DIRECTION('',(-1.,-1.242515477797E-16,2.739100365351E-32));
#1706 = DIRECTION('',(1.242515477797E-16,-1.,1.110223024625E-16));
#1707 = ADVANCED_FACE('',(#1708),#1714,.T.);
#1708 = FACE_BOUND('',#1709,.T.);
#1709 = EDGE_LOOP('',(#1710,#1711,#1712,#1713));
#1710 = ORIENTED_EDGE('',*,*,#1363,.F.);
#1711 = ORIENTED_EDGE('',*,*,#1079,.T.);
#1712 = ORIENTED_EDGE('',*,*,#780,.T.);
#1713 = ORIENTED_EDGE('',*,*,#1697,.T.);
#1714 = PLANE('',#1715);
#1715 = AXIS2_PLACEMENT_3D('',#1716,#1717,#1718);
#1716 = CARTESIAN_POINT('',(1.25,-7.6,3.225));
#1717 = DIRECTION('',(-1.224646799147E-16,-1.,1.110223024625E-16));
#1718 = DIRECTION('',(-1.,1.224646799147E-16,0.));
#1719 = ADVANCED_FACE('',(#1720),#1745,.F.);
#1720 = FACE_BOUND('',#1721,.F.);
#1721 = EDGE_LOOP('',(#1722,#1730,#1731,#1739));
#1722 = ORIENTED_EDGE('',*,*,#1723,.F.);
#1723 = EDGE_CURVE('',#937,#1724,#1726,.T.);
#1724 = VERTEX_POINT('',#1725);
#1725 = CARTESIAN_POINT('',(0.32,-0.37,4.07));
#1726 = LINE('',#1727,#1728);
#1727 = CARTESIAN_POINT('',(0.32,-7.1,4.07));
#1728 = VECTOR('',#1729,1.);
#1729 = DIRECTION('',(1.224646799147E-16,1.,0.));
#1730 = ORIENTED_EDGE('',*,*,#934,.F.);
#1731 = ORIENTED_EDGE('',*,*,#1732,.T.);
#1732 = EDGE_CURVE('',#935,#1733,#1735,.T.);
#1733 = VERTEX_POINT('',#1734);
#1734 = CARTESIAN_POINT('',(-0.32,-0.37,4.07));
#1735 = LINE('',#1736,#1737);
#1736 = CARTESIAN_POINT('',(-0.32,-7.1,4.07));
#1737 = VECTOR('',#1738,1.);
#1738 = DIRECTION('',(1.224646799147E-16,1.,0.));
#1739 = ORIENTED_EDGE('',*,*,#1740,.F.);
#1740 = EDGE_CURVE('',#1724,#1733,#1741,.T.);
#1741 = LINE('',#1742,#1743);
#1742 = CARTESIAN_POINT('',(0.32,-0.37,4.07));
#1743 = VECTOR('',#1744,1.);
#1744 = DIRECTION('',(-1.,1.224646799147E-16,0.));
#1745 = PLANE('',#1746);
#1746 = AXIS2_PLACEMENT_3D('',#1747,#1748,#1749);
#1747 = CARTESIAN_POINT('',(0.32,-7.1,4.07));
#1748 = DIRECTION('',(-0.,0.,-1.));
#1749 = DIRECTION('',(1.224646799147E-16,1.,0.));
#1750 = ADVANCED_FACE('',(#1751),#1835,.T.);
#1751 = FACE_BOUND('',#1752,.T.);
#1752 = EDGE_LOOP('',(#1753,#1754,#1755,#1764,#1772,#1780,#1788,#1796,
    #1804,#1812,#1820,#1829));
#1753 = ORIENTED_EDGE('',*,*,#960,.F.);
#1754 = ORIENTED_EDGE('',*,*,#1732,.T.);
#1755 = ORIENTED_EDGE('',*,*,#1756,.T.);
#1756 = EDGE_CURVE('',#1733,#1757,#1759,.T.);
#1757 = VERTEX_POINT('',#1758);
#1758 = CARTESIAN_POINT('',(-0.32,0.32,3.38));
#1759 = CIRCLE('',#1760,0.69);
#1760 = AXIS2_PLACEMENT_3D('',#1761,#1762,#1763);
#1761 = CARTESIAN_POINT('',(-0.32,-0.37,3.38));
#1762 = DIRECTION('',(-1.,1.224646799147E-16,0.));
#1763 = DIRECTION('',(0.,0.,1.));
#1764 = ORIENTED_EDGE('',*,*,#1765,.T.);
#1765 = EDGE_CURVE('',#1757,#1766,#1768,.T.);
#1766 = VERTEX_POINT('',#1767);
#1767 = CARTESIAN_POINT('',(-0.32,0.32,-0.9));
#1768 = LINE('',#1769,#1770);
#1769 = CARTESIAN_POINT('',(-0.32,0.32,4.07));
#1770 = VECTOR('',#1771,1.);
#1771 = DIRECTION('',(-0.,0.,-1.));
#1772 = ORIENTED_EDGE('',*,*,#1773,.T.);
#1773 = EDGE_CURVE('',#1766,#1774,#1776,.T.);
#1774 = VERTEX_POINT('',#1775);
#1775 = CARTESIAN_POINT('',(-0.32,2.E-02,-1.5));
#1776 = LINE('',#1777,#1778);
#1777 = CARTESIAN_POINT('',(-0.32,0.32,-0.9));
#1778 = VECTOR('',#1779,1.);
#1779 = DIRECTION('',(-5.476786982641E-17,-0.4472135955,-0.894427191));
#1780 = ORIENTED_EDGE('',*,*,#1781,.T.);
#1781 = EDGE_CURVE('',#1774,#1782,#1784,.T.);
#1782 = VERTEX_POINT('',#1783);
#1783 = CARTESIAN_POINT('',(-0.32,0.288421052632,-3.2));
#1784 = LINE('',#1785,#1786);
#1785 = CARTESIAN_POINT('',(-0.32,2.E-02,-1.5));
#1786 = VECTOR('',#1787,1.);
#1787 = DIRECTION('',(1.909990663905E-17,0.155962573473,-0.987762965329)
  );
#1788 = ORIENTED_EDGE('',*,*,#1789,.T.);
#1789 = EDGE_CURVE('',#1782,#1790,#1792,.T.);
#1790 = VERTEX_POINT('',#1791);
#1791 = CARTESIAN_POINT('',(-0.32,-0.351578947368,-3.2));
#1792 = LINE('',#1793,#1794);
#1793 = CARTESIAN_POINT('',(-0.32,0.32,-3.2));
#1794 = VECTOR('',#1795,1.);
#1795 = DIRECTION('',(-1.224646799147E-16,-1.,0.));
#1796 = ORIENTED_EDGE('',*,*,#1797,.T.);
#1797 = EDGE_CURVE('',#1790,#1798,#1800,.T.);
#1798 = VERTEX_POINT('',#1799);
#1799 = CARTESIAN_POINT('',(-0.32,-0.62,-1.5));
#1800 = LINE('',#1801,#1802);
#1801 = CARTESIAN_POINT('',(-0.32,-0.32,-3.4));
#1802 = VECTOR('',#1803,1.);
#1803 = DIRECTION('',(-1.909990663905E-17,-0.155962573473,0.987762965329
    ));
#1804 = ORIENTED_EDGE('',*,*,#1805,.T.);
#1805 = EDGE_CURVE('',#1798,#1806,#1808,.T.);
#1806 = VERTEX_POINT('',#1807);
#1807 = CARTESIAN_POINT('',(-0.32,-0.32,-0.9));
#1808 = LINE('',#1809,#1810);
#1809 = CARTESIAN_POINT('',(-0.32,-0.62,-1.5));
#1810 = VECTOR('',#1811,1.);
#1811 = DIRECTION('',(5.476786982641E-17,0.4472135955,0.894427191));
#1812 = ORIENTED_EDGE('',*,*,#1813,.T.);
#1813 = EDGE_CURVE('',#1806,#1814,#1816,.T.);
#1814 = VERTEX_POINT('',#1815);
#1815 = CARTESIAN_POINT('',(-0.32,-0.32,3.38));
#1816 = LINE('',#1817,#1818);
#1817 = CARTESIAN_POINT('',(-0.32,-0.32,-0.9));
#1818 = VECTOR('',#1819,1.);
#1819 = DIRECTION('',(0.,0.,1.));
#1820 = ORIENTED_EDGE('',*,*,#1821,.F.);
#1821 = EDGE_CURVE('',#1822,#1814,#1824,.T.);
#1822 = VERTEX_POINT('',#1823);
#1823 = CARTESIAN_POINT('',(-0.32,-0.37,3.43));
#1824 = CIRCLE('',#1825,5.E-02);
#1825 = AXIS2_PLACEMENT_3D('',#1826,#1827,#1828);
#1826 = CARTESIAN_POINT('',(-0.32,-0.37,3.38));
#1827 = DIRECTION('',(-1.,1.224646799147E-16,0.));
#1828 = DIRECTION('',(0.,0.,1.));
#1829 = ORIENTED_EDGE('',*,*,#1830,.T.);
#1830 = EDGE_CURVE('',#1822,#953,#1831,.T.);
#1831 = LINE('',#1832,#1833);
#1832 = CARTESIAN_POINT('',(-0.32,-0.32,3.43));
#1833 = VECTOR('',#1834,1.);
#1834 = DIRECTION('',(-1.224646799147E-16,-1.,0.));
#1835 = PLANE('',#1836);
#1836 = AXIS2_PLACEMENT_3D('',#1837,#1838,#1839);
#1837 = CARTESIAN_POINT('',(-0.32,-1.8494320772,1.868561531914));
#1838 = DIRECTION('',(-1.,1.224646799147E-16,0.));
#1839 = DIRECTION('',(0.,0.,1.));
#1840 = ADVANCED_FACE('',(#1841),#1859,.F.);
#1841 = FACE_BOUND('',#1842,.F.);
#1842 = EDGE_LOOP('',(#1843,#1851,#1857,#1858));
#1843 = ORIENTED_EDGE('',*,*,#1844,.F.);
#1844 = EDGE_CURVE('',#1845,#945,#1847,.T.);
#1845 = VERTEX_POINT('',#1846);
#1846 = CARTESIAN_POINT('',(0.32,-0.37,3.43));
#1847 = LINE('',#1848,#1849);
#1848 = CARTESIAN_POINT('',(0.32,-0.32,3.43));
#1849 = VECTOR('',#1850,1.);
#1850 = DIRECTION('',(-1.224646799147E-16,-1.,0.));
#1851 = ORIENTED_EDGE('',*,*,#1852,.T.);
#1852 = EDGE_CURVE('',#1845,#1822,#1853,.T.);
#1853 = LINE('',#1854,#1855);
#1854 = CARTESIAN_POINT('',(0.32,-0.37,3.43));
#1855 = VECTOR('',#1856,1.);
#1856 = DIRECTION('',(-1.,1.224646799147E-16,0.));
#1857 = ORIENTED_EDGE('',*,*,#1830,.T.);
#1858 = ORIENTED_EDGE('',*,*,#952,.F.);
#1859 = PLANE('',#1860);
#1860 = AXIS2_PLACEMENT_3D('',#1861,#1862,#1863);
#1861 = CARTESIAN_POINT('',(0.32,-0.32,3.43));
#1862 = DIRECTION('',(0.,0.,1.));
#1863 = DIRECTION('',(-1.224646799147E-16,-1.,0.));
#1864 = ADVANCED_FACE('',(#1865),#1942,.F.);
#1865 = FACE_BOUND('',#1866,.F.);
#1866 = EDGE_LOOP('',(#1867,#1868,#1869,#1878,#1886,#1894,#1902,#1910,
    #1918,#1926,#1934,#1941));
#1867 = ORIENTED_EDGE('',*,*,#944,.F.);
#1868 = ORIENTED_EDGE('',*,*,#1723,.T.);
#1869 = ORIENTED_EDGE('',*,*,#1870,.T.);
#1870 = EDGE_CURVE('',#1724,#1871,#1873,.T.);
#1871 = VERTEX_POINT('',#1872);
#1872 = CARTESIAN_POINT('',(0.32,0.32,3.38));
#1873 = CIRCLE('',#1874,0.69);
#1874 = AXIS2_PLACEMENT_3D('',#1875,#1876,#1877);
#1875 = CARTESIAN_POINT('',(0.32,-0.37,3.38));
#1876 = DIRECTION('',(-1.,1.224646799147E-16,0.));
#1877 = DIRECTION('',(0.,0.,1.));
#1878 = ORIENTED_EDGE('',*,*,#1879,.T.);
#1879 = EDGE_CURVE('',#1871,#1880,#1882,.T.);
#1880 = VERTEX_POINT('',#1881);
#1881 = CARTESIAN_POINT('',(0.32,0.32,-0.9));
#1882 = LINE('',#1883,#1884);
#1883 = CARTESIAN_POINT('',(0.32,0.32,4.07));
#1884 = VECTOR('',#1885,1.);
#1885 = DIRECTION('',(-0.,0.,-1.));
#1886 = ORIENTED_EDGE('',*,*,#1887,.T.);
#1887 = EDGE_CURVE('',#1880,#1888,#1890,.T.);
#1888 = VERTEX_POINT('',#1889);
#1889 = CARTESIAN_POINT('',(0.32,2.E-02,-1.5));
#1890 = LINE('',#1891,#1892);
#1891 = CARTESIAN_POINT('',(0.32,0.32,-0.9));
#1892 = VECTOR('',#1893,1.);
#1893 = DIRECTION('',(-5.476786982641E-17,-0.4472135955,-0.894427191));
#1894 = ORIENTED_EDGE('',*,*,#1895,.T.);
#1895 = EDGE_CURVE('',#1888,#1896,#1898,.T.);
#1896 = VERTEX_POINT('',#1897);
#1897 = CARTESIAN_POINT('',(0.32,0.288421052632,-3.2));
#1898 = LINE('',#1899,#1900);
#1899 = CARTESIAN_POINT('',(0.32,2.E-02,-1.5));
#1900 = VECTOR('',#1901,1.);
#1901 = DIRECTION('',(1.909990663905E-17,0.155962573473,-0.987762965329)
  );
#1902 = ORIENTED_EDGE('',*,*,#1903,.T.);
#1903 = EDGE_CURVE('',#1896,#1904,#1906,.T.);
#1904 = VERTEX_POINT('',#1905);
#1905 = CARTESIAN_POINT('',(0.32,-0.351578947368,-3.2));
#1906 = LINE('',#1907,#1908);
#1907 = CARTESIAN_POINT('',(0.32,0.32,-3.2));
#1908 = VECTOR('',#1909,1.);
#1909 = DIRECTION('',(-1.224646799147E-16,-1.,0.));
#1910 = ORIENTED_EDGE('',*,*,#1911,.T.);
#1911 = EDGE_CURVE('',#1904,#1912,#1914,.T.);
#1912 = VERTEX_POINT('',#1913);
#1913 = CARTESIAN_POINT('',(0.32,-0.62,-1.5));
#1914 = LINE('',#1915,#1916);
#1915 = CARTESIAN_POINT('',(0.32,-0.32,-3.4));
#1916 = VECTOR('',#1917,1.);
#1917 = DIRECTION('',(-1.909990663905E-17,-0.155962573473,0.987762965329
    ));
#1918 = ORIENTED_EDGE('',*,*,#1919,.T.);
#1919 = EDGE_CURVE('',#1912,#1920,#1922,.T.);
#1920 = VERTEX_POINT('',#1921);
#1921 = CARTESIAN_POINT('',(0.32,-0.32,-0.9));
#1922 = LINE('',#1923,#1924);
#1923 = CARTESIAN_POINT('',(0.32,-0.62,-1.5));
#1924 = VECTOR('',#1925,1.);
#1925 = DIRECTION('',(5.476786982641E-17,0.4472135955,0.894427191));
#1926 = ORIENTED_EDGE('',*,*,#1927,.T.);
#1927 = EDGE_CURVE('',#1920,#1928,#1930,.T.);
#1928 = VERTEX_POINT('',#1929);
#1929 = CARTESIAN_POINT('',(0.32,-0.32,3.38));
#1930 = LINE('',#1931,#1932);
#1931 = CARTESIAN_POINT('',(0.32,-0.32,-0.9));
#1932 = VECTOR('',#1933,1.);
#1933 = DIRECTION('',(0.,0.,1.));
#1934 = ORIENTED_EDGE('',*,*,#1935,.F.);
#1935 = EDGE_CURVE('',#1845,#1928,#1936,.T.);
#1936 = CIRCLE('',#1937,5.E-02);
#1937 = AXIS2_PLACEMENT_3D('',#1938,#1939,#1940);
#1938 = CARTESIAN_POINT('',(0.32,-0.37,3.38));
#1939 = DIRECTION('',(-1.,1.224646799147E-16,0.));
#1940 = DIRECTION('',(0.,0.,1.));
#1941 = ORIENTED_EDGE('',*,*,#1844,.T.);
#1942 = PLANE('',#1943);
#1943 = AXIS2_PLACEMENT_3D('',#1944,#1945,#1946);
#1944 = CARTESIAN_POINT('',(0.32,-1.8494320772,1.868561531914));
#1945 = DIRECTION('',(-1.,1.224646799147E-16,0.));
#1946 = DIRECTION('',(0.,0.,1.));
#1947 = ADVANCED_FACE('',(#1948),#2039,.T.);
#1948 = FACE_BOUND('',#1949,.T.);
#1949 = EDGE_LOOP('',(#1950,#1951,#1959,#1968,#1976,#1984,#1992,#2000,
    #2008,#2016,#2024,#2033));
#1950 = ORIENTED_EDGE('',*,*,#997,.F.);
#1951 = ORIENTED_EDGE('',*,*,#1952,.T.);
#1952 = EDGE_CURVE('',#998,#1953,#1955,.T.);
#1953 = VERTEX_POINT('',#1954);
#1954 = CARTESIAN_POINT('',(2.18,-0.37,4.07));
#1955 = LINE('',#1956,#1957);
#1956 = CARTESIAN_POINT('',(2.18,-7.1,4.07));
#1957 = VECTOR('',#1958,1.);
#1958 = DIRECTION('',(1.224646799147E-16,1.,0.));
#1959 = ORIENTED_EDGE('',*,*,#1960,.T.);
#1960 = EDGE_CURVE('',#1953,#1961,#1963,.T.);
#1961 = VERTEX_POINT('',#1962);
#1962 = CARTESIAN_POINT('',(2.18,0.32,3.38));
#1963 = CIRCLE('',#1964,0.69);
#1964 = AXIS2_PLACEMENT_3D('',#1965,#1966,#1967);
#1965 = CARTESIAN_POINT('',(2.18,-0.37,3.38));
#1966 = DIRECTION('',(-1.,1.224646799147E-16,0.));
#1967 = DIRECTION('',(0.,0.,1.));
#1968 = ORIENTED_EDGE('',*,*,#1969,.T.);
#1969 = EDGE_CURVE('',#1961,#1970,#1972,.T.);
#1970 = VERTEX_POINT('',#1971);
#1971 = CARTESIAN_POINT('',(2.18,0.32,-0.9));
#1972 = LINE('',#1973,#1974);
#1973 = CARTESIAN_POINT('',(2.18,0.32,4.07));
#1974 = VECTOR('',#1975,1.);
#1975 = DIRECTION('',(-0.,0.,-1.));
#1976 = ORIENTED_EDGE('',*,*,#1977,.T.);
#1977 = EDGE_CURVE('',#1970,#1978,#1980,.T.);
#1978 = VERTEX_POINT('',#1979);
#1979 = CARTESIAN_POINT('',(2.18,2.E-02,-1.5));
#1980 = LINE('',#1981,#1982);
#1981 = CARTESIAN_POINT('',(2.18,0.32,-0.9));
#1982 = VECTOR('',#1983,1.);
#1983 = DIRECTION('',(-5.476786982641E-17,-0.4472135955,-0.894427191));
#1984 = ORIENTED_EDGE('',*,*,#1985,.T.);
#1985 = EDGE_CURVE('',#1978,#1986,#1988,.T.);
#1986 = VERTEX_POINT('',#1987);
#1987 = CARTESIAN_POINT('',(2.18,0.288421052632,-3.2));
#1988 = LINE('',#1989,#1990);
#1989 = CARTESIAN_POINT('',(2.18,2.E-02,-1.5));
#1990 = VECTOR('',#1991,1.);
#1991 = DIRECTION('',(1.909990663905E-17,0.155962573473,-0.987762965329)
  );
#1992 = ORIENTED_EDGE('',*,*,#1993,.T.);
#1993 = EDGE_CURVE('',#1986,#1994,#1996,.T.);
#1994 = VERTEX_POINT('',#1995);
#1995 = CARTESIAN_POINT('',(2.18,-0.351578947368,-3.2));
#1996 = LINE('',#1997,#1998);
#1997 = CARTESIAN_POINT('',(2.18,0.32,-3.2));
#1998 = VECTOR('',#1999,1.);
#1999 = DIRECTION('',(-1.224646799147E-16,-1.,0.));
#2000 = ORIENTED_EDGE('',*,*,#2001,.T.);
#2001 = EDGE_CURVE('',#1994,#2002,#2004,.T.);
#2002 = VERTEX_POINT('',#2003);
#2003 = CARTESIAN_POINT('',(2.18,-0.62,-1.5));
#2004 = LINE('',#2005,#2006);
#2005 = CARTESIAN_POINT('',(2.18,-0.32,-3.4));
#2006 = VECTOR('',#2007,1.);
#2007 = DIRECTION('',(-1.909990663905E-17,-0.155962573473,0.987762965329
    ));
#2008 = ORIENTED_EDGE('',*,*,#2009,.T.);
#2009 = EDGE_CURVE('',#2002,#2010,#2012,.T.);
#2010 = VERTEX_POINT('',#2011);
#2011 = CARTESIAN_POINT('',(2.18,-0.32,-0.9));
#2012 = LINE('',#2013,#2014);
#2013 = CARTESIAN_POINT('',(2.18,-0.62,-1.5));
#2014 = VECTOR('',#2015,1.);
#2015 = DIRECTION('',(5.476786982641E-17,0.4472135955,0.894427191));
#2016 = ORIENTED_EDGE('',*,*,#2017,.T.);
#2017 = EDGE_CURVE('',#2010,#2018,#2020,.T.);
#2018 = VERTEX_POINT('',#2019);
#2019 = CARTESIAN_POINT('',(2.18,-0.32,3.38));
#2020 = LINE('',#2021,#2022);
#2021 = CARTESIAN_POINT('',(2.18,-0.32,-0.9));
#2022 = VECTOR('',#2023,1.);
#2023 = DIRECTION('',(0.,0.,1.));
#2024 = ORIENTED_EDGE('',*,*,#2025,.F.);
#2025 = EDGE_CURVE('',#2026,#2018,#2028,.T.);
#2026 = VERTEX_POINT('',#2027);
#2027 = CARTESIAN_POINT('',(2.18,-0.37,3.43));
#2028 = CIRCLE('',#2029,5.E-02);
#2029 = AXIS2_PLACEMENT_3D('',#2030,#2031,#2032);
#2030 = CARTESIAN_POINT('',(2.18,-0.37,3.38));
#2031 = DIRECTION('',(-1.,1.224646799147E-16,0.));
#2032 = DIRECTION('',(0.,0.,1.));
#2033 = ORIENTED_EDGE('',*,*,#2034,.T.);
#2034 = EDGE_CURVE('',#2026,#1000,#2035,.T.);
#2035 = LINE('',#2036,#2037);
#2036 = CARTESIAN_POINT('',(2.18,-0.32,3.43));
#2037 = VECTOR('',#2038,1.);
#2038 = DIRECTION('',(-1.224646799147E-16,-1.,0.));
#2039 = PLANE('',#2040);
#2040 = AXIS2_PLACEMENT_3D('',#2041,#2042,#2043);
#2041 = CARTESIAN_POINT('',(2.18,-1.8494320772,1.868561531914));
#2042 = DIRECTION('',(-1.,1.224646799147E-16,0.));
#2043 = DIRECTION('',(0.,0.,1.));
#2044 = ADVANCED_FACE('',(#2045),#2063,.F.);
#2045 = FACE_BOUND('',#2046,.F.);
#2046 = EDGE_LOOP('',(#2047,#2055,#2061,#2062));
#2047 = ORIENTED_EDGE('',*,*,#2048,.F.);
#2048 = EDGE_CURVE('',#2049,#1016,#2051,.T.);
#2049 = VERTEX_POINT('',#2050);
#2050 = CARTESIAN_POINT('',(2.82,-0.37,3.43));
#2051 = LINE('',#2052,#2053);
#2052 = CARTESIAN_POINT('',(2.82,-0.32,3.43));
#2053 = VECTOR('',#2054,1.);
#2054 = DIRECTION('',(-1.224646799147E-16,-1.,0.));
#2055 = ORIENTED_EDGE('',*,*,#2056,.T.);
#2056 = EDGE_CURVE('',#2049,#2026,#2057,.T.);
#2057 = LINE('',#2058,#2059);
#2058 = CARTESIAN_POINT('',(2.82,-0.37,3.43));
#2059 = VECTOR('',#2060,1.);
#2060 = DIRECTION('',(-1.,1.224646799147E-16,0.));
#2061 = ORIENTED_EDGE('',*,*,#2034,.T.);
#2062 = ORIENTED_EDGE('',*,*,#1023,.F.);
#2063 = PLANE('',#2064);
#2064 = AXIS2_PLACEMENT_3D('',#2065,#2066,#2067);
#2065 = CARTESIAN_POINT('',(2.82,-0.32,3.43));
#2066 = DIRECTION('',(0.,0.,1.));
#2067 = DIRECTION('',(-1.224646799147E-16,-1.,0.));
#2068 = ADVANCED_FACE('',(#2069),#2153,.F.);
#2069 = FACE_BOUND('',#2070,.F.);
#2070 = EDGE_LOOP('',(#2071,#2072,#2080,#2089,#2097,#2105,#2113,#2121,
    #2129,#2137,#2145,#2152));
#2071 = ORIENTED_EDGE('',*,*,#1015,.F.);
#2072 = ORIENTED_EDGE('',*,*,#2073,.T.);
#2073 = EDGE_CURVE('',#1008,#2074,#2076,.T.);
#2074 = VERTEX_POINT('',#2075);
#2075 = CARTESIAN_POINT('',(2.82,-0.37,4.07));
#2076 = LINE('',#2077,#2078);
#2077 = CARTESIAN_POINT('',(2.82,-7.1,4.07));
#2078 = VECTOR('',#2079,1.);
#2079 = DIRECTION('',(1.224646799147E-16,1.,0.));
#2080 = ORIENTED_EDGE('',*,*,#2081,.T.);
#2081 = EDGE_CURVE('',#2074,#2082,#2084,.T.);
#2082 = VERTEX_POINT('',#2083);
#2083 = CARTESIAN_POINT('',(2.82,0.32,3.38));
#2084 = CIRCLE('',#2085,0.69);
#2085 = AXIS2_PLACEMENT_3D('',#2086,#2087,#2088);
#2086 = CARTESIAN_POINT('',(2.82,-0.37,3.38));
#2087 = DIRECTION('',(-1.,1.224646799147E-16,0.));
#2088 = DIRECTION('',(0.,0.,1.));
#2089 = ORIENTED_EDGE('',*,*,#2090,.T.);
#2090 = EDGE_CURVE('',#2082,#2091,#2093,.T.);
#2091 = VERTEX_POINT('',#2092);
#2092 = CARTESIAN_POINT('',(2.82,0.32,-0.9));
#2093 = LINE('',#2094,#2095);
#2094 = CARTESIAN_POINT('',(2.82,0.32,4.07));
#2095 = VECTOR('',#2096,1.);
#2096 = DIRECTION('',(-0.,0.,-1.));
#2097 = ORIENTED_EDGE('',*,*,#2098,.T.);
#2098 = EDGE_CURVE('',#2091,#2099,#2101,.T.);
#2099 = VERTEX_POINT('',#2100);
#2100 = CARTESIAN_POINT('',(2.82,2.E-02,-1.5));
#2101 = LINE('',#2102,#2103);
#2102 = CARTESIAN_POINT('',(2.82,0.32,-0.9));
#2103 = VECTOR('',#2104,1.);
#2104 = DIRECTION('',(-5.476786982641E-17,-0.4472135955,-0.894427191));
#2105 = ORIENTED_EDGE('',*,*,#2106,.T.);
#2106 = EDGE_CURVE('',#2099,#2107,#2109,.T.);
#2107 = VERTEX_POINT('',#2108);
#2108 = CARTESIAN_POINT('',(2.82,0.288421052632,-3.2));
#2109 = LINE('',#2110,#2111);
#2110 = CARTESIAN_POINT('',(2.82,2.E-02,-1.5));
#2111 = VECTOR('',#2112,1.);
#2112 = DIRECTION('',(1.909990663905E-17,0.155962573473,-0.987762965329)
  );
#2113 = ORIENTED_EDGE('',*,*,#2114,.T.);
#2114 = EDGE_CURVE('',#2107,#2115,#2117,.T.);
#2115 = VERTEX_POINT('',#2116);
#2116 = CARTESIAN_POINT('',(2.82,-0.351578947368,-3.2));
#2117 = LINE('',#2118,#2119);
#2118 = CARTESIAN_POINT('',(2.82,0.32,-3.2));
#2119 = VECTOR('',#2120,1.);
#2120 = DIRECTION('',(-1.224646799147E-16,-1.,0.));
#2121 = ORIENTED_EDGE('',*,*,#2122,.T.);
#2122 = EDGE_CURVE('',#2115,#2123,#2125,.T.);
#2123 = VERTEX_POINT('',#2124);
#2124 = CARTESIAN_POINT('',(2.82,-0.62,-1.5));
#2125 = LINE('',#2126,#2127);
#2126 = CARTESIAN_POINT('',(2.82,-0.32,-3.4));
#2127 = VECTOR('',#2128,1.);
#2128 = DIRECTION('',(-1.909990663905E-17,-0.155962573473,0.987762965329
    ));
#2129 = ORIENTED_EDGE('',*,*,#2130,.T.);
#2130 = EDGE_CURVE('',#2123,#2131,#2133,.T.);
#2131 = VERTEX_POINT('',#2132);
#2132 = CARTESIAN_POINT('',(2.82,-0.32,-0.9));
#2133 = LINE('',#2134,#2135);
#2134 = CARTESIAN_POINT('',(2.82,-0.62,-1.5));
#2135 = VECTOR('',#2136,1.);
#2136 = DIRECTION('',(5.476786982641E-17,0.4472135955,0.894427191));
#2137 = ORIENTED_EDGE('',*,*,#2138,.T.);
#2138 = EDGE_CURVE('',#2131,#2139,#2141,.T.);
#2139 = VERTEX_POINT('',#2140);
#2140 = CARTESIAN_POINT('',(2.82,-0.32,3.38));
#2141 = LINE('',#2142,#2143);
#2142 = CARTESIAN_POINT('',(2.82,-0.32,-0.9));
#2143 = VECTOR('',#2144,1.);
#2144 = DIRECTION('',(0.,0.,1.));
#2145 = ORIENTED_EDGE('',*,*,#2146,.F.);
#2146 = EDGE_CURVE('',#2049,#2139,#2147,.T.);
#2147 = CIRCLE('',#2148,5.E-02);
#2148 = AXIS2_PLACEMENT_3D('',#2149,#2150,#2151);
#2149 = CARTESIAN_POINT('',(2.82,-0.37,3.38));
#2150 = DIRECTION('',(-1.,1.224646799147E-16,0.));
#2151 = DIRECTION('',(0.,0.,1.));
#2152 = ORIENTED_EDGE('',*,*,#2048,.T.);
#2153 = PLANE('',#2154);
#2154 = AXIS2_PLACEMENT_3D('',#2155,#2156,#2157);
#2155 = CARTESIAN_POINT('',(2.82,-1.8494320772,1.868561531914));
#2156 = DIRECTION('',(-1.,1.224646799147E-16,0.));
#2157 = DIRECTION('',(0.,0.,1.));
#2158 = ADVANCED_FACE('',(#2159),#2170,.F.);
#2159 = FACE_BOUND('',#2160,.F.);
#2160 = EDGE_LOOP('',(#2161,#2162,#2163,#2164));
#2161 = ORIENTED_EDGE('',*,*,#2073,.F.);
#2162 = ORIENTED_EDGE('',*,*,#1007,.F.);
#2163 = ORIENTED_EDGE('',*,*,#1952,.T.);
#2164 = ORIENTED_EDGE('',*,*,#2165,.F.);
#2165 = EDGE_CURVE('',#2074,#1953,#2166,.T.);
#2166 = LINE('',#2167,#2168);
#2167 = CARTESIAN_POINT('',(2.82,-0.37,4.07));
#2168 = VECTOR('',#2169,1.);
#2169 = DIRECTION('',(-1.,1.224646799147E-16,0.));
#2170 = PLANE('',#2171);
#2171 = AXIS2_PLACEMENT_3D('',#2172,#2173,#2174);
#2172 = CARTESIAN_POINT('',(2.82,-7.1,4.07));
#2173 = DIRECTION('',(-0.,0.,-1.));
#2174 = DIRECTION('',(1.224646799147E-16,1.,0.));
#2175 = ADVANCED_FACE('',(#2176),#2195,.F.);
#2176 = FACE_BOUND('',#2177,.F.);
#2177 = EDGE_LOOP('',(#2178,#2186,#2193,#2194));
#2178 = ORIENTED_EDGE('',*,*,#2179,.T.);
#2179 = EDGE_CURVE('',#1096,#2180,#2182,.T.);
#2180 = VERTEX_POINT('',#2181);
#2181 = CARTESIAN_POINT('',(4.1,-4.25,4.75));
#2182 = LINE('',#2183,#2184);
#2183 = CARTESIAN_POINT('',(4.95,-4.25,4.75));
#2184 = VECTOR('',#2185,1.);
#2185 = DIRECTION('',(-1.,1.224646799147E-16,0.));
#2186 = ORIENTED_EDGE('',*,*,#2187,.T.);
#2187 = EDGE_CURVE('',#2180,#1486,#2188,.T.);
#2188 = CIRCLE('',#2189,0.5);
#2189 = AXIS2_PLACEMENT_3D('',#2190,#2191,#2192);
#2190 = CARTESIAN_POINT('',(4.1,-4.75,4.75));
#2191 = DIRECTION('',(1.,-1.224646799147E-16,0.));
#2192 = DIRECTION('',(1.359631073446E-32,1.110223024625E-16,1.));
#2193 = ORIENTED_EDGE('',*,*,#1493,.F.);
#2194 = ORIENTED_EDGE('',*,*,#1095,.T.);
#2195 = CYLINDRICAL_SURFACE('',#2196,0.5);
#2196 = AXIS2_PLACEMENT_3D('',#2197,#2198,#2199);
#2197 = CARTESIAN_POINT('',(4.95,-4.75,4.75));
#2198 = DIRECTION('',(1.,-1.224646799147E-16,0.));
#2199 = DIRECTION('',(1.359631073446E-32,1.110223024625E-16,1.));
#2200 = ADVANCED_FACE('',(#2201),#2212,.T.);
#2201 = FACE_BOUND('',#2202,.T.);
#2202 = EDGE_LOOP('',(#2203,#2204,#2205,#2211));
#2203 = ORIENTED_EDGE('',*,*,#1104,.F.);
#2204 = ORIENTED_EDGE('',*,*,#2179,.T.);
#2205 = ORIENTED_EDGE('',*,*,#2206,.T.);
#2206 = EDGE_CURVE('',#2180,#1231,#2207,.T.);
#2207 = LINE('',#2208,#2209);
#2208 = CARTESIAN_POINT('',(4.1,-4.25,2.925));
#2209 = VECTOR('',#2210,1.);
#2210 = DIRECTION('',(-1.359631073447E-32,-1.110223024625E-16,-1.));
#2211 = ORIENTED_EDGE('',*,*,#1230,.F.);
#2212 = PLANE('',#2213);
#2213 = AXIS2_PLACEMENT_3D('',#2214,#2215,#2216);
#2214 = CARTESIAN_POINT('',(4.95,-4.25,4.75));
#2215 = DIRECTION('',(-1.224646799147E-16,-1.,1.110223024625E-16));
#2216 = DIRECTION('',(-1.359631073447E-32,-1.110223024625E-16,-1.));
#2217 = ADVANCED_FACE('',(#2218),#2239,.F.);
#2218 = FACE_BOUND('',#2219,.F.);
#2219 = EDGE_LOOP('',(#2220,#2221,#2222,#2223,#2224,#2232,#2238));
#2220 = ORIENTED_EDGE('',*,*,#1186,.T.);
#2221 = ORIENTED_EDGE('',*,*,#1313,.T.);
#2222 = ORIENTED_EDGE('',*,*,#1347,.T.);
#2223 = ORIENTED_EDGE('',*,*,#1469,.T.);
#2224 = ORIENTED_EDGE('',*,*,#2225,.T.);
#2225 = EDGE_CURVE('',#1470,#2226,#2228,.T.);
#2226 = VERTEX_POINT('',#2227);
#2227 = CARTESIAN_POINT('',(-1.6,-2.45,1.1));
#2228 = LINE('',#2229,#2230);
#2229 = CARTESIAN_POINT('',(-1.6,-2.45,5.25));
#2230 = VECTOR('',#2231,1.);
#2231 = DIRECTION('',(-1.359631073447E-32,-1.110223024625E-16,-1.));
#2232 = ORIENTED_EDGE('',*,*,#2233,.F.);
#2233 = EDGE_CURVE('',#1165,#2226,#2234,.T.);
#2234 = LINE('',#2235,#2236);
#2235 = CARTESIAN_POINT('',(-1.6,-7.6,1.1));
#2236 = VECTOR('',#2237,1.);
#2237 = DIRECTION('',(1.224646799147E-16,1.,-1.110223024625E-16));
#2238 = ORIENTED_EDGE('',*,*,#1172,.F.);
#2239 = PLANE('',#2240);
#2240 = AXIS2_PLACEMENT_3D('',#2241,#2242,#2243);
#2241 = CARTESIAN_POINT('',(-1.6,-7.6,5.25));
#2242 = DIRECTION('',(-1.,1.224646799147E-16,0.));
#2243 = DIRECTION('',(-1.359631073446E-32,-1.110223024625E-16,-1.));
#2244 = ADVANCED_FACE('',(#2245),#2266,.F.);
#2245 = FACE_BOUND('',#2246,.F.);
#2246 = EDGE_LOOP('',(#2247,#2248,#2249,#2257,#2263,#2264,#2265));
#2247 = ORIENTED_EDGE('',*,*,#1238,.T.);
#2248 = ORIENTED_EDGE('',*,*,#1270,.F.);
#2249 = ORIENTED_EDGE('',*,*,#2250,.T.);
#2250 = EDGE_CURVE('',#1261,#2251,#2253,.T.);
#2251 = VERTEX_POINT('',#2252);
#2252 = CARTESIAN_POINT('',(4.1,-2.45,1.1));
#2253 = LINE('',#2254,#2255);
#2254 = CARTESIAN_POINT('',(4.1,-7.6,1.1));
#2255 = VECTOR('',#2256,1.);
#2256 = DIRECTION('',(1.224646799147E-16,1.,-1.110223024625E-16));
#2257 = ORIENTED_EDGE('',*,*,#2258,.T.);
#2258 = EDGE_CURVE('',#2251,#1478,#2259,.T.);
#2259 = LINE('',#2260,#2261);
#2260 = CARTESIAN_POINT('',(4.1,-2.45,1.1));
#2261 = VECTOR('',#2262,1.);
#2262 = DIRECTION('',(1.359631073447E-32,1.110223024625E-16,1.));
#2263 = ORIENTED_EDGE('',*,*,#1485,.F.);
#2264 = ORIENTED_EDGE('',*,*,#2187,.F.);
#2265 = ORIENTED_EDGE('',*,*,#2206,.T.);
#2266 = PLANE('',#2267);
#2267 = AXIS2_PLACEMENT_3D('',#2268,#2269,#2270);
#2268 = CARTESIAN_POINT('',(4.1,-7.6,1.1));
#2269 = DIRECTION('',(1.,-1.224646799147E-16,0.));
#2270 = DIRECTION('',(1.359631073446E-32,1.110223024625E-16,1.));
#2271 = ADVANCED_FACE('',(#2272),#2283,.F.);
#2272 = FACE_BOUND('',#2273,.F.);
#2273 = EDGE_LOOP('',(#2274,#2275,#2281,#2282));
#2274 = ORIENTED_EDGE('',*,*,#2233,.T.);
#2275 = ORIENTED_EDGE('',*,*,#2276,.T.);
#2276 = EDGE_CURVE('',#2226,#2251,#2277,.T.);
#2277 = LINE('',#2278,#2279);
#2278 = CARTESIAN_POINT('',(-1.6,-2.45,1.1));
#2279 = VECTOR('',#2280,1.);
#2280 = DIRECTION('',(1.,-1.224646799147E-16,0.));
#2281 = ORIENTED_EDGE('',*,*,#2250,.F.);
#2282 = ORIENTED_EDGE('',*,*,#1287,.F.);
#2283 = PLANE('',#2284);
#2284 = AXIS2_PLACEMENT_3D('',#2285,#2286,#2287);
#2285 = CARTESIAN_POINT('',(-1.6,-7.6,1.1));
#2286 = DIRECTION('',(-1.359631073447E-32,-1.110223024625E-16,-1.));
#2287 = DIRECTION('',(1.,-1.224646799147E-16,-6.927121900793E-45));
#2288 = ADVANCED_FACE('',(#2289,#2295,#2329),#2363,.T.);
#2289 = FACE_BOUND('',#2290,.T.);
#2290 = EDGE_LOOP('',(#2291,#2292,#2293,#2294));
#2291 = ORIENTED_EDGE('',*,*,#1477,.T.);
#2292 = ORIENTED_EDGE('',*,*,#2225,.T.);
#2293 = ORIENTED_EDGE('',*,*,#2276,.T.);
#2294 = ORIENTED_EDGE('',*,*,#2258,.T.);
#2295 = FACE_BOUND('',#2296,.T.);
#2296 = EDGE_LOOP('',(#2297,#2307,#2315,#2323));
#2297 = ORIENTED_EDGE('',*,*,#2298,.F.);
#2298 = EDGE_CURVE('',#2299,#2301,#2303,.T.);
#2299 = VERTEX_POINT('',#2300);
#2300 = CARTESIAN_POINT('',(2.18,-2.45,4.07));
#2301 = VERTEX_POINT('',#2302);
#2302 = CARTESIAN_POINT('',(2.18,-2.45,3.43));
#2303 = LINE('',#2304,#2305);
#2304 = CARTESIAN_POINT('',(2.18,-2.45,2.521780765957));
#2305 = VECTOR('',#2306,1.);
#2306 = DIRECTION('',(-1.359631073447E-32,-1.110223024625E-16,-1.));
#2307 = ORIENTED_EDGE('',*,*,#2308,.T.);
#2308 = EDGE_CURVE('',#2299,#2309,#2311,.T.);
#2309 = VERTEX_POINT('',#2310);
#2310 = CARTESIAN_POINT('',(2.82,-2.45,4.07));
#2311 = LINE('',#2312,#2313);
#2312 = CARTESIAN_POINT('',(2.035,-2.45,4.07));
#2313 = VECTOR('',#2314,1.);
#2314 = DIRECTION('',(1.,-1.224646799147E-16,0.));
#2315 = ORIENTED_EDGE('',*,*,#2316,.T.);
#2316 = EDGE_CURVE('',#2309,#2317,#2319,.T.);
#2317 = VERTEX_POINT('',#2318);
#2318 = CARTESIAN_POINT('',(2.82,-2.45,3.43));
#2319 = LINE('',#2320,#2321);
#2320 = CARTESIAN_POINT('',(2.82,-2.45,2.521780765957));
#2321 = VECTOR('',#2322,1.);
#2322 = DIRECTION('',(-1.359631073447E-32,-1.110223024625E-16,-1.));
#2323 = ORIENTED_EDGE('',*,*,#2324,.T.);
#2324 = EDGE_CURVE('',#2317,#2301,#2325,.T.);
#2325 = LINE('',#2326,#2327);
#2326 = CARTESIAN_POINT('',(2.035,-2.45,3.43));
#2327 = VECTOR('',#2328,1.);
#2328 = DIRECTION('',(-1.,1.224646799147E-16,0.));
#2329 = FACE_BOUND('',#2330,.T.);
#2330 = EDGE_LOOP('',(#2331,#2341,#2349,#2357));
#2331 = ORIENTED_EDGE('',*,*,#2332,.T.);
#2332 = EDGE_CURVE('',#2333,#2335,#2337,.T.);
#2333 = VERTEX_POINT('',#2334);
#2334 = CARTESIAN_POINT('',(-0.32,-2.45,4.07));
#2335 = VERTEX_POINT('',#2336);
#2336 = CARTESIAN_POINT('',(0.32,-2.45,4.07));
#2337 = LINE('',#2338,#2339);
#2338 = CARTESIAN_POINT('',(0.785,-2.45,4.07));
#2339 = VECTOR('',#2340,1.);
#2340 = DIRECTION('',(1.,-1.224646799147E-16,0.));
#2341 = ORIENTED_EDGE('',*,*,#2342,.T.);
#2342 = EDGE_CURVE('',#2335,#2343,#2345,.T.);
#2343 = VERTEX_POINT('',#2344);
#2344 = CARTESIAN_POINT('',(0.32,-2.45,3.43));
#2345 = LINE('',#2346,#2347);
#2346 = CARTESIAN_POINT('',(0.32,-2.45,2.521780765957));
#2347 = VECTOR('',#2348,1.);
#2348 = DIRECTION('',(-1.359631073447E-32,-1.110223024625E-16,-1.));
#2349 = ORIENTED_EDGE('',*,*,#2350,.T.);
#2350 = EDGE_CURVE('',#2343,#2351,#2353,.T.);
#2351 = VERTEX_POINT('',#2352);
#2352 = CARTESIAN_POINT('',(-0.32,-2.45,3.43));
#2353 = LINE('',#2354,#2355);
#2354 = CARTESIAN_POINT('',(0.785,-2.45,3.43));
#2355 = VECTOR('',#2356,1.);
#2356 = DIRECTION('',(-1.,1.224646799147E-16,0.));
#2357 = ORIENTED_EDGE('',*,*,#2358,.F.);
#2358 = EDGE_CURVE('',#2333,#2351,#2359,.T.);
#2359 = LINE('',#2360,#2361);
#2360 = CARTESIAN_POINT('',(-0.32,-2.45,2.521780765957));
#2361 = VECTOR('',#2362,1.);
#2362 = DIRECTION('',(-1.359631073447E-32,-1.110223024625E-16,-1.));
#2363 = PLANE('',#2364);
#2364 = AXIS2_PLACEMENT_3D('',#2365,#2366,#2367);
#2365 = CARTESIAN_POINT('',(1.25,-2.45,3.175));
#2366 = DIRECTION('',(-1.224646799147E-16,-1.,1.110223024625E-16));
#2367 = DIRECTION('',(-1.,1.224646799147E-16,0.));
#2368 = ADVANCED_FACE('',(#2369),#2380,.T.);
#2369 = FACE_BOUND('',#2370,.T.);
#2370 = EDGE_LOOP('',(#2371,#2372,#2378,#2379));
#2371 = ORIENTED_EDGE('',*,*,#1870,.T.);
#2372 = ORIENTED_EDGE('',*,*,#2373,.T.);
#2373 = EDGE_CURVE('',#1871,#1757,#2374,.T.);
#2374 = LINE('',#2375,#2376);
#2375 = CARTESIAN_POINT('',(0.32,0.32,3.38));
#2376 = VECTOR('',#2377,1.);
#2377 = DIRECTION('',(-1.,1.224646799147E-16,0.));
#2378 = ORIENTED_EDGE('',*,*,#1756,.F.);
#2379 = ORIENTED_EDGE('',*,*,#1740,.F.);
#2380 = CYLINDRICAL_SURFACE('',#2381,0.69);
#2381 = AXIS2_PLACEMENT_3D('',#2382,#2383,#2384);
#2382 = CARTESIAN_POINT('',(0.32,-0.37,3.38));
#2383 = DIRECTION('',(-1.,1.224646799147E-16,0.));
#2384 = DIRECTION('',(0.,0.,1.));
#2385 = ADVANCED_FACE('',(#2386),#2397,.F.);
#2386 = FACE_BOUND('',#2387,.F.);
#2387 = EDGE_LOOP('',(#2388,#2389,#2395,#2396));
#2388 = ORIENTED_EDGE('',*,*,#1935,.T.);
#2389 = ORIENTED_EDGE('',*,*,#2390,.T.);
#2390 = EDGE_CURVE('',#1928,#1814,#2391,.T.);
#2391 = LINE('',#2392,#2393);
#2392 = CARTESIAN_POINT('',(0.32,-0.32,3.38));
#2393 = VECTOR('',#2394,1.);
#2394 = DIRECTION('',(-1.,1.224646799147E-16,0.));
#2395 = ORIENTED_EDGE('',*,*,#1821,.F.);
#2396 = ORIENTED_EDGE('',*,*,#1852,.F.);
#2397 = CYLINDRICAL_SURFACE('',#2398,5.E-02);
#2398 = AXIS2_PLACEMENT_3D('',#2399,#2400,#2401);
#2399 = CARTESIAN_POINT('',(0.32,-0.37,3.38));
#2400 = DIRECTION('',(-1.,1.224646799147E-16,0.));
#2401 = DIRECTION('',(0.,0.,1.));
#2402 = ADVANCED_FACE('',(#2403),#2414,.F.);
#2403 = FACE_BOUND('',#2404,.F.);
#2404 = EDGE_LOOP('',(#2405,#2406,#2412,#2413));
#2405 = ORIENTED_EDGE('',*,*,#1927,.F.);
#2406 = ORIENTED_EDGE('',*,*,#2407,.T.);
#2407 = EDGE_CURVE('',#1920,#1806,#2408,.T.);
#2408 = LINE('',#2409,#2410);
#2409 = CARTESIAN_POINT('',(0.32,-0.32,-0.9));
#2410 = VECTOR('',#2411,1.);
#2411 = DIRECTION('',(-1.,1.224646799147E-16,0.));
#2412 = ORIENTED_EDGE('',*,*,#1813,.T.);
#2413 = ORIENTED_EDGE('',*,*,#2390,.F.);
#2414 = PLANE('',#2415);
#2415 = AXIS2_PLACEMENT_3D('',#2416,#2417,#2418);
#2416 = CARTESIAN_POINT('',(0.32,-0.32,-0.9));
#2417 = DIRECTION('',(1.224646799147E-16,1.,0.));
#2418 = DIRECTION('',(0.,-0.,1.));
#2419 = ADVANCED_FACE('',(#2420),#2431,.F.);
#2420 = FACE_BOUND('',#2421,.F.);
#2421 = EDGE_LOOP('',(#2422,#2428,#2429,#2430));
#2422 = ORIENTED_EDGE('',*,*,#2423,.T.);
#2423 = EDGE_CURVE('',#1912,#1798,#2424,.T.);
#2424 = LINE('',#2425,#2426);
#2425 = CARTESIAN_POINT('',(0.32,-0.62,-1.5));
#2426 = VECTOR('',#2427,1.);
#2427 = DIRECTION('',(-1.,1.224646799147E-16,0.));
#2428 = ORIENTED_EDGE('',*,*,#1805,.T.);
#2429 = ORIENTED_EDGE('',*,*,#2407,.F.);
#2430 = ORIENTED_EDGE('',*,*,#1919,.F.);
#2431 = PLANE('',#2432);
#2432 = AXIS2_PLACEMENT_3D('',#2433,#2434,#2435);
#2433 = CARTESIAN_POINT('',(0.32,-0.62,-1.5));
#2434 = DIRECTION('',(1.095357396528E-16,0.894427191,-0.4472135955));
#2435 = DIRECTION('',(5.476786982641E-17,0.4472135955,0.894427191));
#2436 = ADVANCED_FACE('',(#2437),#2464,.F.);
#2437 = FACE_BOUND('',#2438,.F.);
#2438 = EDGE_LOOP('',(#2439,#2440,#2448,#2456,#2462,#2463));
#2439 = ORIENTED_EDGE('',*,*,#1911,.F.);
#2440 = ORIENTED_EDGE('',*,*,#2441,.F.);
#2441 = EDGE_CURVE('',#2442,#1904,#2444,.T.);
#2442 = VERTEX_POINT('',#2443);
#2443 = CARTESIAN_POINT('',(0.317552593066,-0.351192514695,
    -3.202447406934));
#2444 = LINE('',#2445,#2446);
#2445 = CARTESIAN_POINT('',(0.193816689466,-0.331655266758,
    -3.326183310534));
#2446 = VECTOR('',#2447,1.);
#2447 = DIRECTION('',(0.702740385383,-0.110959008218,0.702740385383));
#2448 = ORIENTED_EDGE('',*,*,#2449,.T.);
#2449 = EDGE_CURVE('',#2442,#2450,#2452,.T.);
#2450 = VERTEX_POINT('',#2451);
#2451 = CARTESIAN_POINT('',(-0.317552593066,-0.351192514695,
    -3.202447406934));
#2452 = LINE('',#2453,#2454);
#2453 = CARTESIAN_POINT('',(0.32,-0.351192514695,-3.202447406934));
#2454 = VECTOR('',#2455,1.);
#2455 = DIRECTION('',(-1.,1.224646799147E-16,0.));
#2456 = ORIENTED_EDGE('',*,*,#2457,.T.);
#2457 = EDGE_CURVE('',#2450,#1790,#2458,.T.);
#2458 = LINE('',#2459,#2460);
#2459 = CARTESIAN_POINT('',(-3.578659370725E-02,-0.306703146375,
    -3.484213406293));
#2460 = VECTOR('',#2461,1.);
#2461 = DIRECTION('',(-0.702740385383,-0.110959008218,0.702740385383));
#2462 = ORIENTED_EDGE('',*,*,#1797,.T.);
#2463 = ORIENTED_EDGE('',*,*,#2423,.F.);
#2464 = PLANE('',#2465);
#2465 = AXIS2_PLACEMENT_3D('',#2466,#2467,#2468);
#2466 = CARTESIAN_POINT('',(0.32,-0.32,-3.4));
#2467 = DIRECTION('',(1.209660753807E-16,0.987762965329,0.155962573473)
  );
#2468 = DIRECTION('',(-1.909990663905E-17,-0.155962573473,0.987762965329
    ));
#2469 = ADVANCED_FACE('',(#2470),#2504,.F.);
#2470 = FACE_BOUND('',#2471,.T.);
#2471 = EDGE_LOOP('',(#2472,#2480,#2481,#2482,#2490,#2498));
#2472 = ORIENTED_EDGE('',*,*,#2473,.T.);
#2473 = EDGE_CURVE('',#2474,#2450,#2476,.T.);
#2474 = VERTEX_POINT('',#2475);
#2475 = CARTESIAN_POINT('',(-0.12,-0.12,-3.4));
#2476 = LINE('',#2477,#2478);
#2477 = CARTESIAN_POINT('',(-4.270986134977E-02,-2.95486359438E-02,
    -3.47729013865));
#2478 = VECTOR('',#2479,1.);
#2479 = DIRECTION('',(-0.544770019249,-0.63753529491,0.544770019249));
#2480 = ORIENTED_EDGE('',*,*,#2457,.T.);
#2481 = ORIENTED_EDGE('',*,*,#1789,.F.);
#2482 = ORIENTED_EDGE('',*,*,#2483,.F.);
#2483 = EDGE_CURVE('',#2484,#1782,#2486,.T.);
#2484 = VERTEX_POINT('',#2485);
#2485 = CARTESIAN_POINT('',(-0.317552593066,0.288807485305,
    -3.202447406934));
#2486 = LINE('',#2487,#2488);
#2487 = CARTESIAN_POINT('',(-0.541586867305,0.253433652531,
    -2.978413132695));
#2488 = VECTOR('',#2489,1.);
#2489 = DIRECTION('',(-0.702740385383,-0.110959008218,0.702740385383));
#2490 = ORIENTED_EDGE('',*,*,#2491,.F.);
#2491 = EDGE_CURVE('',#2492,#2484,#2494,.T.);
#2492 = VERTEX_POINT('',#2493);
#2493 = CARTESIAN_POINT('',(-0.12,0.12,-3.4));
#2494 = LINE('',#2495,#2496);
#2495 = CARTESIAN_POINT('',(-0.138643150189,0.135930458076,
    -3.381356849811));
#2496 = VECTOR('',#2497,1.);
#2497 = DIRECTION('',(-0.605209817607,0.517148096144,0.605209817607));
#2498 = ORIENTED_EDGE('',*,*,#2499,.T.);
#2499 = EDGE_CURVE('',#2492,#2474,#2500,.T.);
#2500 = LINE('',#2501,#2502);
#2501 = CARTESIAN_POINT('',(-0.12,0.32,-3.4));
#2502 = VECTOR('',#2503,1.);
#2503 = DIRECTION('',(-1.224646799147E-16,-1.,0.));
#2504 = PLANE('',#2505);
#2505 = AXIS2_PLACEMENT_3D('',#2506,#2507,#2508);
#2506 = CARTESIAN_POINT('',(-0.22,0.32,-3.3));
#2507 = DIRECTION('',(0.707106781187,-8.833102285013E-17,0.707106781187)
  );
#2508 = DIRECTION('',(1.236918052038E-16,1.,1.227125289097E-18));
#2509 = ADVANCED_FACE('',(#2510),#2535,.F.);
#2510 = FACE_BOUND('',#2511,.F.);
#2511 = EDGE_LOOP('',(#2512,#2513,#2519,#2520,#2521,#2529));
#2512 = ORIENTED_EDGE('',*,*,#1895,.F.);
#2513 = ORIENTED_EDGE('',*,*,#2514,.T.);
#2514 = EDGE_CURVE('',#1888,#1774,#2515,.T.);
#2515 = LINE('',#2516,#2517);
#2516 = CARTESIAN_POINT('',(0.32,2.E-02,-1.5));
#2517 = VECTOR('',#2518,1.);
#2518 = DIRECTION('',(-1.,1.224646799147E-16,0.));
#2519 = ORIENTED_EDGE('',*,*,#1781,.T.);
#2520 = ORIENTED_EDGE('',*,*,#2483,.F.);
#2521 = ORIENTED_EDGE('',*,*,#2522,.F.);
#2522 = EDGE_CURVE('',#2523,#2484,#2525,.T.);
#2523 = VERTEX_POINT('',#2524);
#2524 = CARTESIAN_POINT('',(0.317552593066,0.288807485305,
    -3.202447406934));
#2525 = LINE('',#2526,#2527);
#2526 = CARTESIAN_POINT('',(0.32,0.288807485305,-3.202447406934));
#2527 = VECTOR('',#2528,1.);
#2528 = DIRECTION('',(-1.,1.224646799147E-16,0.));
#2529 = ORIENTED_EDGE('',*,*,#2530,.T.);
#2530 = EDGE_CURVE('',#2523,#1896,#2531,.T.);
#2531 = LINE('',#2532,#2533);
#2532 = CARTESIAN_POINT('',(0.699616963064,0.228481532148,
    -2.820383036936));
#2533 = VECTOR('',#2534,1.);
#2534 = DIRECTION('',(0.702740385383,-0.110959008218,0.702740385383));
#2535 = PLANE('',#2536);
#2536 = AXIS2_PLACEMENT_3D('',#2537,#2538,#2539);
#2537 = CARTESIAN_POINT('',(0.32,2.E-02,-1.5));
#2538 = DIRECTION('',(-1.209660753807E-16,-0.987762965329,
    -0.155962573473));
#2539 = DIRECTION('',(1.909990663905E-17,0.155962573473,-0.987762965329)
  );
#2540 = ADVANCED_FACE('',(#2541),#2552,.F.);
#2541 = FACE_BOUND('',#2542,.F.);
#2542 = EDGE_LOOP('',(#2543,#2549,#2550,#2551));
#2543 = ORIENTED_EDGE('',*,*,#2544,.T.);
#2544 = EDGE_CURVE('',#1880,#1766,#2545,.T.);
#2545 = LINE('',#2546,#2547);
#2546 = CARTESIAN_POINT('',(0.32,0.32,-0.9));
#2547 = VECTOR('',#2548,1.);
#2548 = DIRECTION('',(-1.,1.224646799147E-16,0.));
#2549 = ORIENTED_EDGE('',*,*,#1773,.T.);
#2550 = ORIENTED_EDGE('',*,*,#2514,.F.);
#2551 = ORIENTED_EDGE('',*,*,#1887,.F.);
#2552 = PLANE('',#2553);
#2553 = AXIS2_PLACEMENT_3D('',#2554,#2555,#2556);
#2554 = CARTESIAN_POINT('',(0.32,0.32,-0.9));
#2555 = DIRECTION('',(-1.095357396528E-16,-0.894427191,0.4472135955));
#2556 = DIRECTION('',(-5.476786982641E-17,-0.4472135955,-0.894427191));
#2557 = ADVANCED_FACE('',(#2558),#2564,.F.);
#2558 = FACE_BOUND('',#2559,.F.);
#2559 = EDGE_LOOP('',(#2560,#2561,#2562,#2563));
#2560 = ORIENTED_EDGE('',*,*,#1879,.F.);
#2561 = ORIENTED_EDGE('',*,*,#2373,.T.);
#2562 = ORIENTED_EDGE('',*,*,#1765,.T.);
#2563 = ORIENTED_EDGE('',*,*,#2544,.F.);
#2564 = PLANE('',#2565);
#2565 = AXIS2_PLACEMENT_3D('',#2566,#2567,#2568);
#2566 = CARTESIAN_POINT('',(0.32,0.32,4.07));
#2567 = DIRECTION('',(-1.224646799147E-16,-1.,0.));
#2568 = DIRECTION('',(-0.,0.,-1.));
#2569 = ADVANCED_FACE('',(#2570),#2597,.T.);
#2570 = FACE_BOUND('',#2571,.F.);
#2571 = EDGE_LOOP('',(#2572,#2580,#2581,#2582,#2583,#2591));
#2572 = ORIENTED_EDGE('',*,*,#2573,.T.);
#2573 = EDGE_CURVE('',#2574,#2442,#2576,.T.);
#2574 = VERTEX_POINT('',#2575);
#2575 = CARTESIAN_POINT('',(0.12,-0.12,-3.4));
#2576 = LINE('',#2577,#2578);
#2577 = CARTESIAN_POINT('',(0.137677660989,-0.140687872705,
    -3.382322339011));
#2578 = VECTOR('',#2579,1.);
#2579 = DIRECTION('',(0.544770019249,-0.63753529491,0.544770019249));
#2580 = ORIENTED_EDGE('',*,*,#2441,.T.);
#2581 = ORIENTED_EDGE('',*,*,#1903,.F.);
#2582 = ORIENTED_EDGE('',*,*,#2530,.F.);
#2583 = ORIENTED_EDGE('',*,*,#2584,.F.);
#2584 = EDGE_CURVE('',#2585,#2523,#2587,.T.);
#2585 = VERTEX_POINT('',#2586);
#2586 = CARTESIAN_POINT('',(0.12,0.12,-3.4));
#2587 = LINE('',#2588,#2589);
#2588 = CARTESIAN_POINT('',(0.255852405654,0.236085051658,
    -3.264147594346));
#2589 = VECTOR('',#2590,1.);
#2590 = DIRECTION('',(0.605209817607,0.517148096144,0.605209817607));
#2591 = ORIENTED_EDGE('',*,*,#2592,.T.);
#2592 = EDGE_CURVE('',#2585,#2574,#2593,.T.);
#2593 = LINE('',#2594,#2595);
#2594 = CARTESIAN_POINT('',(0.12,0.32,-3.4));
#2595 = VECTOR('',#2596,1.);
#2596 = DIRECTION('',(-1.224646799147E-16,-1.,0.));
#2597 = PLANE('',#2598);
#2598 = AXIS2_PLACEMENT_3D('',#2599,#2600,#2601);
#2599 = CARTESIAN_POINT('',(0.22,0.32,-3.3));
#2600 = DIRECTION('',(0.707106781187,-8.486018839685E-17,-0.707106781187
    ));
#2601 = DIRECTION('',(1.212375546256E-16,1.,1.227125289196E-18));
#2602 = ADVANCED_FACE('',(#2603),#2614,.F.);
#2603 = FACE_BOUND('',#2604,.F.);
#2604 = EDGE_LOOP('',(#2605,#2606,#2612,#2613));
#2605 = ORIENTED_EDGE('',*,*,#2146,.T.);
#2606 = ORIENTED_EDGE('',*,*,#2607,.T.);
#2607 = EDGE_CURVE('',#2139,#2018,#2608,.T.);
#2608 = LINE('',#2609,#2610);
#2609 = CARTESIAN_POINT('',(2.82,-0.32,3.38));
#2610 = VECTOR('',#2611,1.);
#2611 = DIRECTION('',(-1.,1.224646799147E-16,0.));
#2612 = ORIENTED_EDGE('',*,*,#2025,.F.);
#2613 = ORIENTED_EDGE('',*,*,#2056,.F.);
#2614 = CYLINDRICAL_SURFACE('',#2615,5.E-02);
#2615 = AXIS2_PLACEMENT_3D('',#2616,#2617,#2618);
#2616 = CARTESIAN_POINT('',(2.82,-0.37,3.38));
#2617 = DIRECTION('',(-1.,1.224646799147E-16,0.));
#2618 = DIRECTION('',(0.,0.,1.));
#2619 = ADVANCED_FACE('',(#2620),#2631,.F.);
#2620 = FACE_BOUND('',#2621,.F.);
#2621 = EDGE_LOOP('',(#2622,#2623,#2629,#2630));
#2622 = ORIENTED_EDGE('',*,*,#2138,.F.);
#2623 = ORIENTED_EDGE('',*,*,#2624,.T.);
#2624 = EDGE_CURVE('',#2131,#2010,#2625,.T.);
#2625 = LINE('',#2626,#2627);
#2626 = CARTESIAN_POINT('',(2.82,-0.32,-0.9));
#2627 = VECTOR('',#2628,1.);
#2628 = DIRECTION('',(-1.,1.224646799147E-16,0.));
#2629 = ORIENTED_EDGE('',*,*,#2017,.T.);
#2630 = ORIENTED_EDGE('',*,*,#2607,.F.);
#2631 = PLANE('',#2632);
#2632 = AXIS2_PLACEMENT_3D('',#2633,#2634,#2635);
#2633 = CARTESIAN_POINT('',(2.82,-0.32,-0.9));
#2634 = DIRECTION('',(1.224646799147E-16,1.,0.));
#2635 = DIRECTION('',(0.,-0.,1.));
#2636 = ADVANCED_FACE('',(#2637),#2648,.F.);
#2637 = FACE_BOUND('',#2638,.F.);
#2638 = EDGE_LOOP('',(#2639,#2645,#2646,#2647));
#2639 = ORIENTED_EDGE('',*,*,#2640,.T.);
#2640 = EDGE_CURVE('',#2123,#2002,#2641,.T.);
#2641 = LINE('',#2642,#2643);
#2642 = CARTESIAN_POINT('',(2.82,-0.62,-1.5));
#2643 = VECTOR('',#2644,1.);
#2644 = DIRECTION('',(-1.,1.224646799147E-16,0.));
#2645 = ORIENTED_EDGE('',*,*,#2009,.T.);
#2646 = ORIENTED_EDGE('',*,*,#2624,.F.);
#2647 = ORIENTED_EDGE('',*,*,#2130,.F.);
#2648 = PLANE('',#2649);
#2649 = AXIS2_PLACEMENT_3D('',#2650,#2651,#2652);
#2650 = CARTESIAN_POINT('',(2.82,-0.62,-1.5));
#2651 = DIRECTION('',(1.095357396528E-16,0.894427191,-0.4472135955));
#2652 = DIRECTION('',(5.476786982641E-17,0.4472135955,0.894427191));
#2653 = ADVANCED_FACE('',(#2654),#2681,.F.);
#2654 = FACE_BOUND('',#2655,.F.);
#2655 = EDGE_LOOP('',(#2656,#2657,#2665,#2673,#2679,#2680));
#2656 = ORIENTED_EDGE('',*,*,#2122,.F.);
#2657 = ORIENTED_EDGE('',*,*,#2658,.F.);
#2658 = EDGE_CURVE('',#2659,#2115,#2661,.T.);
#2659 = VERTEX_POINT('',#2660);
#2660 = CARTESIAN_POINT('',(2.817552593066,-0.351192514695,
    -3.202447406934));
#2661 = LINE('',#2662,#2663);
#2662 = CARTESIAN_POINT('',(2.693816689466,-0.331655266758,
    -3.326183310534));
#2663 = VECTOR('',#2664,1.);
#2664 = DIRECTION('',(0.702740385383,-0.110959008218,0.702740385383));
#2665 = ORIENTED_EDGE('',*,*,#2666,.T.);
#2666 = EDGE_CURVE('',#2659,#2667,#2669,.T.);
#2667 = VERTEX_POINT('',#2668);
#2668 = CARTESIAN_POINT('',(2.182447406934,-0.351192514695,
    -3.202447406934));
#2669 = LINE('',#2670,#2671);
#2670 = CARTESIAN_POINT('',(2.82,-0.351192514695,-3.202447406934));
#2671 = VECTOR('',#2672,1.);
#2672 = DIRECTION('',(-1.,1.224646799147E-16,0.));
#2673 = ORIENTED_EDGE('',*,*,#2674,.T.);
#2674 = EDGE_CURVE('',#2667,#1994,#2675,.T.);
#2675 = LINE('',#2676,#2677);
#2676 = CARTESIAN_POINT('',(2.464213406293,-0.306703146375,
    -3.484213406293));
#2677 = VECTOR('',#2678,1.);
#2678 = DIRECTION('',(-0.702740385383,-0.110959008218,0.702740385383));
#2679 = ORIENTED_EDGE('',*,*,#2001,.T.);
#2680 = ORIENTED_EDGE('',*,*,#2640,.F.);
#2681 = PLANE('',#2682);
#2682 = AXIS2_PLACEMENT_3D('',#2683,#2684,#2685);
#2683 = CARTESIAN_POINT('',(2.82,-0.32,-3.4));
#2684 = DIRECTION('',(1.209660753807E-16,0.987762965329,0.155962573473)
  );
#2685 = DIRECTION('',(-1.909990663905E-17,-0.155962573473,0.987762965329
    ));
#2686 = ADVANCED_FACE('',(#2687),#2721,.F.);
#2687 = FACE_BOUND('',#2688,.T.);
#2688 = EDGE_LOOP('',(#2689,#2697,#2698,#2699,#2707,#2715));
#2689 = ORIENTED_EDGE('',*,*,#2690,.T.);
#2690 = EDGE_CURVE('',#2691,#2667,#2693,.T.);
#2691 = VERTEX_POINT('',#2692);
#2692 = CARTESIAN_POINT('',(2.38,-0.12,-3.4));
#2693 = LINE('',#2694,#2695);
#2694 = CARTESIAN_POINT('',(2.45729013865,-2.95486359438E-02,
    -3.47729013865));
#2695 = VECTOR('',#2696,1.);
#2696 = DIRECTION('',(-0.544770019249,-0.63753529491,0.544770019249));
#2697 = ORIENTED_EDGE('',*,*,#2674,.T.);
#2698 = ORIENTED_EDGE('',*,*,#1993,.F.);
#2699 = ORIENTED_EDGE('',*,*,#2700,.F.);
#2700 = EDGE_CURVE('',#2701,#1986,#2703,.T.);
#2701 = VERTEX_POINT('',#2702);
#2702 = CARTESIAN_POINT('',(2.182447406934,0.288807485305,
    -3.202447406934));
#2703 = LINE('',#2704,#2705);
#2704 = CARTESIAN_POINT('',(1.958413132695,0.253433652531,
    -2.978413132695));
#2705 = VECTOR('',#2706,1.);
#2706 = DIRECTION('',(-0.702740385383,-0.110959008218,0.702740385383));
#2707 = ORIENTED_EDGE('',*,*,#2708,.F.);
#2708 = EDGE_CURVE('',#2709,#2701,#2711,.T.);
#2709 = VERTEX_POINT('',#2710);
#2710 = CARTESIAN_POINT('',(2.38,0.12,-3.4));
#2711 = LINE('',#2712,#2713);
#2712 = CARTESIAN_POINT('',(2.361356849811,0.135930458076,
    -3.381356849811));
#2713 = VECTOR('',#2714,1.);
#2714 = DIRECTION('',(-0.605209817607,0.517148096144,0.605209817607));
#2715 = ORIENTED_EDGE('',*,*,#2716,.T.);
#2716 = EDGE_CURVE('',#2709,#2691,#2717,.T.);
#2717 = LINE('',#2718,#2719);
#2718 = CARTESIAN_POINT('',(2.38,0.32,-3.4));
#2719 = VECTOR('',#2720,1.);
#2720 = DIRECTION('',(-1.224646799147E-16,-1.,0.));
#2721 = PLANE('',#2722);
#2722 = AXIS2_PLACEMENT_3D('',#2723,#2724,#2725);
#2723 = CARTESIAN_POINT('',(2.28,0.32,-3.3));
#2724 = DIRECTION('',(0.707106781187,-8.833102285013E-17,0.707106781187)
  );
#2725 = DIRECTION('',(1.236918052038E-16,1.,1.227125289097E-18));
#2726 = ADVANCED_FACE('',(#2727),#2752,.F.);
#2727 = FACE_BOUND('',#2728,.F.);
#2728 = EDGE_LOOP('',(#2729,#2730,#2736,#2737,#2738,#2746));
#2729 = ORIENTED_EDGE('',*,*,#2106,.F.);
#2730 = ORIENTED_EDGE('',*,*,#2731,.T.);
#2731 = EDGE_CURVE('',#2099,#1978,#2732,.T.);
#2732 = LINE('',#2733,#2734);
#2733 = CARTESIAN_POINT('',(2.82,2.E-02,-1.5));
#2734 = VECTOR('',#2735,1.);
#2735 = DIRECTION('',(-1.,1.224646799147E-16,0.));
#2736 = ORIENTED_EDGE('',*,*,#1985,.T.);
#2737 = ORIENTED_EDGE('',*,*,#2700,.F.);
#2738 = ORIENTED_EDGE('',*,*,#2739,.F.);
#2739 = EDGE_CURVE('',#2740,#2701,#2742,.T.);
#2740 = VERTEX_POINT('',#2741);
#2741 = CARTESIAN_POINT('',(2.817552593066,0.288807485305,
    -3.202447406934));
#2742 = LINE('',#2743,#2744);
#2743 = CARTESIAN_POINT('',(2.82,0.288807485305,-3.202447406934));
#2744 = VECTOR('',#2745,1.);
#2745 = DIRECTION('',(-1.,1.224646799147E-16,0.));
#2746 = ORIENTED_EDGE('',*,*,#2747,.T.);
#2747 = EDGE_CURVE('',#2740,#2107,#2748,.T.);
#2748 = LINE('',#2749,#2750);
#2749 = CARTESIAN_POINT('',(3.199616963064,0.228481532148,
    -2.820383036936));
#2750 = VECTOR('',#2751,1.);
#2751 = DIRECTION('',(0.702740385383,-0.110959008218,0.702740385383));
#2752 = PLANE('',#2753);
#2753 = AXIS2_PLACEMENT_3D('',#2754,#2755,#2756);
#2754 = CARTESIAN_POINT('',(2.82,2.E-02,-1.5));
#2755 = DIRECTION('',(-1.209660753807E-16,-0.987762965329,
    -0.155962573473));
#2756 = DIRECTION('',(1.909990663905E-17,0.155962573473,-0.987762965329)
  );
#2757 = ADVANCED_FACE('',(#2758),#2769,.F.);
#2758 = FACE_BOUND('',#2759,.F.);
#2759 = EDGE_LOOP('',(#2760,#2766,#2767,#2768));
#2760 = ORIENTED_EDGE('',*,*,#2761,.T.);
#2761 = EDGE_CURVE('',#2091,#1970,#2762,.T.);
#2762 = LINE('',#2763,#2764);
#2763 = CARTESIAN_POINT('',(2.82,0.32,-0.9));
#2764 = VECTOR('',#2765,1.);
#2765 = DIRECTION('',(-1.,1.224646799147E-16,0.));
#2766 = ORIENTED_EDGE('',*,*,#1977,.T.);
#2767 = ORIENTED_EDGE('',*,*,#2731,.F.);
#2768 = ORIENTED_EDGE('',*,*,#2098,.F.);
#2769 = PLANE('',#2770);
#2770 = AXIS2_PLACEMENT_3D('',#2771,#2772,#2773);
#2771 = CARTESIAN_POINT('',(2.82,0.32,-0.9));
#2772 = DIRECTION('',(-1.095357396528E-16,-0.894427191,0.4472135955));
#2773 = DIRECTION('',(-5.476786982641E-17,-0.4472135955,-0.894427191));
#2774 = ADVANCED_FACE('',(#2775),#2786,.F.);
#2775 = FACE_BOUND('',#2776,.F.);
#2776 = EDGE_LOOP('',(#2777,#2778,#2784,#2785));
#2777 = ORIENTED_EDGE('',*,*,#2090,.F.);
#2778 = ORIENTED_EDGE('',*,*,#2779,.T.);
#2779 = EDGE_CURVE('',#2082,#1961,#2780,.T.);
#2780 = LINE('',#2781,#2782);
#2781 = CARTESIAN_POINT('',(2.82,0.32,3.38));
#2782 = VECTOR('',#2783,1.);
#2783 = DIRECTION('',(-1.,1.224646799147E-16,0.));
#2784 = ORIENTED_EDGE('',*,*,#1969,.T.);
#2785 = ORIENTED_EDGE('',*,*,#2761,.F.);
#2786 = PLANE('',#2787);
#2787 = AXIS2_PLACEMENT_3D('',#2788,#2789,#2790);
#2788 = CARTESIAN_POINT('',(2.82,0.32,4.07));
#2789 = DIRECTION('',(-1.224646799147E-16,-1.,0.));
#2790 = DIRECTION('',(-0.,0.,-1.));
#2791 = ADVANCED_FACE('',(#2792),#2798,.T.);
#2792 = FACE_BOUND('',#2793,.T.);
#2793 = EDGE_LOOP('',(#2794,#2795,#2796,#2797));
#2794 = ORIENTED_EDGE('',*,*,#2081,.T.);
#2795 = ORIENTED_EDGE('',*,*,#2779,.T.);
#2796 = ORIENTED_EDGE('',*,*,#1960,.F.);
#2797 = ORIENTED_EDGE('',*,*,#2165,.F.);
#2798 = CYLINDRICAL_SURFACE('',#2799,0.69);
#2799 = AXIS2_PLACEMENT_3D('',#2800,#2801,#2802);
#2800 = CARTESIAN_POINT('',(2.82,-0.37,3.38));
#2801 = DIRECTION('',(-1.,1.224646799147E-16,0.));
#2802 = DIRECTION('',(0.,0.,1.));
#2803 = ADVANCED_FACE('',(#2804),#2831,.T.);
#2804 = FACE_BOUND('',#2805,.F.);
#2805 = EDGE_LOOP('',(#2806,#2814,#2815,#2816,#2817,#2825));
#2806 = ORIENTED_EDGE('',*,*,#2807,.T.);
#2807 = EDGE_CURVE('',#2808,#2659,#2810,.T.);
#2808 = VERTEX_POINT('',#2809);
#2809 = CARTESIAN_POINT('',(2.62,-0.12,-3.4));
#2810 = LINE('',#2811,#2812);
#2811 = CARTESIAN_POINT('',(2.637677660989,-0.140687872705,
    -3.382322339011));
#2812 = VECTOR('',#2813,1.);
#2813 = DIRECTION('',(0.544770019249,-0.63753529491,0.544770019249));
#2814 = ORIENTED_EDGE('',*,*,#2658,.T.);
#2815 = ORIENTED_EDGE('',*,*,#2114,.F.);
#2816 = ORIENTED_EDGE('',*,*,#2747,.F.);
#2817 = ORIENTED_EDGE('',*,*,#2818,.F.);
#2818 = EDGE_CURVE('',#2819,#2740,#2821,.T.);
#2819 = VERTEX_POINT('',#2820);
#2820 = CARTESIAN_POINT('',(2.62,0.12,-3.4));
#2821 = LINE('',#2822,#2823);
#2822 = CARTESIAN_POINT('',(2.755852405654,0.236085051658,
    -3.264147594346));
#2823 = VECTOR('',#2824,1.);
#2824 = DIRECTION('',(0.605209817607,0.517148096144,0.605209817607));
#2825 = ORIENTED_EDGE('',*,*,#2826,.T.);
#2826 = EDGE_CURVE('',#2819,#2808,#2827,.T.);
#2827 = LINE('',#2828,#2829);
#2828 = CARTESIAN_POINT('',(2.62,0.32,-3.4));
#2829 = VECTOR('',#2830,1.);
#2830 = DIRECTION('',(-1.224646799147E-16,-1.,0.));
#2831 = PLANE('',#2832);
#2832 = AXIS2_PLACEMENT_3D('',#2833,#2834,#2835);
#2833 = CARTESIAN_POINT('',(2.72,0.32,-3.3));
#2834 = DIRECTION('',(0.707106781187,-8.486018839685E-17,-0.707106781187
    ));
#2835 = DIRECTION('',(1.212375546256E-16,1.,1.227125289196E-18));
#2836 = ADVANCED_FACE('',(#2837),#2862,.T.);
#2837 = FACE_BOUND('',#2838,.T.);
#2838 = EDGE_LOOP('',(#2839,#2849,#2855,#2856));
#2839 = ORIENTED_EDGE('',*,*,#2840,.T.);
#2840 = EDGE_CURVE('',#2841,#2843,#2845,.T.);
#2841 = VERTEX_POINT('',#2842);
#2842 = CARTESIAN_POINT('',(2.18,-6.9,3.43));
#2843 = VERTEX_POINT('',#2844);
#2844 = CARTESIAN_POINT('',(2.18,-6.9,4.07));
#2845 = LINE('',#2846,#2847);
#2846 = CARTESIAN_POINT('',(2.18,-6.9,3.43));
#2847 = VECTOR('',#2848,1.);
#2848 = DIRECTION('',(0.,0.,1.));
#2849 = ORIENTED_EDGE('',*,*,#2850,.T.);
#2850 = EDGE_CURVE('',#2843,#2299,#2851,.T.);
#2851 = LINE('',#2852,#2853);
#2852 = CARTESIAN_POINT('',(2.18,-7.1,4.07));
#2853 = VECTOR('',#2854,1.);
#2854 = DIRECTION('',(1.224646799147E-16,1.,0.));
#2855 = ORIENTED_EDGE('',*,*,#2298,.T.);
#2856 = ORIENTED_EDGE('',*,*,#2857,.T.);
#2857 = EDGE_CURVE('',#2301,#2841,#2858,.T.);
#2858 = LINE('',#2859,#2860);
#2859 = CARTESIAN_POINT('',(2.18,-0.32,3.43));
#2860 = VECTOR('',#2861,1.);
#2861 = DIRECTION('',(-1.224646799147E-16,-1.,0.));
#2862 = PLANE('',#2863);
#2863 = AXIS2_PLACEMENT_3D('',#2864,#2865,#2866);
#2864 = CARTESIAN_POINT('',(2.18,-1.8494320772,1.868561531914));
#2865 = DIRECTION('',(-1.,1.224646799147E-16,0.));
#2866 = DIRECTION('',(0.,0.,1.));
#2867 = ADVANCED_FACE('',(#2868),#2886,.F.);
#2868 = FACE_BOUND('',#2869,.F.);
#2869 = EDGE_LOOP('',(#2870,#2878,#2879,#2880));
#2870 = ORIENTED_EDGE('',*,*,#2871,.F.);
#2871 = EDGE_CURVE('',#2317,#2872,#2874,.T.);
#2872 = VERTEX_POINT('',#2873);
#2873 = CARTESIAN_POINT('',(2.82,-6.9,3.43));
#2874 = LINE('',#2875,#2876);
#2875 = CARTESIAN_POINT('',(2.82,-0.32,3.43));
#2876 = VECTOR('',#2877,1.);
#2877 = DIRECTION('',(-1.224646799147E-16,-1.,0.));
#2878 = ORIENTED_EDGE('',*,*,#2324,.T.);
#2879 = ORIENTED_EDGE('',*,*,#2857,.T.);
#2880 = ORIENTED_EDGE('',*,*,#2881,.F.);
#2881 = EDGE_CURVE('',#2872,#2841,#2882,.T.);
#2882 = LINE('',#2883,#2884);
#2883 = CARTESIAN_POINT('',(2.82,-6.9,3.43));
#2884 = VECTOR('',#2885,1.);
#2885 = DIRECTION('',(-1.,1.224646799147E-16,0.));
#2886 = PLANE('',#2887);
#2887 = AXIS2_PLACEMENT_3D('',#2888,#2889,#2890);
#2888 = CARTESIAN_POINT('',(2.82,-0.32,3.43));
#2889 = DIRECTION('',(0.,0.,1.));
#2890 = DIRECTION('',(-1.224646799147E-16,-1.,0.));
#2891 = ADVANCED_FACE('',(#2892),#2910,.F.);
#2892 = FACE_BOUND('',#2893,.F.);
#2893 = EDGE_LOOP('',(#2894,#2902,#2908,#2909));
#2894 = ORIENTED_EDGE('',*,*,#2895,.T.);
#2895 = EDGE_CURVE('',#2872,#2896,#2898,.T.);
#2896 = VERTEX_POINT('',#2897);
#2897 = CARTESIAN_POINT('',(2.82,-6.9,4.07));
#2898 = LINE('',#2899,#2900);
#2899 = CARTESIAN_POINT('',(2.82,-6.9,3.43));
#2900 = VECTOR('',#2901,1.);
#2901 = DIRECTION('',(0.,0.,1.));
#2902 = ORIENTED_EDGE('',*,*,#2903,.T.);
#2903 = EDGE_CURVE('',#2896,#2309,#2904,.T.);
#2904 = LINE('',#2905,#2906);
#2905 = CARTESIAN_POINT('',(2.82,-7.1,4.07));
#2906 = VECTOR('',#2907,1.);
#2907 = DIRECTION('',(1.224646799147E-16,1.,0.));
#2908 = ORIENTED_EDGE('',*,*,#2316,.T.);
#2909 = ORIENTED_EDGE('',*,*,#2871,.T.);
#2910 = PLANE('',#2911);
#2911 = AXIS2_PLACEMENT_3D('',#2912,#2913,#2914);
#2912 = CARTESIAN_POINT('',(2.82,-1.8494320772,1.868561531914));
#2913 = DIRECTION('',(-1.,1.224646799147E-16,0.));
#2914 = DIRECTION('',(0.,0.,1.));
#2915 = ADVANCED_FACE('',(#2916),#2927,.F.);
#2916 = FACE_BOUND('',#2917,.F.);
#2917 = EDGE_LOOP('',(#2918,#2919,#2925,#2926));
#2918 = ORIENTED_EDGE('',*,*,#2903,.F.);
#2919 = ORIENTED_EDGE('',*,*,#2920,.T.);
#2920 = EDGE_CURVE('',#2896,#2843,#2921,.T.);
#2921 = LINE('',#2922,#2923);
#2922 = CARTESIAN_POINT('',(2.82,-6.9,4.07));
#2923 = VECTOR('',#2924,1.);
#2924 = DIRECTION('',(-1.,1.224646799147E-16,0.));
#2925 = ORIENTED_EDGE('',*,*,#2850,.T.);
#2926 = ORIENTED_EDGE('',*,*,#2308,.T.);
#2927 = PLANE('',#2928);
#2928 = AXIS2_PLACEMENT_3D('',#2929,#2930,#2931);
#2929 = CARTESIAN_POINT('',(2.82,-7.1,4.07));
#2930 = DIRECTION('',(-0.,0.,-1.));
#2931 = DIRECTION('',(1.224646799147E-16,1.,0.));
#2932 = ADVANCED_FACE('',(#2933),#2958,.F.);
#2933 = FACE_BOUND('',#2934,.F.);
#2934 = EDGE_LOOP('',(#2935,#2943,#2951,#2957));
#2935 = ORIENTED_EDGE('',*,*,#2936,.F.);
#2936 = EDGE_CURVE('',#2937,#2335,#2939,.T.);
#2937 = VERTEX_POINT('',#2938);
#2938 = CARTESIAN_POINT('',(0.32,-6.9,4.07));
#2939 = LINE('',#2940,#2941);
#2940 = CARTESIAN_POINT('',(0.32,-7.1,4.07));
#2941 = VECTOR('',#2942,1.);
#2942 = DIRECTION('',(1.224646799147E-16,1.,0.));
#2943 = ORIENTED_EDGE('',*,*,#2944,.T.);
#2944 = EDGE_CURVE('',#2937,#2945,#2947,.T.);
#2945 = VERTEX_POINT('',#2946);
#2946 = CARTESIAN_POINT('',(-0.32,-6.9,4.07));
#2947 = LINE('',#2948,#2949);
#2948 = CARTESIAN_POINT('',(0.32,-6.9,4.07));
#2949 = VECTOR('',#2950,1.);
#2950 = DIRECTION('',(-1.,1.224646799147E-16,0.));
#2951 = ORIENTED_EDGE('',*,*,#2952,.T.);
#2952 = EDGE_CURVE('',#2945,#2333,#2953,.T.);
#2953 = LINE('',#2954,#2955);
#2954 = CARTESIAN_POINT('',(-0.32,-7.1,4.07));
#2955 = VECTOR('',#2956,1.);
#2956 = DIRECTION('',(1.224646799147E-16,1.,0.));
#2957 = ORIENTED_EDGE('',*,*,#2332,.T.);
#2958 = PLANE('',#2959);
#2959 = AXIS2_PLACEMENT_3D('',#2960,#2961,#2962);
#2960 = CARTESIAN_POINT('',(0.32,-7.1,4.07));
#2961 = DIRECTION('',(-0.,0.,-1.));
#2962 = DIRECTION('',(1.224646799147E-16,1.,0.));
#2963 = ADVANCED_FACE('',(#2964),#2982,.T.);
#2964 = FACE_BOUND('',#2965,.T.);
#2965 = EDGE_LOOP('',(#2966,#2974,#2975,#2976));
#2966 = ORIENTED_EDGE('',*,*,#2967,.T.);
#2967 = EDGE_CURVE('',#2968,#2945,#2970,.T.);
#2968 = VERTEX_POINT('',#2969);
#2969 = CARTESIAN_POINT('',(-0.32,-6.9,3.43));
#2970 = LINE('',#2971,#2972);
#2971 = CARTESIAN_POINT('',(-0.32,-6.9,3.43));
#2972 = VECTOR('',#2973,1.);
#2973 = DIRECTION('',(0.,0.,1.));
#2974 = ORIENTED_EDGE('',*,*,#2952,.T.);
#2975 = ORIENTED_EDGE('',*,*,#2358,.T.);
#2976 = ORIENTED_EDGE('',*,*,#2977,.T.);
#2977 = EDGE_CURVE('',#2351,#2968,#2978,.T.);
#2978 = LINE('',#2979,#2980);
#2979 = CARTESIAN_POINT('',(-0.32,-0.32,3.43));
#2980 = VECTOR('',#2981,1.);
#2981 = DIRECTION('',(-1.224646799147E-16,-1.,0.));
#2982 = PLANE('',#2983);
#2983 = AXIS2_PLACEMENT_3D('',#2984,#2985,#2986);
#2984 = CARTESIAN_POINT('',(-0.32,-1.8494320772,1.868561531914));
#2985 = DIRECTION('',(-1.,1.224646799147E-16,0.));
#2986 = DIRECTION('',(0.,0.,1.));
#2987 = ADVANCED_FACE('',(#2988),#3006,.F.);
#2988 = FACE_BOUND('',#2989,.F.);
#2989 = EDGE_LOOP('',(#2990,#2998,#2999,#3000));
#2990 = ORIENTED_EDGE('',*,*,#2991,.F.);
#2991 = EDGE_CURVE('',#2343,#2992,#2994,.T.);
#2992 = VERTEX_POINT('',#2993);
#2993 = CARTESIAN_POINT('',(0.32,-6.9,3.43));
#2994 = LINE('',#2995,#2996);
#2995 = CARTESIAN_POINT('',(0.32,-0.32,3.43));
#2996 = VECTOR('',#2997,1.);
#2997 = DIRECTION('',(-1.224646799147E-16,-1.,0.));
#2998 = ORIENTED_EDGE('',*,*,#2350,.T.);
#2999 = ORIENTED_EDGE('',*,*,#2977,.T.);
#3000 = ORIENTED_EDGE('',*,*,#3001,.F.);
#3001 = EDGE_CURVE('',#2992,#2968,#3002,.T.);
#3002 = LINE('',#3003,#3004);
#3003 = CARTESIAN_POINT('',(0.32,-6.9,3.43));
#3004 = VECTOR('',#3005,1.);
#3005 = DIRECTION('',(-1.,1.224646799147E-16,0.));
#3006 = PLANE('',#3007);
#3007 = AXIS2_PLACEMENT_3D('',#3008,#3009,#3010);
#3008 = CARTESIAN_POINT('',(0.32,-0.32,3.43));
#3009 = DIRECTION('',(0.,0.,1.));
#3010 = DIRECTION('',(-1.224646799147E-16,-1.,0.));
#3011 = ADVANCED_FACE('',(#3012),#3023,.F.);
#3012 = FACE_BOUND('',#3013,.F.);
#3013 = EDGE_LOOP('',(#3014,#3020,#3021,#3022));
#3014 = ORIENTED_EDGE('',*,*,#3015,.T.);
#3015 = EDGE_CURVE('',#2992,#2937,#3016,.T.);
#3016 = LINE('',#3017,#3018);
#3017 = CARTESIAN_POINT('',(0.32,-6.9,3.43));
#3018 = VECTOR('',#3019,1.);
#3019 = DIRECTION('',(0.,0.,1.));
#3020 = ORIENTED_EDGE('',*,*,#2936,.T.);
#3021 = ORIENTED_EDGE('',*,*,#2342,.T.);
#3022 = ORIENTED_EDGE('',*,*,#2991,.T.);
#3023 = PLANE('',#3024);
#3024 = AXIS2_PLACEMENT_3D('',#3025,#3026,#3027);
#3025 = CARTESIAN_POINT('',(0.32,-1.8494320772,1.868561531914));
#3026 = DIRECTION('',(-1.,1.224646799147E-16,0.));
#3027 = DIRECTION('',(0.,0.,1.));
#3028 = ADVANCED_FACE('',(#3029),#3040,.T.);
#3029 = FACE_BOUND('',#3030,.F.);
#3030 = EDGE_LOOP('',(#3031,#3032,#3038,#3039));
#3031 = ORIENTED_EDGE('',*,*,#2573,.F.);
#3032 = ORIENTED_EDGE('',*,*,#3033,.T.);
#3033 = EDGE_CURVE('',#2574,#2474,#3034,.T.);
#3034 = LINE('',#3035,#3036);
#3035 = CARTESIAN_POINT('',(0.32,-0.12,-3.4));
#3036 = VECTOR('',#3037,1.);
#3037 = DIRECTION('',(-1.,1.224646799147E-16,0.));
#3038 = ORIENTED_EDGE('',*,*,#2473,.T.);
#3039 = ORIENTED_EDGE('',*,*,#2449,.F.);
#3040 = PLANE('',#3041);
#3041 = AXIS2_PLACEMENT_3D('',#3042,#3043,#3044);
#3042 = CARTESIAN_POINT('',(0.32,-0.235596257347,-3.301223703467));
#3043 = DIRECTION('',(-8.302774088379E-17,-0.64962967394,-0.760250805153
    ));
#3044 = DIRECTION('',(1.,-1.247195775152E-16,-2.638869166629E-18));
#3045 = ADVANCED_FACE('',(#3046),#3057,.F.);
#3046 = FACE_BOUND('',#3047,.F.);
#3047 = EDGE_LOOP('',(#3048,#3049,#3050,#3056));
#3048 = ORIENTED_EDGE('',*,*,#3033,.F.);
#3049 = ORIENTED_EDGE('',*,*,#2592,.F.);
#3050 = ORIENTED_EDGE('',*,*,#3051,.T.);
#3051 = EDGE_CURVE('',#2585,#2492,#3052,.T.);
#3052 = LINE('',#3053,#3054);
#3053 = CARTESIAN_POINT('',(0.32,0.12,-3.4));
#3054 = VECTOR('',#3055,1.);
#3055 = DIRECTION('',(-1.,1.224646799147E-16,0.));
#3056 = ORIENTED_EDGE('',*,*,#2499,.T.);
#3057 = PLANE('',#3058);
#3058 = AXIS2_PLACEMENT_3D('',#3059,#3060,#3061);
#3059 = CARTESIAN_POINT('',(0.32,0.32,-3.4));
#3060 = DIRECTION('',(0.,0.,1.));
#3061 = DIRECTION('',(-1.224646799147E-16,-1.,0.));
#3062 = ADVANCED_FACE('',(#3063),#3069,.T.);
#3063 = FACE_BOUND('',#3064,.T.);
#3064 = EDGE_LOOP('',(#3065,#3066,#3067,#3068));
#3065 = ORIENTED_EDGE('',*,*,#2584,.F.);
#3066 = ORIENTED_EDGE('',*,*,#3051,.T.);
#3067 = ORIENTED_EDGE('',*,*,#2491,.T.);
#3068 = ORIENTED_EDGE('',*,*,#2522,.F.);
#3069 = PLANE('',#3070);
#3070 = AXIS2_PLACEMENT_3D('',#3071,#3072,#3073);
#3071 = CARTESIAN_POINT('',(0.32,0.204403742653,-3.301223703467));
#3072 = DIRECTION('',(9.310387150808E-17,0.760250805153,-0.64962967394)
  );
#3073 = DIRECTION('',(-1.,1.224646799148E-16,-5.515863360725E-29));
#3074 = ADVANCED_FACE('',(#3075),#3086,.T.);
#3075 = FACE_BOUND('',#3076,.F.);
#3076 = EDGE_LOOP('',(#3077,#3078,#3084,#3085));
#3077 = ORIENTED_EDGE('',*,*,#2807,.F.);
#3078 = ORIENTED_EDGE('',*,*,#3079,.T.);
#3079 = EDGE_CURVE('',#2808,#2691,#3080,.T.);
#3080 = LINE('',#3081,#3082);
#3081 = CARTESIAN_POINT('',(2.82,-0.12,-3.4));
#3082 = VECTOR('',#3083,1.);
#3083 = DIRECTION('',(-1.,1.224646799147E-16,0.));
#3084 = ORIENTED_EDGE('',*,*,#2690,.T.);
#3085 = ORIENTED_EDGE('',*,*,#2666,.F.);
#3086 = PLANE('',#3087);
#3087 = AXIS2_PLACEMENT_3D('',#3088,#3089,#3090);
#3088 = CARTESIAN_POINT('',(2.82,-0.235596257347,-3.301223703467));
#3089 = DIRECTION('',(-8.302774088379E-17,-0.64962967394,-0.760250805153
    ));
#3090 = DIRECTION('',(1.,-1.247195775152E-16,-2.638869166629E-18));
#3091 = ADVANCED_FACE('',(#3092),#3103,.F.);
#3092 = FACE_BOUND('',#3093,.F.);
#3093 = EDGE_LOOP('',(#3094,#3095,#3096,#3102));
#3094 = ORIENTED_EDGE('',*,*,#3079,.F.);
#3095 = ORIENTED_EDGE('',*,*,#2826,.F.);
#3096 = ORIENTED_EDGE('',*,*,#3097,.T.);
#3097 = EDGE_CURVE('',#2819,#2709,#3098,.T.);
#3098 = LINE('',#3099,#3100);
#3099 = CARTESIAN_POINT('',(2.82,0.12,-3.4));
#3100 = VECTOR('',#3101,1.);
#3101 = DIRECTION('',(-1.,1.224646799147E-16,0.));
#3102 = ORIENTED_EDGE('',*,*,#2716,.T.);
#3103 = PLANE('',#3104);
#3104 = AXIS2_PLACEMENT_3D('',#3105,#3106,#3107);
#3105 = CARTESIAN_POINT('',(2.82,0.32,-3.4));
#3106 = DIRECTION('',(0.,0.,1.));
#3107 = DIRECTION('',(-1.224646799147E-16,-1.,0.));
#3108 = ADVANCED_FACE('',(#3109),#3115,.T.);
#3109 = FACE_BOUND('',#3110,.T.);
#3110 = EDGE_LOOP('',(#3111,#3112,#3113,#3114));
#3111 = ORIENTED_EDGE('',*,*,#2818,.F.);
#3112 = ORIENTED_EDGE('',*,*,#3097,.T.);
#3113 = ORIENTED_EDGE('',*,*,#2708,.T.);
#3114 = ORIENTED_EDGE('',*,*,#2739,.F.);
#3115 = PLANE('',#3116);
#3116 = AXIS2_PLACEMENT_3D('',#3117,#3118,#3119);
#3117 = CARTESIAN_POINT('',(2.82,0.204403742653,-3.301223703467));
#3118 = DIRECTION('',(9.310387150808E-17,0.760250805153,-0.64962967394)
  );
#3119 = DIRECTION('',(-1.,1.224646799148E-16,-5.515863360725E-29));
#3120 = ADVANCED_FACE('',(#3121),#3146,.F.);
#3121 = FACE_BOUND('',#3122,.F.);
#3122 = EDGE_LOOP('',(#3123,#3131,#3132,#3140));
#3123 = ORIENTED_EDGE('',*,*,#3124,.F.);
#3124 = EDGE_CURVE('',#2841,#3125,#3127,.T.);
#3125 = VERTEX_POINT('',#3126);
#3126 = CARTESIAN_POINT('',(2.38,-7.1,3.63));
#3127 = LINE('',#3128,#3129);
#3128 = CARTESIAN_POINT('',(2.353333333333,-7.073333333333,
    3.603333333333));
#3129 = VECTOR('',#3130,1.);
#3130 = DIRECTION('',(0.57735026919,-0.57735026919,0.57735026919));
#3131 = ORIENTED_EDGE('',*,*,#2840,.T.);
#3132 = ORIENTED_EDGE('',*,*,#3133,.T.);
#3133 = EDGE_CURVE('',#2843,#3134,#3136,.T.);
#3134 = VERTEX_POINT('',#3135);
#3135 = CARTESIAN_POINT('',(2.38,-7.1,3.87));
#3136 = LINE('',#3137,#3138);
#3137 = CARTESIAN_POINT('',(2.46,-7.18,3.79));
#3138 = VECTOR('',#3139,1.);
#3139 = DIRECTION('',(0.57735026919,-0.57735026919,-0.57735026919));
#3140 = ORIENTED_EDGE('',*,*,#3141,.F.);
#3141 = EDGE_CURVE('',#3125,#3134,#3142,.T.);
#3142 = LINE('',#3143,#3144);
#3143 = CARTESIAN_POINT('',(2.38,-7.1,3.43));
#3144 = VECTOR('',#3145,1.);
#3145 = DIRECTION('',(0.,0.,1.));
#3146 = PLANE('',#3147);
#3147 = AXIS2_PLACEMENT_3D('',#3148,#3149,#3150);
#3148 = CARTESIAN_POINT('',(2.28,-7.,3.43));
#3149 = DIRECTION('',(0.707106781187,0.707106781187,1.735417226644E-18)
  );
#3150 = DIRECTION('',(-1.227125289148E-18,-1.227125289148E-18,1.));
#3151 = ADVANCED_FACE('',(#3152),#3170,.T.);
#3152 = FACE_BOUND('',#3153,.F.);
#3153 = EDGE_LOOP('',(#3154,#3162,#3163,#3164));
#3154 = ORIENTED_EDGE('',*,*,#3155,.F.);
#3155 = EDGE_CURVE('',#2872,#3156,#3158,.T.);
#3156 = VERTEX_POINT('',#3157);
#3157 = CARTESIAN_POINT('',(2.62,-7.1,3.63));
#3158 = LINE('',#3159,#3160);
#3159 = CARTESIAN_POINT('',(2.753333333333,-6.966666666667,
    3.496666666667));
#3160 = VECTOR('',#3161,1.);
#3161 = DIRECTION('',(-0.57735026919,-0.57735026919,0.57735026919));
#3162 = ORIENTED_EDGE('',*,*,#2881,.T.);
#3163 = ORIENTED_EDGE('',*,*,#3124,.T.);
#3164 = ORIENTED_EDGE('',*,*,#3165,.F.);
#3165 = EDGE_CURVE('',#3156,#3125,#3166,.T.);
#3166 = LINE('',#3167,#3168);
#3167 = CARTESIAN_POINT('',(2.82,-7.1,3.63));
#3168 = VECTOR('',#3169,1.);
#3169 = DIRECTION('',(-1.,1.224646799147E-16,0.));
#3170 = PLANE('',#3171);
#3171 = AXIS2_PLACEMENT_3D('',#3172,#3173,#3174);
#3172 = CARTESIAN_POINT('',(2.82,-7.,3.53));
#3173 = DIRECTION('',(-8.659560562349E-17,-0.707106781187,
    -0.707106781187));
#3174 = DIRECTION('',(1.,-1.224646799147E-16,2.105272540809E-29));
#3175 = ADVANCED_FACE('',(#3176),#3194,.T.);
#3176 = FACE_BOUND('',#3177,.T.);
#3177 = EDGE_LOOP('',(#3178,#3179,#3180,#3188));
#3178 = ORIENTED_EDGE('',*,*,#3155,.F.);
#3179 = ORIENTED_EDGE('',*,*,#2895,.T.);
#3180 = ORIENTED_EDGE('',*,*,#3181,.F.);
#3181 = EDGE_CURVE('',#3182,#2896,#3184,.T.);
#3182 = VERTEX_POINT('',#3183);
#3183 = CARTESIAN_POINT('',(2.62,-7.1,3.87));
#3184 = LINE('',#3185,#3186);
#3185 = CARTESIAN_POINT('',(2.646666666667,-7.073333333333,
    3.896666666667));
#3186 = VECTOR('',#3187,1.);
#3187 = DIRECTION('',(0.57735026919,0.57735026919,0.57735026919));
#3188 = ORIENTED_EDGE('',*,*,#3189,.F.);
#3189 = EDGE_CURVE('',#3156,#3182,#3190,.T.);
#3190 = LINE('',#3191,#3192);
#3191 = CARTESIAN_POINT('',(2.62,-7.1,3.43));
#3192 = VECTOR('',#3193,1.);
#3193 = DIRECTION('',(0.,0.,1.));
#3194 = PLANE('',#3195);
#3195 = AXIS2_PLACEMENT_3D('',#3196,#3197,#3198);
#3196 = CARTESIAN_POINT('',(2.72,-7.,3.43));
#3197 = DIRECTION('',(0.707106781187,-0.707106781187,-1.735417226644E-18
    ));
#3198 = DIRECTION('',(1.227125289148E-18,-1.227125289148E-18,1.));
#3199 = ADVANCED_FACE('',(#3200),#3211,.T.);
#3200 = FACE_BOUND('',#3201,.F.);
#3201 = EDGE_LOOP('',(#3202,#3203,#3209,#3210));
#3202 = ORIENTED_EDGE('',*,*,#3181,.F.);
#3203 = ORIENTED_EDGE('',*,*,#3204,.T.);
#3204 = EDGE_CURVE('',#3182,#3134,#3205,.T.);
#3205 = LINE('',#3206,#3207);
#3206 = CARTESIAN_POINT('',(2.82,-7.1,3.87));
#3207 = VECTOR('',#3208,1.);
#3208 = DIRECTION('',(-1.,1.224646799147E-16,0.));
#3209 = ORIENTED_EDGE('',*,*,#3133,.F.);
#3210 = ORIENTED_EDGE('',*,*,#2920,.F.);
#3211 = PLANE('',#3212);
#3212 = AXIS2_PLACEMENT_3D('',#3213,#3214,#3215);
#3213 = CARTESIAN_POINT('',(2.82,-7.,3.97));
#3214 = DIRECTION('',(-8.659560562349E-17,-0.707106781187,0.707106781187
    ));
#3215 = DIRECTION('',(1.,-1.224646799147E-16,-2.105272540809E-29));
#3216 = ADVANCED_FACE('',(#3217),#3242,.T.);
#3217 = FACE_BOUND('',#3218,.F.);
#3218 = EDGE_LOOP('',(#3219,#3227,#3235,#3241));
#3219 = ORIENTED_EDGE('',*,*,#3220,.F.);
#3220 = EDGE_CURVE('',#3221,#2937,#3223,.T.);
#3221 = VERTEX_POINT('',#3222);
#3222 = CARTESIAN_POINT('',(0.12,-7.1,3.87));
#3223 = LINE('',#3224,#3225);
#3224 = CARTESIAN_POINT('',(0.146666666667,-7.073333333333,
    3.896666666667));
#3225 = VECTOR('',#3226,1.);
#3226 = DIRECTION('',(0.57735026919,0.57735026919,0.57735026919));
#3227 = ORIENTED_EDGE('',*,*,#3228,.T.);
#3228 = EDGE_CURVE('',#3221,#3229,#3231,.T.);
#3229 = VERTEX_POINT('',#3230);
#3230 = CARTESIAN_POINT('',(-0.12,-7.1,3.87));
#3231 = LINE('',#3232,#3233);
#3232 = CARTESIAN_POINT('',(0.32,-7.1,3.87));
#3233 = VECTOR('',#3234,1.);
#3234 = DIRECTION('',(-1.,1.224646799147E-16,0.));
#3235 = ORIENTED_EDGE('',*,*,#3236,.F.);
#3236 = EDGE_CURVE('',#2945,#3229,#3237,.T.);
#3237 = LINE('',#3238,#3239);
#3238 = CARTESIAN_POINT('',(-4.E-02,-7.18,3.79));
#3239 = VECTOR('',#3240,1.);
#3240 = DIRECTION('',(0.57735026919,-0.57735026919,-0.57735026919));
#3241 = ORIENTED_EDGE('',*,*,#2944,.F.);
#3242 = PLANE('',#3243);
#3243 = AXIS2_PLACEMENT_3D('',#3244,#3245,#3246);
#3244 = CARTESIAN_POINT('',(0.32,-7.,3.97));
#3245 = DIRECTION('',(-8.659560562349E-17,-0.707106781187,0.707106781187
    ));
#3246 = DIRECTION('',(1.,-1.224646799147E-16,-2.105272540809E-29));
#3247 = ADVANCED_FACE('',(#3248),#3266,.F.);
#3248 = FACE_BOUND('',#3249,.F.);
#3249 = EDGE_LOOP('',(#3250,#3258,#3259,#3260));
#3250 = ORIENTED_EDGE('',*,*,#3251,.F.);
#3251 = EDGE_CURVE('',#2968,#3252,#3254,.T.);
#3252 = VERTEX_POINT('',#3253);
#3253 = CARTESIAN_POINT('',(-0.12,-7.1,3.63));
#3254 = LINE('',#3255,#3256);
#3255 = CARTESIAN_POINT('',(-0.146666666667,-7.073333333333,
    3.603333333333));
#3256 = VECTOR('',#3257,1.);
#3257 = DIRECTION('',(0.57735026919,-0.57735026919,0.57735026919));
#3258 = ORIENTED_EDGE('',*,*,#2967,.T.);
#3259 = ORIENTED_EDGE('',*,*,#3236,.T.);
#3260 = ORIENTED_EDGE('',*,*,#3261,.F.);
#3261 = EDGE_CURVE('',#3252,#3229,#3262,.T.);
#3262 = LINE('',#3263,#3264);
#3263 = CARTESIAN_POINT('',(-0.12,-7.1,3.43));
#3264 = VECTOR('',#3265,1.);
#3265 = DIRECTION('',(0.,0.,1.));
#3266 = PLANE('',#3267);
#3267 = AXIS2_PLACEMENT_3D('',#3268,#3269,#3270);
#3268 = CARTESIAN_POINT('',(-0.22,-7.,3.43));
#3269 = DIRECTION('',(0.707106781187,0.707106781187,1.735417226644E-18)
  );
#3270 = DIRECTION('',(-1.227125289148E-18,-1.227125289148E-18,1.));
#3271 = ADVANCED_FACE('',(#3272),#3290,.T.);
#3272 = FACE_BOUND('',#3273,.F.);
#3273 = EDGE_LOOP('',(#3274,#3282,#3283,#3284));
#3274 = ORIENTED_EDGE('',*,*,#3275,.F.);
#3275 = EDGE_CURVE('',#2992,#3276,#3278,.T.);
#3276 = VERTEX_POINT('',#3277);
#3277 = CARTESIAN_POINT('',(0.12,-7.1,3.63));
#3278 = LINE('',#3279,#3280);
#3279 = CARTESIAN_POINT('',(0.253333333333,-6.966666666667,
    3.496666666667));
#3280 = VECTOR('',#3281,1.);
#3281 = DIRECTION('',(-0.57735026919,-0.57735026919,0.57735026919));
#3282 = ORIENTED_EDGE('',*,*,#3001,.T.);
#3283 = ORIENTED_EDGE('',*,*,#3251,.T.);
#3284 = ORIENTED_EDGE('',*,*,#3285,.F.);
#3285 = EDGE_CURVE('',#3276,#3252,#3286,.T.);
#3286 = LINE('',#3287,#3288);
#3287 = CARTESIAN_POINT('',(0.32,-7.1,3.63));
#3288 = VECTOR('',#3289,1.);
#3289 = DIRECTION('',(-1.,1.224646799147E-16,0.));
#3290 = PLANE('',#3291);
#3291 = AXIS2_PLACEMENT_3D('',#3292,#3293,#3294);
#3292 = CARTESIAN_POINT('',(0.32,-7.,3.53));
#3293 = DIRECTION('',(-8.659560562349E-17,-0.707106781187,
    -0.707106781187));
#3294 = DIRECTION('',(1.,-1.224646799147E-16,2.105272540809E-29));
#3295 = ADVANCED_FACE('',(#3296),#3307,.T.);
#3296 = FACE_BOUND('',#3297,.T.);
#3297 = EDGE_LOOP('',(#3298,#3299,#3300,#3301));
#3298 = ORIENTED_EDGE('',*,*,#3275,.F.);
#3299 = ORIENTED_EDGE('',*,*,#3015,.T.);
#3300 = ORIENTED_EDGE('',*,*,#3220,.F.);
#3301 = ORIENTED_EDGE('',*,*,#3302,.F.);
#3302 = EDGE_CURVE('',#3276,#3221,#3303,.T.);
#3303 = LINE('',#3304,#3305);
#3304 = CARTESIAN_POINT('',(0.12,-7.1,3.43));
#3305 = VECTOR('',#3306,1.);
#3306 = DIRECTION('',(0.,0.,1.));
#3307 = PLANE('',#3308);
#3308 = AXIS2_PLACEMENT_3D('',#3309,#3310,#3311);
#3309 = CARTESIAN_POINT('',(0.22,-7.,3.43));
#3310 = DIRECTION('',(0.707106781187,-0.707106781187,-1.735417226644E-18
    ));
#3311 = DIRECTION('',(1.227125289148E-18,-1.227125289148E-18,1.));
#3312 = ADVANCED_FACE('',(#3313),#3319,.F.);
#3313 = FACE_BOUND('',#3314,.F.);
#3314 = EDGE_LOOP('',(#3315,#3316,#3317,#3318));
#3315 = ORIENTED_EDGE('',*,*,#3165,.T.);
#3316 = ORIENTED_EDGE('',*,*,#3141,.T.);
#3317 = ORIENTED_EDGE('',*,*,#3204,.F.);
#3318 = ORIENTED_EDGE('',*,*,#3189,.F.);
#3319 = PLANE('',#3320);
#3320 = AXIS2_PLACEMENT_3D('',#3321,#3322,#3323);
#3321 = CARTESIAN_POINT('',(2.82,-7.1,3.43));
#3322 = DIRECTION('',(1.224646799147E-16,1.,0.));
#3323 = DIRECTION('',(0.,-0.,1.));
#3324 = ADVANCED_FACE('',(#3325),#3331,.F.);
#3325 = FACE_BOUND('',#3326,.F.);
#3326 = EDGE_LOOP('',(#3327,#3328,#3329,#3330));
#3327 = ORIENTED_EDGE('',*,*,#3285,.T.);
#3328 = ORIENTED_EDGE('',*,*,#3261,.T.);
#3329 = ORIENTED_EDGE('',*,*,#3228,.F.);
#3330 = ORIENTED_EDGE('',*,*,#3302,.F.);
#3331 = PLANE('',#3332);
#3332 = AXIS2_PLACEMENT_3D('',#3333,#3334,#3335);
#3333 = CARTESIAN_POINT('',(0.32,-7.1,3.43));
#3334 = DIRECTION('',(1.224646799147E-16,1.,0.));
#3335 = DIRECTION('',(0.,-0.,1.));
#3336 = ( GEOMETRIC_REPRESENTATION_CONTEXT(3) 
GLOBAL_UNCERTAINTY_ASSIGNED_CONTEXT((#3340)) 
GLOBAL_UNIT_ASSIGNED_CONTEXT((#3337,#3338,#3339)) REPRESENTATION_CONTEXT
('Context #1','3D Context with UNIT and UNCERTAINTY') );
#3337 = ( LENGTH_UNIT() NAMED_UNIT(*) SI_UNIT(.MILLI.,.METRE.) );
#3338 = ( NAMED_UNIT(*) PLANE_ANGLE_UNIT() SI_UNIT($,.RADIAN.) );
#3339 = ( NAMED_UNIT(*) SI_UNIT($,.STERADIAN.) SOLID_ANGLE_UNIT() );
#3340 = UNCERTAINTY_MEASURE_WITH_UNIT(LENGTH_MEASURE(1.E-07),#3337,
  'distance_accuracy_value','confusion accuracy');
#3341 = CONTEXT_DEPENDENT_SHAPE_REPRESENTATION(#3342,#3344);
#3342 = ( REPRESENTATION_RELATIONSHIP('','',#84,#10) 
REPRESENTATION_RELATIONSHIP_WITH_TRANSFORMATION(#3343) 
SHAPE_REPRESENTATION_RELATIONSHIP() );
#3343 = ITEM_DEFINED_TRANSFORMATION('','',#11,#15);
#3344 = PRODUCT_DEFINITION_SHAPE('Placement','Placement of an item',
  #3345);
#3345 = NEXT_ASSEMBLY_USAGE_OCCURRENCE('1','J2','',#5,#79,$);
#3346 = PRODUCT_RELATED_PRODUCT_CATEGORY('part',$,(#81));
#3347 = SHAPE_DEFINITION_REPRESENTATION(#3348,#3354);
#3348 = PRODUCT_DEFINITION_SHAPE('','',#3349);
#3349 = PRODUCT_DEFINITION('design','',#3350,#3353);
#3350 = PRODUCT_DEFINITION_FORMATION('','',#3351);
#3351 = PRODUCT('R_0603_1608Metric','R_0603_1608Metric','',(#3352));
#3352 = PRODUCT_CONTEXT('',#2,'mechanical');
#3353 = PRODUCT_DEFINITION_CONTEXT('part definition',#2,'design');
#3354 = ADVANCED_BREP_SHAPE_REPRESENTATION('',(#11,#3355),#4145);
#3355 = MANIFOLD_SOLID_BREP('',#3356);
#3356 = CLOSED_SHELL('',(#3357,#3397,#3480,#3505,#3530,#3597,#3614,#3631
    ,#3680,#3697,#3714,#3763,#3780,#3849,#3880,#3904,#3973,#3997,#4014,
    #4031,#4048,#4065,#4082,#4099,#4116,#4133));
#3357 = ADVANCED_FACE('',(#3358),#3392,.F.);
#3358 = FACE_BOUND('',#3359,.F.);
#3359 = EDGE_LOOP('',(#3360,#3370,#3378,#3386));
#3360 = ORIENTED_EDGE('',*,*,#3361,.F.);
#3361 = EDGE_CURVE('',#3362,#3364,#3366,.T.);
#3362 = VERTEX_POINT('',#3363);
#3363 = CARTESIAN_POINT('',(-0.8,-0.4,4.5E-02));
#3364 = VERTEX_POINT('',#3365);
#3365 = CARTESIAN_POINT('',(-0.8,-0.4,0.405));
#3366 = LINE('',#3367,#3368);
#3367 = CARTESIAN_POINT('',(-0.8,-0.4,0.));
#3368 = VECTOR('',#3369,1.);
#3369 = DIRECTION('',(0.,0.,1.));
#3370 = ORIENTED_EDGE('',*,*,#3371,.T.);
#3371 = EDGE_CURVE('',#3362,#3372,#3374,.T.);
#3372 = VERTEX_POINT('',#3373);
#3373 = CARTESIAN_POINT('',(-0.8,0.4,4.5E-02));
#3374 = LINE('',#3375,#3376);
#3375 = CARTESIAN_POINT('',(-0.8,-0.4,4.5E-02));
#3376 = VECTOR('',#3377,1.);
#3377 = DIRECTION('',(0.,1.,0.));
#3378 = ORIENTED_EDGE('',*,*,#3379,.T.);
#3379 = EDGE_CURVE('',#3372,#3380,#3382,.T.);
#3380 = VERTEX_POINT('',#3381);
#3381 = CARTESIAN_POINT('',(-0.8,0.4,0.405));
#3382 = LINE('',#3383,#3384);
#3383 = CARTESIAN_POINT('',(-0.8,0.4,0.));
#3384 = VECTOR('',#3385,1.);
#3385 = DIRECTION('',(0.,0.,1.));
#3386 = ORIENTED_EDGE('',*,*,#3387,.F.);
#3387 = EDGE_CURVE('',#3364,#3380,#3388,.T.);
#3388 = LINE('',#3389,#3390);
#3389 = CARTESIAN_POINT('',(-0.8,-0.4,0.405));
#3390 = VECTOR('',#3391,1.);
#3391 = DIRECTION('',(0.,1.,0.));
#3392 = PLANE('',#3393);
#3393 = AXIS2_PLACEMENT_3D('',#3394,#3395,#3396);
#3394 = CARTESIAN_POINT('',(-0.8,-0.4,0.));
#3395 = DIRECTION('',(1.,0.,0.));
#3396 = DIRECTION('',(0.,0.,1.));
#3397 = ADVANCED_FACE('',(#3398),#3475,.F.);
#3398 = FACE_BOUND('',#3399,.F.);
#3399 = EDGE_LOOP('',(#3400,#3410,#3417,#3418,#3427,#3435,#3444,#3452,
    #3460,#3468));
#3400 = ORIENTED_EDGE('',*,*,#3401,.F.);
#3401 = EDGE_CURVE('',#3402,#3404,#3406,.T.);
#3402 = VERTEX_POINT('',#3403);
#3403 = CARTESIAN_POINT('',(-0.755,-0.4,-2.775557561563E-17));
#3404 = VERTEX_POINT('',#3405);
#3405 = CARTESIAN_POINT('',(-0.545,-0.4,-2.775557561563E-17));
#3406 = LINE('',#3407,#3408);
#3407 = CARTESIAN_POINT('',(-0.8,-0.4,0.));
#3408 = VECTOR('',#3409,1.);
#3409 = DIRECTION('',(1.,0.,0.));
#3410 = ORIENTED_EDGE('',*,*,#3411,.F.);
#3411 = EDGE_CURVE('',#3362,#3402,#3412,.T.);
#3412 = CIRCLE('',#3413,4.5E-02);
#3413 = AXIS2_PLACEMENT_3D('',#3414,#3415,#3416);
#3414 = CARTESIAN_POINT('',(-0.755,-0.4,4.5E-02));
#3415 = DIRECTION('',(0.,-1.,0.));
#3416 = DIRECTION('',(0.,0.,1.));
#3417 = ORIENTED_EDGE('',*,*,#3361,.T.);
#3418 = ORIENTED_EDGE('',*,*,#3419,.T.);
#3419 = EDGE_CURVE('',#3364,#3420,#3422,.T.);
#3420 = VERTEX_POINT('',#3421);
#3421 = CARTESIAN_POINT('',(-0.755,-0.4,0.45));
#3422 = CIRCLE('',#3423,4.5E-02);
#3423 = AXIS2_PLACEMENT_3D('',#3424,#3425,#3426);
#3424 = CARTESIAN_POINT('',(-0.755,-0.4,0.405));
#3425 = DIRECTION('',(0.,1.,0.));
#3426 = DIRECTION('',(0.,-0.,1.));
#3427 = ORIENTED_EDGE('',*,*,#3428,.T.);
#3428 = EDGE_CURVE('',#3420,#3429,#3431,.T.);
#3429 = VERTEX_POINT('',#3430);
#3430 = CARTESIAN_POINT('',(-0.545,-0.4,0.45));
#3431 = LINE('',#3432,#3433);
#3432 = CARTESIAN_POINT('',(-0.8,-0.4,0.45));
#3433 = VECTOR('',#3434,1.);
#3434 = DIRECTION('',(1.,0.,0.));
#3435 = ORIENTED_EDGE('',*,*,#3436,.F.);
#3436 = EDGE_CURVE('',#3437,#3429,#3439,.T.);
#3437 = VERTEX_POINT('',#3438);
#3438 = CARTESIAN_POINT('',(-0.5,-0.4,0.405));
#3439 = CIRCLE('',#3440,4.5E-02);
#3440 = AXIS2_PLACEMENT_3D('',#3441,#3442,#3443);
#3441 = CARTESIAN_POINT('',(-0.545,-0.4,0.405));
#3442 = DIRECTION('',(0.,-1.,0.));
#3443 = DIRECTION('',(0.,0.,1.));
#3444 = ORIENTED_EDGE('',*,*,#3445,.F.);
#3445 = EDGE_CURVE('',#3446,#3437,#3448,.T.);
#3446 = VERTEX_POINT('',#3447);
#3447 = CARTESIAN_POINT('',(-0.755,-0.4,0.405));
#3448 = LINE('',#3449,#3450);
#3449 = CARTESIAN_POINT('',(-0.755,-0.4,0.405));
#3450 = VECTOR('',#3451,1.);
#3451 = DIRECTION('',(1.,0.,0.));
#3452 = ORIENTED_EDGE('',*,*,#3453,.F.);
#3453 = EDGE_CURVE('',#3454,#3446,#3456,.T.);
#3454 = VERTEX_POINT('',#3455);
#3455 = CARTESIAN_POINT('',(-0.755,-0.4,4.5E-02));
#3456 = LINE('',#3457,#3458);
#3457 = CARTESIAN_POINT('',(-0.755,-0.4,4.5E-02));
#3458 = VECTOR('',#3459,1.);
#3459 = DIRECTION('',(0.,0.,1.));
#3460 = ORIENTED_EDGE('',*,*,#3461,.T.);
#3461 = EDGE_CURVE('',#3454,#3462,#3464,.T.);
#3462 = VERTEX_POINT('',#3463);
#3463 = CARTESIAN_POINT('',(-0.5,-0.4,4.5E-02));
#3464 = LINE('',#3465,#3466);
#3465 = CARTESIAN_POINT('',(-0.755,-0.4,4.5E-02));
#3466 = VECTOR('',#3467,1.);
#3467 = DIRECTION('',(1.,0.,0.));
#3468 = ORIENTED_EDGE('',*,*,#3469,.T.);
#3469 = EDGE_CURVE('',#3462,#3404,#3470,.T.);
#3470 = CIRCLE('',#3471,4.5E-02);
#3471 = AXIS2_PLACEMENT_3D('',#3472,#3473,#3474);
#3472 = CARTESIAN_POINT('',(-0.545,-0.4,4.5E-02));
#3473 = DIRECTION('',(0.,1.,0.));
#3474 = DIRECTION('',(0.,-0.,1.));
#3475 = PLANE('',#3476);
#3476 = AXIS2_PLACEMENT_3D('',#3477,#3478,#3479);
#3477 = CARTESIAN_POINT('',(-0.8,-0.4,0.));
#3478 = DIRECTION('',(0.,1.,0.));
#3479 = DIRECTION('',(0.,-0.,1.));
#3480 = ADVANCED_FACE('',(#3481),#3500,.T.);
#3481 = FACE_BOUND('',#3482,.T.);
#3482 = EDGE_LOOP('',(#3483,#3484,#3493,#3499));
#3483 = ORIENTED_EDGE('',*,*,#3371,.T.);
#3484 = ORIENTED_EDGE('',*,*,#3485,.T.);
#3485 = EDGE_CURVE('',#3372,#3486,#3488,.T.);
#3486 = VERTEX_POINT('',#3487);
#3487 = CARTESIAN_POINT('',(-0.755,0.4,-2.775557561563E-17));
#3488 = CIRCLE('',#3489,4.5E-02);
#3489 = AXIS2_PLACEMENT_3D('',#3490,#3491,#3492);
#3490 = CARTESIAN_POINT('',(-0.755,0.4,4.5E-02));
#3491 = DIRECTION('',(0.,-1.,0.));
#3492 = DIRECTION('',(0.,0.,1.));
#3493 = ORIENTED_EDGE('',*,*,#3494,.F.);
#3494 = EDGE_CURVE('',#3402,#3486,#3495,.T.);
#3495 = LINE('',#3496,#3497);
#3496 = CARTESIAN_POINT('',(-0.755,-0.4,-2.775557561563E-17));
#3497 = VECTOR('',#3498,1.);
#3498 = DIRECTION('',(0.,1.,0.));
#3499 = ORIENTED_EDGE('',*,*,#3411,.F.);
#3500 = CYLINDRICAL_SURFACE('',#3501,4.5E-02);
#3501 = AXIS2_PLACEMENT_3D('',#3502,#3503,#3504);
#3502 = CARTESIAN_POINT('',(-0.755,-0.4,4.5E-02));
#3503 = DIRECTION('',(0.,1.,0.));
#3504 = DIRECTION('',(-1.,0.,0.));
#3505 = ADVANCED_FACE('',(#3506),#3525,.T.);
#3506 = FACE_BOUND('',#3507,.T.);
#3507 = EDGE_LOOP('',(#3508,#3509,#3517,#3524));
#3508 = ORIENTED_EDGE('',*,*,#3419,.T.);
#3509 = ORIENTED_EDGE('',*,*,#3510,.T.);
#3510 = EDGE_CURVE('',#3420,#3511,#3513,.T.);
#3511 = VERTEX_POINT('',#3512);
#3512 = CARTESIAN_POINT('',(-0.755,0.4,0.45));
#3513 = LINE('',#3514,#3515);
#3514 = CARTESIAN_POINT('',(-0.755,-0.4,0.45));
#3515 = VECTOR('',#3516,1.);
#3516 = DIRECTION('',(0.,1.,0.));
#3517 = ORIENTED_EDGE('',*,*,#3518,.F.);
#3518 = EDGE_CURVE('',#3380,#3511,#3519,.T.);
#3519 = CIRCLE('',#3520,4.5E-02);
#3520 = AXIS2_PLACEMENT_3D('',#3521,#3522,#3523);
#3521 = CARTESIAN_POINT('',(-0.755,0.4,0.405));
#3522 = DIRECTION('',(0.,1.,0.));
#3523 = DIRECTION('',(0.,-0.,1.));
#3524 = ORIENTED_EDGE('',*,*,#3387,.F.);
#3525 = CYLINDRICAL_SURFACE('',#3526,4.5E-02);
#3526 = AXIS2_PLACEMENT_3D('',#3527,#3528,#3529);
#3527 = CARTESIAN_POINT('',(-0.755,-0.4,0.405));
#3528 = DIRECTION('',(0.,1.,0.));
#3529 = DIRECTION('',(-1.,0.,0.));
#3530 = ADVANCED_FACE('',(#3531),#3592,.T.);
#3531 = FACE_BOUND('',#3532,.T.);
#3532 = EDGE_LOOP('',(#3533,#3541,#3542,#3543,#3544,#3552,#3561,#3569,
    #3577,#3585));
#3533 = ORIENTED_EDGE('',*,*,#3534,.F.);
#3534 = EDGE_CURVE('',#3486,#3535,#3537,.T.);
#3535 = VERTEX_POINT('',#3536);
#3536 = CARTESIAN_POINT('',(-0.545,0.4,-2.775557561563E-17));
#3537 = LINE('',#3538,#3539);
#3538 = CARTESIAN_POINT('',(-0.8,0.4,0.));
#3539 = VECTOR('',#3540,1.);
#3540 = DIRECTION('',(1.,0.,0.));
#3541 = ORIENTED_EDGE('',*,*,#3485,.F.);
#3542 = ORIENTED_EDGE('',*,*,#3379,.T.);
#3543 = ORIENTED_EDGE('',*,*,#3518,.T.);
#3544 = ORIENTED_EDGE('',*,*,#3545,.T.);
#3545 = EDGE_CURVE('',#3511,#3546,#3548,.T.);
#3546 = VERTEX_POINT('',#3547);
#3547 = CARTESIAN_POINT('',(-0.545,0.4,0.45));
#3548 = LINE('',#3549,#3550);
#3549 = CARTESIAN_POINT('',(-0.8,0.4,0.45));
#3550 = VECTOR('',#3551,1.);
#3551 = DIRECTION('',(1.,0.,0.));
#3552 = ORIENTED_EDGE('',*,*,#3553,.F.);
#3553 = EDGE_CURVE('',#3554,#3546,#3556,.T.);
#3554 = VERTEX_POINT('',#3555);
#3555 = CARTESIAN_POINT('',(-0.5,0.4,0.405));
#3556 = CIRCLE('',#3557,4.5E-02);
#3557 = AXIS2_PLACEMENT_3D('',#3558,#3559,#3560);
#3558 = CARTESIAN_POINT('',(-0.545,0.4,0.405));
#3559 = DIRECTION('',(0.,-1.,0.));
#3560 = DIRECTION('',(0.,0.,1.));
#3561 = ORIENTED_EDGE('',*,*,#3562,.F.);
#3562 = EDGE_CURVE('',#3563,#3554,#3565,.T.);
#3563 = VERTEX_POINT('',#3564);
#3564 = CARTESIAN_POINT('',(-0.755,0.4,0.405));
#3565 = LINE('',#3566,#3567);
#3566 = CARTESIAN_POINT('',(-0.755,0.4,0.405));
#3567 = VECTOR('',#3568,1.);
#3568 = DIRECTION('',(1.,0.,0.));
#3569 = ORIENTED_EDGE('',*,*,#3570,.F.);
#3570 = EDGE_CURVE('',#3571,#3563,#3573,.T.);
#3571 = VERTEX_POINT('',#3572);
#3572 = CARTESIAN_POINT('',(-0.755,0.4,4.5E-02));
#3573 = LINE('',#3574,#3575);
#3574 = CARTESIAN_POINT('',(-0.755,0.4,4.5E-02));
#3575 = VECTOR('',#3576,1.);
#3576 = DIRECTION('',(0.,0.,1.));
#3577 = ORIENTED_EDGE('',*,*,#3578,.T.);
#3578 = EDGE_CURVE('',#3571,#3579,#3581,.T.);
#3579 = VERTEX_POINT('',#3580);
#3580 = CARTESIAN_POINT('',(-0.5,0.4,4.5E-02));
#3581 = LINE('',#3582,#3583);
#3582 = CARTESIAN_POINT('',(-0.755,0.4,4.5E-02));
#3583 = VECTOR('',#3584,1.);
#3584 = DIRECTION('',(1.,0.,0.));
#3585 = ORIENTED_EDGE('',*,*,#3586,.T.);
#3586 = EDGE_CURVE('',#3579,#3535,#3587,.T.);
#3587 = CIRCLE('',#3588,4.5E-02);
#3588 = AXIS2_PLACEMENT_3D('',#3589,#3590,#3591);
#3589 = CARTESIAN_POINT('',(-0.545,0.4,4.5E-02));
#3590 = DIRECTION('',(0.,1.,0.));
#3591 = DIRECTION('',(0.,-0.,1.));
#3592 = PLANE('',#3593);
#3593 = AXIS2_PLACEMENT_3D('',#3594,#3595,#3596);
#3594 = CARTESIAN_POINT('',(-0.8,0.4,0.));
#3595 = DIRECTION('',(0.,1.,0.));
#3596 = DIRECTION('',(0.,-0.,1.));
#3597 = ADVANCED_FACE('',(#3598),#3609,.F.);
#3598 = FACE_BOUND('',#3599,.F.);
#3599 = EDGE_LOOP('',(#3600,#3601,#3602,#3603));
#3600 = ORIENTED_EDGE('',*,*,#3534,.F.);
#3601 = ORIENTED_EDGE('',*,*,#3494,.F.);
#3602 = ORIENTED_EDGE('',*,*,#3401,.T.);
#3603 = ORIENTED_EDGE('',*,*,#3604,.T.);
#3604 = EDGE_CURVE('',#3404,#3535,#3605,.T.);
#3605 = LINE('',#3606,#3607);
#3606 = CARTESIAN_POINT('',(-0.545,-0.4,-2.775557561563E-17));
#3607 = VECTOR('',#3608,1.);
#3608 = DIRECTION('',(0.,1.,0.));
#3609 = PLANE('',#3610);
#3610 = AXIS2_PLACEMENT_3D('',#3611,#3612,#3613);
#3611 = CARTESIAN_POINT('',(-0.8,-0.4,0.));
#3612 = DIRECTION('',(0.,0.,1.));
#3613 = DIRECTION('',(1.,0.,-0.));
#3614 = ADVANCED_FACE('',(#3615),#3626,.T.);
#3615 = FACE_BOUND('',#3616,.T.);
#3616 = EDGE_LOOP('',(#3617,#3618,#3619,#3620));
#3617 = ORIENTED_EDGE('',*,*,#3469,.T.);
#3618 = ORIENTED_EDGE('',*,*,#3604,.T.);
#3619 = ORIENTED_EDGE('',*,*,#3586,.F.);
#3620 = ORIENTED_EDGE('',*,*,#3621,.F.);
#3621 = EDGE_CURVE('',#3462,#3579,#3622,.T.);
#3622 = LINE('',#3623,#3624);
#3623 = CARTESIAN_POINT('',(-0.5,-0.4,4.5E-02));
#3624 = VECTOR('',#3625,1.);
#3625 = DIRECTION('',(0.,1.,0.));
#3626 = CYLINDRICAL_SURFACE('',#3627,4.5E-02);
#3627 = AXIS2_PLACEMENT_3D('',#3628,#3629,#3630);
#3628 = CARTESIAN_POINT('',(-0.545,-0.4,4.5E-02));
#3629 = DIRECTION('',(0.,1.,0.));
#3630 = DIRECTION('',(1.,0.,0.));
#3631 = ADVANCED_FACE('',(#3632),#3675,.F.);
#3632 = FACE_BOUND('',#3633,.F.);
#3633 = EDGE_LOOP('',(#3634,#3635,#3636,#3637,#3645,#3653,#3661,#3669));
#3634 = ORIENTED_EDGE('',*,*,#3461,.F.);
#3635 = ORIENTED_EDGE('',*,*,#3453,.T.);
#3636 = ORIENTED_EDGE('',*,*,#3445,.T.);
#3637 = ORIENTED_EDGE('',*,*,#3638,.T.);
#3638 = EDGE_CURVE('',#3437,#3639,#3641,.T.);
#3639 = VERTEX_POINT('',#3640);
#3640 = CARTESIAN_POINT('',(0.5,-0.4,0.405));
#3641 = LINE('',#3642,#3643);
#3642 = CARTESIAN_POINT('',(-0.5,-0.4,0.405));
#3643 = VECTOR('',#3644,1.);
#3644 = DIRECTION('',(1.,0.,0.));
#3645 = ORIENTED_EDGE('',*,*,#3646,.T.);
#3646 = EDGE_CURVE('',#3639,#3647,#3649,.T.);
#3647 = VERTEX_POINT('',#3648);
#3648 = CARTESIAN_POINT('',(0.755,-0.4,0.405));
#3649 = LINE('',#3650,#3651);
#3650 = CARTESIAN_POINT('',(-0.755,-0.4,0.405));
#3651 = VECTOR('',#3652,1.);
#3652 = DIRECTION('',(1.,0.,0.));
#3653 = ORIENTED_EDGE('',*,*,#3654,.F.);
#3654 = EDGE_CURVE('',#3655,#3647,#3657,.T.);
#3655 = VERTEX_POINT('',#3656);
#3656 = CARTESIAN_POINT('',(0.755,-0.4,4.5E-02));
#3657 = LINE('',#3658,#3659);
#3658 = CARTESIAN_POINT('',(0.755,-0.4,4.5E-02));
#3659 = VECTOR('',#3660,1.);
#3660 = DIRECTION('',(0.,0.,1.));
#3661 = ORIENTED_EDGE('',*,*,#3662,.F.);
#3662 = EDGE_CURVE('',#3663,#3655,#3665,.T.);
#3663 = VERTEX_POINT('',#3664);
#3664 = CARTESIAN_POINT('',(0.5,-0.4,4.5E-02));
#3665 = LINE('',#3666,#3667);
#3666 = CARTESIAN_POINT('',(-0.755,-0.4,4.5E-02));
#3667 = VECTOR('',#3668,1.);
#3668 = DIRECTION('',(1.,0.,0.));
#3669 = ORIENTED_EDGE('',*,*,#3670,.F.);
#3670 = EDGE_CURVE('',#3462,#3663,#3671,.T.);
#3671 = LINE('',#3672,#3673);
#3672 = CARTESIAN_POINT('',(-0.755,-0.4,4.5E-02));
#3673 = VECTOR('',#3674,1.);
#3674 = DIRECTION('',(1.,0.,0.));
#3675 = PLANE('',#3676);
#3676 = AXIS2_PLACEMENT_3D('',#3677,#3678,#3679);
#3677 = CARTESIAN_POINT('',(-0.755,-0.4,4.5E-02));
#3678 = DIRECTION('',(0.,1.,0.));
#3679 = DIRECTION('',(0.,-0.,1.));
#3680 = ADVANCED_FACE('',(#3681),#3692,.T.);
#3681 = FACE_BOUND('',#3682,.T.);
#3682 = EDGE_LOOP('',(#3683,#3684,#3685,#3686));
#3683 = ORIENTED_EDGE('',*,*,#3545,.F.);
#3684 = ORIENTED_EDGE('',*,*,#3510,.F.);
#3685 = ORIENTED_EDGE('',*,*,#3428,.T.);
#3686 = ORIENTED_EDGE('',*,*,#3687,.T.);
#3687 = EDGE_CURVE('',#3429,#3546,#3688,.T.);
#3688 = LINE('',#3689,#3690);
#3689 = CARTESIAN_POINT('',(-0.545,-0.4,0.45));
#3690 = VECTOR('',#3691,1.);
#3691 = DIRECTION('',(0.,1.,0.));
#3692 = PLANE('',#3693);
#3693 = AXIS2_PLACEMENT_3D('',#3694,#3695,#3696);
#3694 = CARTESIAN_POINT('',(-0.8,-0.4,0.45));
#3695 = DIRECTION('',(0.,0.,1.));
#3696 = DIRECTION('',(1.,0.,-0.));
#3697 = ADVANCED_FACE('',(#3698),#3709,.T.);
#3698 = FACE_BOUND('',#3699,.T.);
#3699 = EDGE_LOOP('',(#3700,#3706,#3707,#3708));
#3700 = ORIENTED_EDGE('',*,*,#3701,.T.);
#3701 = EDGE_CURVE('',#3437,#3554,#3702,.T.);
#3702 = LINE('',#3703,#3704);
#3703 = CARTESIAN_POINT('',(-0.5,-0.4,0.405));
#3704 = VECTOR('',#3705,1.);
#3705 = DIRECTION('',(0.,1.,0.));
#3706 = ORIENTED_EDGE('',*,*,#3553,.T.);
#3707 = ORIENTED_EDGE('',*,*,#3687,.F.);
#3708 = ORIENTED_EDGE('',*,*,#3436,.F.);
#3709 = CYLINDRICAL_SURFACE('',#3710,4.5E-02);
#3710 = AXIS2_PLACEMENT_3D('',#3711,#3712,#3713);
#3711 = CARTESIAN_POINT('',(-0.545,-0.4,0.405));
#3712 = DIRECTION('',(0.,1.,0.));
#3713 = DIRECTION('',(1.,0.,0.));
#3714 = ADVANCED_FACE('',(#3715),#3758,.T.);
#3715 = FACE_BOUND('',#3716,.T.);
#3716 = EDGE_LOOP('',(#3717,#3718,#3719,#3720,#3728,#3736,#3744,#3752));
#3717 = ORIENTED_EDGE('',*,*,#3578,.F.);
#3718 = ORIENTED_EDGE('',*,*,#3570,.T.);
#3719 = ORIENTED_EDGE('',*,*,#3562,.T.);
#3720 = ORIENTED_EDGE('',*,*,#3721,.T.);
#3721 = EDGE_CURVE('',#3554,#3722,#3724,.T.);
#3722 = VERTEX_POINT('',#3723);
#3723 = CARTESIAN_POINT('',(0.5,0.4,0.405));
#3724 = LINE('',#3725,#3726);
#3725 = CARTESIAN_POINT('',(-0.5,0.4,0.405));
#3726 = VECTOR('',#3727,1.);
#3727 = DIRECTION('',(1.,0.,0.));
#3728 = ORIENTED_EDGE('',*,*,#3729,.T.);
#3729 = EDGE_CURVE('',#3722,#3730,#3732,.T.);
#3730 = VERTEX_POINT('',#3731);
#3731 = CARTESIAN_POINT('',(0.755,0.4,0.405));
#3732 = LINE('',#3733,#3734);
#3733 = CARTESIAN_POINT('',(-0.755,0.4,0.405));
#3734 = VECTOR('',#3735,1.);
#3735 = DIRECTION('',(1.,0.,0.));
#3736 = ORIENTED_EDGE('',*,*,#3737,.F.);
#3737 = EDGE_CURVE('',#3738,#3730,#3740,.T.);
#3738 = VERTEX_POINT('',#3739);
#3739 = CARTESIAN_POINT('',(0.755,0.4,4.5E-02));
#3740 = LINE('',#3741,#3742);
#3741 = CARTESIAN_POINT('',(0.755,0.4,4.5E-02));
#3742 = VECTOR('',#3743,1.);
#3743 = DIRECTION('',(0.,0.,1.));
#3744 = ORIENTED_EDGE('',*,*,#3745,.F.);
#3745 = EDGE_CURVE('',#3746,#3738,#3748,.T.);
#3746 = VERTEX_POINT('',#3747);
#3747 = CARTESIAN_POINT('',(0.5,0.4,4.5E-02));
#3748 = LINE('',#3749,#3750);
#3749 = CARTESIAN_POINT('',(-0.755,0.4,4.5E-02));
#3750 = VECTOR('',#3751,1.);
#3751 = DIRECTION('',(1.,0.,0.));
#3752 = ORIENTED_EDGE('',*,*,#3753,.F.);
#3753 = EDGE_CURVE('',#3579,#3746,#3754,.T.);
#3754 = LINE('',#3755,#3756);
#3755 = CARTESIAN_POINT('',(-0.755,0.4,4.5E-02));
#3756 = VECTOR('',#3757,1.);
#3757 = DIRECTION('',(1.,0.,0.));
#3758 = PLANE('',#3759);
#3759 = AXIS2_PLACEMENT_3D('',#3760,#3761,#3762);
#3760 = CARTESIAN_POINT('',(-0.755,0.4,4.5E-02));
#3761 = DIRECTION('',(0.,1.,0.));
#3762 = DIRECTION('',(0.,-0.,1.));
#3763 = ADVANCED_FACE('',(#3764),#3775,.F.);
#3764 = FACE_BOUND('',#3765,.F.);
#3765 = EDGE_LOOP('',(#3766,#3767,#3768,#3774));
#3766 = ORIENTED_EDGE('',*,*,#3621,.F.);
#3767 = ORIENTED_EDGE('',*,*,#3670,.T.);
#3768 = ORIENTED_EDGE('',*,*,#3769,.T.);
#3769 = EDGE_CURVE('',#3663,#3746,#3770,.T.);
#3770 = LINE('',#3771,#3772);
#3771 = CARTESIAN_POINT('',(0.5,-0.4,4.5E-02));
#3772 = VECTOR('',#3773,1.);
#3773 = DIRECTION('',(0.,1.,0.));
#3774 = ORIENTED_EDGE('',*,*,#3753,.F.);
#3775 = PLANE('',#3776);
#3776 = AXIS2_PLACEMENT_3D('',#3777,#3778,#3779);
#3777 = CARTESIAN_POINT('',(-0.755,-0.4,4.5E-02));
#3778 = DIRECTION('',(0.,0.,1.));
#3779 = DIRECTION('',(1.,0.,-0.));
#3780 = ADVANCED_FACE('',(#3781),#3844,.F.);
#3781 = FACE_BOUND('',#3782,.F.);
#3782 = EDGE_LOOP('',(#3783,#3793,#3800,#3801,#3802,#3803,#3812,#3820,
    #3829,#3837));
#3783 = ORIENTED_EDGE('',*,*,#3784,.F.);
#3784 = EDGE_CURVE('',#3785,#3787,#3789,.T.);
#3785 = VERTEX_POINT('',#3786);
#3786 = CARTESIAN_POINT('',(0.545,-0.4,-2.775557561563E-17));
#3787 = VERTEX_POINT('',#3788);
#3788 = CARTESIAN_POINT('',(0.755,-0.4,-2.775557561563E-17));
#3789 = LINE('',#3790,#3791);
#3790 = CARTESIAN_POINT('',(0.5,-0.4,0.));
#3791 = VECTOR('',#3792,1.);
#3792 = DIRECTION('',(1.,0.,0.));
#3793 = ORIENTED_EDGE('',*,*,#3794,.F.);
#3794 = EDGE_CURVE('',#3663,#3785,#3795,.T.);
#3795 = CIRCLE('',#3796,4.5E-02);
#3796 = AXIS2_PLACEMENT_3D('',#3797,#3798,#3799);
#3797 = CARTESIAN_POINT('',(0.545,-0.4,4.5E-02));
#3798 = DIRECTION('',(0.,-1.,0.));
#3799 = DIRECTION('',(0.,0.,1.));
#3800 = ORIENTED_EDGE('',*,*,#3662,.T.);
#3801 = ORIENTED_EDGE('',*,*,#3654,.T.);
#3802 = ORIENTED_EDGE('',*,*,#3646,.F.);
#3803 = ORIENTED_EDGE('',*,*,#3804,.T.);
#3804 = EDGE_CURVE('',#3639,#3805,#3807,.T.);
#3805 = VERTEX_POINT('',#3806);
#3806 = CARTESIAN_POINT('',(0.545,-0.4,0.45));
#3807 = CIRCLE('',#3808,4.5E-02);
#3808 = AXIS2_PLACEMENT_3D('',#3809,#3810,#3811);
#3809 = CARTESIAN_POINT('',(0.545,-0.4,0.405));
#3810 = DIRECTION('',(0.,1.,0.));
#3811 = DIRECTION('',(0.,-0.,1.));
#3812 = ORIENTED_EDGE('',*,*,#3813,.T.);
#3813 = EDGE_CURVE('',#3805,#3814,#3816,.T.);
#3814 = VERTEX_POINT('',#3815);
#3815 = CARTESIAN_POINT('',(0.755,-0.4,0.45));
#3816 = LINE('',#3817,#3818);
#3817 = CARTESIAN_POINT('',(0.5,-0.4,0.45));
#3818 = VECTOR('',#3819,1.);
#3819 = DIRECTION('',(1.,0.,0.));
#3820 = ORIENTED_EDGE('',*,*,#3821,.F.);
#3821 = EDGE_CURVE('',#3822,#3814,#3824,.T.);
#3822 = VERTEX_POINT('',#3823);
#3823 = CARTESIAN_POINT('',(0.8,-0.4,0.405));
#3824 = CIRCLE('',#3825,4.5E-02);
#3825 = AXIS2_PLACEMENT_3D('',#3826,#3827,#3828);
#3826 = CARTESIAN_POINT('',(0.755,-0.4,0.405));
#3827 = DIRECTION('',(0.,-1.,0.));
#3828 = DIRECTION('',(0.,0.,1.));
#3829 = ORIENTED_EDGE('',*,*,#3830,.F.);
#3830 = EDGE_CURVE('',#3831,#3822,#3833,.T.);
#3831 = VERTEX_POINT('',#3832);
#3832 = CARTESIAN_POINT('',(0.8,-0.4,4.5E-02));
#3833 = LINE('',#3834,#3835);
#3834 = CARTESIAN_POINT('',(0.8,-0.4,0.));
#3835 = VECTOR('',#3836,1.);
#3836 = DIRECTION('',(0.,0.,1.));
#3837 = ORIENTED_EDGE('',*,*,#3838,.T.);
#3838 = EDGE_CURVE('',#3831,#3787,#3839,.T.);
#3839 = CIRCLE('',#3840,4.5E-02);
#3840 = AXIS2_PLACEMENT_3D('',#3841,#3842,#3843);
#3841 = CARTESIAN_POINT('',(0.755,-0.4,4.5E-02));
#3842 = DIRECTION('',(0.,1.,0.));
#3843 = DIRECTION('',(0.,-0.,1.));
#3844 = PLANE('',#3845);
#3845 = AXIS2_PLACEMENT_3D('',#3846,#3847,#3848);
#3846 = CARTESIAN_POINT('',(0.5,-0.4,0.));
#3847 = DIRECTION('',(0.,1.,0.));
#3848 = DIRECTION('',(0.,-0.,1.));
#3849 = ADVANCED_FACE('',(#3850),#3875,.F.);
#3850 = FACE_BOUND('',#3851,.F.);
#3851 = EDGE_LOOP('',(#3852,#3853,#3861,#3869));
#3852 = ORIENTED_EDGE('',*,*,#3638,.F.);
#3853 = ORIENTED_EDGE('',*,*,#3854,.T.);
#3854 = EDGE_CURVE('',#3437,#3855,#3857,.T.);
#3855 = VERTEX_POINT('',#3856);
#3856 = CARTESIAN_POINT('',(-0.5,-0.4,0.45));
#3857 = LINE('',#3858,#3859);
#3858 = CARTESIAN_POINT('',(-0.5,-0.4,0.405));
#3859 = VECTOR('',#3860,1.);
#3860 = DIRECTION('',(0.,0.,1.));
#3861 = ORIENTED_EDGE('',*,*,#3862,.T.);
#3862 = EDGE_CURVE('',#3855,#3863,#3865,.T.);
#3863 = VERTEX_POINT('',#3864);
#3864 = CARTESIAN_POINT('',(0.5,-0.4,0.45));
#3865 = LINE('',#3866,#3867);
#3866 = CARTESIAN_POINT('',(-0.5,-0.4,0.45));
#3867 = VECTOR('',#3868,1.);
#3868 = DIRECTION('',(1.,0.,0.));
#3869 = ORIENTED_EDGE('',*,*,#3870,.F.);
#3870 = EDGE_CURVE('',#3639,#3863,#3871,.T.);
#3871 = LINE('',#3872,#3873);
#3872 = CARTESIAN_POINT('',(0.5,-0.4,0.405));
#3873 = VECTOR('',#3874,1.);
#3874 = DIRECTION('',(0.,0.,1.));
#3875 = PLANE('',#3876);
#3876 = AXIS2_PLACEMENT_3D('',#3877,#3878,#3879);
#3877 = CARTESIAN_POINT('',(-0.5,-0.4,0.405));
#3878 = DIRECTION('',(0.,1.,0.));
#3879 = DIRECTION('',(0.,-0.,1.));
#3880 = ADVANCED_FACE('',(#3881),#3899,.F.);
#3881 = FACE_BOUND('',#3882,.F.);
#3882 = EDGE_LOOP('',(#3883,#3884,#3885,#3893));
#3883 = ORIENTED_EDGE('',*,*,#3854,.F.);
#3884 = ORIENTED_EDGE('',*,*,#3701,.T.);
#3885 = ORIENTED_EDGE('',*,*,#3886,.T.);
#3886 = EDGE_CURVE('',#3554,#3887,#3889,.T.);
#3887 = VERTEX_POINT('',#3888);
#3888 = CARTESIAN_POINT('',(-0.5,0.4,0.45));
#3889 = LINE('',#3890,#3891);
#3890 = CARTESIAN_POINT('',(-0.5,0.4,0.405));
#3891 = VECTOR('',#3892,1.);
#3892 = DIRECTION('',(0.,0.,1.));
#3893 = ORIENTED_EDGE('',*,*,#3894,.F.);
#3894 = EDGE_CURVE('',#3855,#3887,#3895,.T.);
#3895 = LINE('',#3896,#3897);
#3896 = CARTESIAN_POINT('',(-0.5,-0.4,0.45));
#3897 = VECTOR('',#3898,1.);
#3898 = DIRECTION('',(0.,1.,0.));
#3899 = PLANE('',#3900);
#3900 = AXIS2_PLACEMENT_3D('',#3901,#3902,#3903);
#3901 = CARTESIAN_POINT('',(-0.5,-0.4,0.405));
#3902 = DIRECTION('',(1.,0.,0.));
#3903 = DIRECTION('',(0.,0.,1.));
#3904 = ADVANCED_FACE('',(#3905),#3968,.T.);
#3905 = FACE_BOUND('',#3906,.T.);
#3906 = EDGE_LOOP('',(#3907,#3917,#3924,#3925,#3926,#3927,#3936,#3944,
    #3953,#3961));
#3907 = ORIENTED_EDGE('',*,*,#3908,.F.);
#3908 = EDGE_CURVE('',#3909,#3911,#3913,.T.);
#3909 = VERTEX_POINT('',#3910);
#3910 = CARTESIAN_POINT('',(0.545,0.4,-2.775557561563E-17));
#3911 = VERTEX_POINT('',#3912);
#3912 = CARTESIAN_POINT('',(0.755,0.4,-2.775557561563E-17));
#3913 = LINE('',#3914,#3915);
#3914 = CARTESIAN_POINT('',(0.5,0.4,0.));
#3915 = VECTOR('',#3916,1.);
#3916 = DIRECTION('',(1.,0.,0.));
#3917 = ORIENTED_EDGE('',*,*,#3918,.F.);
#3918 = EDGE_CURVE('',#3746,#3909,#3919,.T.);
#3919 = CIRCLE('',#3920,4.5E-02);
#3920 = AXIS2_PLACEMENT_3D('',#3921,#3922,#3923);
#3921 = CARTESIAN_POINT('',(0.545,0.4,4.5E-02));
#3922 = DIRECTION('',(0.,-1.,0.));
#3923 = DIRECTION('',(0.,0.,1.));
#3924 = ORIENTED_EDGE('',*,*,#3745,.T.);
#3925 = ORIENTED_EDGE('',*,*,#3737,.T.);
#3926 = ORIENTED_EDGE('',*,*,#3729,.F.);
#3927 = ORIENTED_EDGE('',*,*,#3928,.T.);
#3928 = EDGE_CURVE('',#3722,#3929,#3931,.T.);
#3929 = VERTEX_POINT('',#3930);
#3930 = CARTESIAN_POINT('',(0.545,0.4,0.45));
#3931 = CIRCLE('',#3932,4.5E-02);
#3932 = AXIS2_PLACEMENT_3D('',#3933,#3934,#3935);
#3933 = CARTESIAN_POINT('',(0.545,0.4,0.405));
#3934 = DIRECTION('',(0.,1.,0.));
#3935 = DIRECTION('',(0.,-0.,1.));
#3936 = ORIENTED_EDGE('',*,*,#3937,.T.);
#3937 = EDGE_CURVE('',#3929,#3938,#3940,.T.);
#3938 = VERTEX_POINT('',#3939);
#3939 = CARTESIAN_POINT('',(0.755,0.4,0.45));
#3940 = LINE('',#3941,#3942);
#3941 = CARTESIAN_POINT('',(0.5,0.4,0.45));
#3942 = VECTOR('',#3943,1.);
#3943 = DIRECTION('',(1.,0.,0.));
#3944 = ORIENTED_EDGE('',*,*,#3945,.F.);
#3945 = EDGE_CURVE('',#3946,#3938,#3948,.T.);
#3946 = VERTEX_POINT('',#3947);
#3947 = CARTESIAN_POINT('',(0.8,0.4,0.405));
#3948 = CIRCLE('',#3949,4.5E-02);
#3949 = AXIS2_PLACEMENT_3D('',#3950,#3951,#3952);
#3950 = CARTESIAN_POINT('',(0.755,0.4,0.405));
#3951 = DIRECTION('',(0.,-1.,0.));
#3952 = DIRECTION('',(0.,0.,1.));
#3953 = ORIENTED_EDGE('',*,*,#3954,.F.);
#3954 = EDGE_CURVE('',#3955,#3946,#3957,.T.);
#3955 = VERTEX_POINT('',#3956);
#3956 = CARTESIAN_POINT('',(0.8,0.4,4.5E-02));
#3957 = LINE('',#3958,#3959);
#3958 = CARTESIAN_POINT('',(0.8,0.4,0.));
#3959 = VECTOR('',#3960,1.);
#3960 = DIRECTION('',(0.,0.,1.));
#3961 = ORIENTED_EDGE('',*,*,#3962,.T.);
#3962 = EDGE_CURVE('',#3955,#3911,#3963,.T.);
#3963 = CIRCLE('',#3964,4.5E-02);
#3964 = AXIS2_PLACEMENT_3D('',#3965,#3966,#3967);
#3965 = CARTESIAN_POINT('',(0.755,0.4,4.5E-02));
#3966 = DIRECTION('',(0.,1.,0.));
#3967 = DIRECTION('',(0.,-0.,1.));
#3968 = PLANE('',#3969);
#3969 = AXIS2_PLACEMENT_3D('',#3970,#3971,#3972);
#3970 = CARTESIAN_POINT('',(0.5,0.4,0.));
#3971 = DIRECTION('',(0.,1.,0.));
#3972 = DIRECTION('',(0.,-0.,1.));
#3973 = ADVANCED_FACE('',(#3974),#3992,.T.);
#3974 = FACE_BOUND('',#3975,.T.);
#3975 = EDGE_LOOP('',(#3976,#3977,#3978,#3986));
#3976 = ORIENTED_EDGE('',*,*,#3721,.F.);
#3977 = ORIENTED_EDGE('',*,*,#3886,.T.);
#3978 = ORIENTED_EDGE('',*,*,#3979,.T.);
#3979 = EDGE_CURVE('',#3887,#3980,#3982,.T.);
#3980 = VERTEX_POINT('',#3981);
#3981 = CARTESIAN_POINT('',(0.5,0.4,0.45));
#3982 = LINE('',#3983,#3984);
#3983 = CARTESIAN_POINT('',(-0.5,0.4,0.45));
#3984 = VECTOR('',#3985,1.);
#3985 = DIRECTION('',(1.,0.,0.));
#3986 = ORIENTED_EDGE('',*,*,#3987,.F.);
#3987 = EDGE_CURVE('',#3722,#3980,#3988,.T.);
#3988 = LINE('',#3989,#3990);
#3989 = CARTESIAN_POINT('',(0.5,0.4,0.405));
#3990 = VECTOR('',#3991,1.);
#3991 = DIRECTION('',(0.,0.,1.));
#3992 = PLANE('',#3993);
#3993 = AXIS2_PLACEMENT_3D('',#3994,#3995,#3996);
#3994 = CARTESIAN_POINT('',(-0.5,0.4,0.405));
#3995 = DIRECTION('',(0.,1.,0.));
#3996 = DIRECTION('',(0.,-0.,1.));
#3997 = ADVANCED_FACE('',(#3998),#4009,.T.);
#3998 = FACE_BOUND('',#3999,.T.);
#3999 = EDGE_LOOP('',(#4000,#4001,#4002,#4008));
#4000 = ORIENTED_EDGE('',*,*,#3769,.T.);
#4001 = ORIENTED_EDGE('',*,*,#3918,.T.);
#4002 = ORIENTED_EDGE('',*,*,#4003,.F.);
#4003 = EDGE_CURVE('',#3785,#3909,#4004,.T.);
#4004 = LINE('',#4005,#4006);
#4005 = CARTESIAN_POINT('',(0.545,-0.4,-2.775557561563E-17));
#4006 = VECTOR('',#4007,1.);
#4007 = DIRECTION('',(0.,1.,0.));
#4008 = ORIENTED_EDGE('',*,*,#3794,.F.);
#4009 = CYLINDRICAL_SURFACE('',#4010,4.5E-02);
#4010 = AXIS2_PLACEMENT_3D('',#4011,#4012,#4013);
#4011 = CARTESIAN_POINT('',(0.545,-0.4,4.5E-02));
#4012 = DIRECTION('',(0.,1.,0.));
#4013 = DIRECTION('',(-1.,0.,0.));
#4014 = ADVANCED_FACE('',(#4015),#4026,.F.);
#4015 = FACE_BOUND('',#4016,.F.);
#4016 = EDGE_LOOP('',(#4017,#4018,#4019,#4020));
#4017 = ORIENTED_EDGE('',*,*,#3908,.F.);
#4018 = ORIENTED_EDGE('',*,*,#4003,.F.);
#4019 = ORIENTED_EDGE('',*,*,#3784,.T.);
#4020 = ORIENTED_EDGE('',*,*,#4021,.T.);
#4021 = EDGE_CURVE('',#3787,#3911,#4022,.T.);
#4022 = LINE('',#4023,#4024);
#4023 = CARTESIAN_POINT('',(0.755,-0.4,-2.775557561563E-17));
#4024 = VECTOR('',#4025,1.);
#4025 = DIRECTION('',(0.,1.,0.));
#4026 = PLANE('',#4027);
#4027 = AXIS2_PLACEMENT_3D('',#4028,#4029,#4030);
#4028 = CARTESIAN_POINT('',(0.5,-0.4,0.));
#4029 = DIRECTION('',(0.,0.,1.));
#4030 = DIRECTION('',(1.,0.,-0.));
#4031 = ADVANCED_FACE('',(#4032),#4043,.T.);
#4032 = FACE_BOUND('',#4033,.T.);
#4033 = EDGE_LOOP('',(#4034,#4035,#4036,#4037));
#4034 = ORIENTED_EDGE('',*,*,#3838,.T.);
#4035 = ORIENTED_EDGE('',*,*,#4021,.T.);
#4036 = ORIENTED_EDGE('',*,*,#3962,.F.);
#4037 = ORIENTED_EDGE('',*,*,#4038,.F.);
#4038 = EDGE_CURVE('',#3831,#3955,#4039,.T.);
#4039 = LINE('',#4040,#4041);
#4040 = CARTESIAN_POINT('',(0.8,-0.4,4.5E-02));
#4041 = VECTOR('',#4042,1.);
#4042 = DIRECTION('',(0.,1.,0.));
#4043 = CYLINDRICAL_SURFACE('',#4044,4.5E-02);
#4044 = AXIS2_PLACEMENT_3D('',#4045,#4046,#4047);
#4045 = CARTESIAN_POINT('',(0.755,-0.4,4.5E-02));
#4046 = DIRECTION('',(0.,1.,0.));
#4047 = DIRECTION('',(1.,0.,0.));
#4048 = ADVANCED_FACE('',(#4049),#4060,.T.);
#4049 = FACE_BOUND('',#4050,.T.);
#4050 = EDGE_LOOP('',(#4051,#4052,#4053,#4054));
#4051 = ORIENTED_EDGE('',*,*,#3830,.F.);
#4052 = ORIENTED_EDGE('',*,*,#4038,.T.);
#4053 = ORIENTED_EDGE('',*,*,#3954,.T.);
#4054 = ORIENTED_EDGE('',*,*,#4055,.F.);
#4055 = EDGE_CURVE('',#3822,#3946,#4056,.T.);
#4056 = LINE('',#4057,#4058);
#4057 = CARTESIAN_POINT('',(0.8,-0.4,0.405));
#4058 = VECTOR('',#4059,1.);
#4059 = DIRECTION('',(0.,1.,0.));
#4060 = PLANE('',#4061);
#4061 = AXIS2_PLACEMENT_3D('',#4062,#4063,#4064);
#4062 = CARTESIAN_POINT('',(0.8,-0.4,0.));
#4063 = DIRECTION('',(1.,0.,0.));
#4064 = DIRECTION('',(0.,0.,1.));
#4065 = ADVANCED_FACE('',(#4066),#4077,.T.);
#4066 = FACE_BOUND('',#4067,.T.);
#4067 = EDGE_LOOP('',(#4068,#4069,#4070,#4076));
#4068 = ORIENTED_EDGE('',*,*,#4055,.T.);
#4069 = ORIENTED_EDGE('',*,*,#3945,.T.);
#4070 = ORIENTED_EDGE('',*,*,#4071,.F.);
#4071 = EDGE_CURVE('',#3814,#3938,#4072,.T.);
#4072 = LINE('',#4073,#4074);
#4073 = CARTESIAN_POINT('',(0.755,-0.4,0.45));
#4074 = VECTOR('',#4075,1.);
#4075 = DIRECTION('',(0.,1.,0.));
#4076 = ORIENTED_EDGE('',*,*,#3821,.F.);
#4077 = CYLINDRICAL_SURFACE('',#4078,4.5E-02);
#4078 = AXIS2_PLACEMENT_3D('',#4079,#4080,#4081);
#4079 = CARTESIAN_POINT('',(0.755,-0.4,0.405));
#4080 = DIRECTION('',(0.,1.,0.));
#4081 = DIRECTION('',(1.,0.,0.));
#4082 = ADVANCED_FACE('',(#4083),#4094,.T.);
#4083 = FACE_BOUND('',#4084,.T.);
#4084 = EDGE_LOOP('',(#4085,#4086,#4092,#4093));
#4085 = ORIENTED_EDGE('',*,*,#3937,.F.);
#4086 = ORIENTED_EDGE('',*,*,#4087,.F.);
#4087 = EDGE_CURVE('',#3805,#3929,#4088,.T.);
#4088 = LINE('',#4089,#4090);
#4089 = CARTESIAN_POINT('',(0.545,-0.4,0.45));
#4090 = VECTOR('',#4091,1.);
#4091 = DIRECTION('',(0.,1.,0.));
#4092 = ORIENTED_EDGE('',*,*,#3813,.T.);
#4093 = ORIENTED_EDGE('',*,*,#4071,.T.);
#4094 = PLANE('',#4095);
#4095 = AXIS2_PLACEMENT_3D('',#4096,#4097,#4098);
#4096 = CARTESIAN_POINT('',(0.5,-0.4,0.45));
#4097 = DIRECTION('',(0.,0.,1.));
#4098 = DIRECTION('',(1.,0.,-0.));
#4099 = ADVANCED_FACE('',(#4100),#4111,.T.);
#4100 = FACE_BOUND('',#4101,.T.);
#4101 = EDGE_LOOP('',(#4102,#4103,#4104,#4105));
#4102 = ORIENTED_EDGE('',*,*,#3804,.T.);
#4103 = ORIENTED_EDGE('',*,*,#4087,.T.);
#4104 = ORIENTED_EDGE('',*,*,#3928,.F.);
#4105 = ORIENTED_EDGE('',*,*,#4106,.F.);
#4106 = EDGE_CURVE('',#3639,#3722,#4107,.T.);
#4107 = LINE('',#4108,#4109);
#4108 = CARTESIAN_POINT('',(0.5,-0.4,0.405));
#4109 = VECTOR('',#4110,1.);
#4110 = DIRECTION('',(0.,1.,0.));
#4111 = CYLINDRICAL_SURFACE('',#4112,4.5E-02);
#4112 = AXIS2_PLACEMENT_3D('',#4113,#4114,#4115);
#4113 = CARTESIAN_POINT('',(0.545,-0.4,0.405));
#4114 = DIRECTION('',(0.,1.,0.));
#4115 = DIRECTION('',(-1.,0.,0.));
#4116 = ADVANCED_FACE('',(#4117),#4128,.T.);
#4117 = FACE_BOUND('',#4118,.T.);
#4118 = EDGE_LOOP('',(#4119,#4120,#4121,#4122));
#4119 = ORIENTED_EDGE('',*,*,#3870,.F.);
#4120 = ORIENTED_EDGE('',*,*,#4106,.T.);
#4121 = ORIENTED_EDGE('',*,*,#3987,.T.);
#4122 = ORIENTED_EDGE('',*,*,#4123,.F.);
#4123 = EDGE_CURVE('',#3863,#3980,#4124,.T.);
#4124 = LINE('',#4125,#4126);
#4125 = CARTESIAN_POINT('',(0.5,-0.4,0.45));
#4126 = VECTOR('',#4127,1.);
#4127 = DIRECTION('',(0.,1.,0.));
#4128 = PLANE('',#4129);
#4129 = AXIS2_PLACEMENT_3D('',#4130,#4131,#4132);
#4130 = CARTESIAN_POINT('',(0.5,-0.4,0.405));
#4131 = DIRECTION('',(1.,0.,0.));
#4132 = DIRECTION('',(0.,0.,1.));
#4133 = ADVANCED_FACE('',(#4134),#4140,.T.);
#4134 = FACE_BOUND('',#4135,.T.);
#4135 = EDGE_LOOP('',(#4136,#4137,#4138,#4139));
#4136 = ORIENTED_EDGE('',*,*,#3894,.F.);
#4137 = ORIENTED_EDGE('',*,*,#3862,.T.);
#4138 = ORIENTED_EDGE('',*,*,#4123,.T.);
#4139 = ORIENTED_EDGE('',*,*,#3979,.F.);
#4140 = PLANE('',#4141);
#4141 = AXIS2_PLACEMENT_3D('',#4142,#4143,#4144);
#4142 = CARTESIAN_POINT('',(-0.5,-0.4,0.45));
#4143 = DIRECTION('',(0.,0.,1.));
#4144 = DIRECTION('',(1.,0.,-0.));
#4145 = ( GEOMETRIC_REPRESENTATION_CONTEXT(3) 
GLOBAL_UNCERTAINTY_ASSIGNED_CONTEXT((#4149)) 
GLOBAL_UNIT_ASSIGNED_CONTEXT((#4146,#4147,#4148)) REPRESENTATION_CONTEXT
('Context #1','3D Context with UNIT and UNCERTAINTY') );
#4146 = ( LENGTH_UNIT() NAMED_UNIT(*) SI_UNIT(.MILLI.,.METRE.) );
#4147 = ( NAMED_UNIT(*) PLANE_ANGLE_UNIT() SI_UNIT($,.RADIAN.) );
#4148 = ( NAMED_UNIT(*) SI_UNIT($,.STERADIAN.) SOLID_ANGLE_UNIT() );
#4149 = UNCERTAINTY_MEASURE_WITH_UNIT(LENGTH_MEASURE(1.E-07),#4146,
  'distance_accuracy_value','confusion accuracy');
#4150 = CONTEXT_DEPENDENT_SHAPE_REPRESENTATION(#4151,#4153);
#4151 = ( REPRESENTATION_RELATIONSHIP('','',#3354,#10) 
REPRESENTATION_RELATIONSHIP_WITH_TRANSFORMATION(#4152) 
SHAPE_REPRESENTATION_RELATIONSHIP() );
#4152 = ITEM_DEFINED_TRANSFORMATION('','',#11,#19);
#4153 = PRODUCT_DEFINITION_SHAPE('Placement','Placement of an item',
  #4154);
#4154 = NEXT_ASSEMBLY_USAGE_OCCURRENCE('2','R2','',#5,#3349,$);
#4155 = PRODUCT_RELATED_PRODUCT_CATEGORY('part',$,(#3351));
#4156 = SHAPE_DEFINITION_REPRESENTATION(#4157,#4163);
#4157 = PRODUCT_DEFINITION_SHAPE('','',#4158);
#4158 = PRODUCT_DEFINITION('design','',#4159,#4162);
#4159 = PRODUCT_DEFINITION_FORMATION('','',#4160);
#4160 = PRODUCT('C_0603_1608Metric','C_0603_1608Metric','',(#4161));
#4161 = PRODUCT_CONTEXT('',#2,'mechanical');
#4162 = PRODUCT_DEFINITION_CONTEXT('part definition',#2,'design');
#4163 = ADVANCED_BREP_SHAPE_REPRESENTATION('',(#11,#4164),#5018);
#4164 = MANIFOLD_SOLID_BREP('',#4165);
#4165 = CLOSED_SHELL('',(#4166,#4242,#4273,#4298,#4323,#4347,#4371,#4396
    ,#4421,#4438,#4524,#4556,#4580,#4605,#4629,#4654,#4678,#4703,#4720,
    #4806,#4837,#4862,#4887,#4911,#4935,#4960,#4985,#5002));
#4166 = ADVANCED_FACE('',(#4167),#4237,.F.);
#4167 = FACE_BOUND('',#4168,.F.);
#4168 = EDGE_LOOP('',(#4169,#4179,#4188,#4196,#4205,#4213,#4222,#4230));
#4169 = ORIENTED_EDGE('',*,*,#4170,.F.);
#4170 = EDGE_CURVE('',#4171,#4173,#4175,.T.);
#4171 = VERTEX_POINT('',#4172);
#4172 = CARTESIAN_POINT('',(-0.8,-0.4,3.E-02));
#4173 = VERTEX_POINT('',#4174);
#4174 = CARTESIAN_POINT('',(-0.8,-0.4,0.77));
#4175 = LINE('',#4176,#4177);
#4176 = CARTESIAN_POINT('',(-0.8,-0.4,0.));
#4177 = VECTOR('',#4178,1.);
#4178 = DIRECTION('',(0.,0.,1.));
#4179 = ORIENTED_EDGE('',*,*,#4180,.T.);
#4180 = EDGE_CURVE('',#4171,#4181,#4183,.T.);
#4181 = VERTEX_POINT('',#4182);
#4182 = CARTESIAN_POINT('',(-0.8,-0.37,0.));
#4183 = CIRCLE('',#4184,3.E-02);
#4184 = AXIS2_PLACEMENT_3D('',#4185,#4186,#4187);
#4185 = CARTESIAN_POINT('',(-0.8,-0.37,3.E-02));
#4186 = DIRECTION('',(1.,0.,-0.));
#4187 = DIRECTION('',(0.,0.,1.));
#4188 = ORIENTED_EDGE('',*,*,#4189,.T.);
#4189 = EDGE_CURVE('',#4181,#4190,#4192,.T.);
#4190 = VERTEX_POINT('',#4191);
#4191 = CARTESIAN_POINT('',(-0.8,0.37,0.));
#4192 = LINE('',#4193,#4194);
#4193 = CARTESIAN_POINT('',(-0.8,-0.4,0.));
#4194 = VECTOR('',#4195,1.);
#4195 = DIRECTION('',(0.,1.,0.));
#4196 = ORIENTED_EDGE('',*,*,#4197,.F.);
#4197 = EDGE_CURVE('',#4198,#4190,#4200,.T.);
#4198 = VERTEX_POINT('',#4199);
#4199 = CARTESIAN_POINT('',(-0.8,0.4,3.E-02));
#4200 = CIRCLE('',#4201,3.E-02);
#4201 = AXIS2_PLACEMENT_3D('',#4202,#4203,#4204);
#4202 = CARTESIAN_POINT('',(-0.8,0.37,3.E-02));
#4203 = DIRECTION('',(-1.,0.,0.));
#4204 = DIRECTION('',(0.,0.,1.));
#4205 = ORIENTED_EDGE('',*,*,#4206,.T.);
#4206 = EDGE_CURVE('',#4198,#4207,#4209,.T.);
#4207 = VERTEX_POINT('',#4208);
#4208 = CARTESIAN_POINT('',(-0.8,0.4,0.77));
#4209 = LINE('',#4210,#4211);
#4210 = CARTESIAN_POINT('',(-0.8,0.4,0.));
#4211 = VECTOR('',#4212,1.);
#4212 = DIRECTION('',(0.,0.,1.));
#4213 = ORIENTED_EDGE('',*,*,#4214,.T.);
#4214 = EDGE_CURVE('',#4207,#4215,#4217,.T.);
#4215 = VERTEX_POINT('',#4216);
#4216 = CARTESIAN_POINT('',(-0.8,0.37,0.8));
#4217 = CIRCLE('',#4218,3.E-02);
#4218 = AXIS2_PLACEMENT_3D('',#4219,#4220,#4221);
#4219 = CARTESIAN_POINT('',(-0.8,0.37,0.77));
#4220 = DIRECTION('',(1.,0.,-0.));
#4221 = DIRECTION('',(0.,0.,1.));
#4222 = ORIENTED_EDGE('',*,*,#4223,.F.);
#4223 = EDGE_CURVE('',#4224,#4215,#4226,.T.);
#4224 = VERTEX_POINT('',#4225);
#4225 = CARTESIAN_POINT('',(-0.8,-0.37,0.8));
#4226 = LINE('',#4227,#4228);
#4227 = CARTESIAN_POINT('',(-0.8,-0.4,0.8));
#4228 = VECTOR('',#4229,1.);
#4229 = DIRECTION('',(0.,1.,0.));
#4230 = ORIENTED_EDGE('',*,*,#4231,.F.);
#4231 = EDGE_CURVE('',#4173,#4224,#4232,.T.);
#4232 = CIRCLE('',#4233,3.E-02);
#4233 = AXIS2_PLACEMENT_3D('',#4234,#4235,#4236);
#4234 = CARTESIAN_POINT('',(-0.8,-0.37,0.77));
#4235 = DIRECTION('',(-1.,0.,0.));
#4236 = DIRECTION('',(0.,0.,1.));
#4237 = PLANE('',#4238);
#4238 = AXIS2_PLACEMENT_3D('',#4239,#4240,#4241);
#4239 = CARTESIAN_POINT('',(-0.8,-0.4,0.));
#4240 = DIRECTION('',(1.,0.,0.));
#4241 = DIRECTION('',(0.,0.,1.));
#4242 = ADVANCED_FACE('',(#4243),#4268,.F.);
#4243 = FACE_BOUND('',#4244,.F.);
#4244 = EDGE_LOOP('',(#4245,#4255,#4261,#4262));
#4245 = ORIENTED_EDGE('',*,*,#4246,.F.);
#4246 = EDGE_CURVE('',#4247,#4249,#4251,.T.);
#4247 = VERTEX_POINT('',#4248);
#4248 = CARTESIAN_POINT('',(-0.5,-0.4,3.E-02));
#4249 = VERTEX_POINT('',#4250);
#4250 = CARTESIAN_POINT('',(-0.5,-0.4,0.77));
#4251 = LINE('',#4252,#4253);
#4252 = CARTESIAN_POINT('',(-0.5,-0.4,0.));
#4253 = VECTOR('',#4254,1.);
#4254 = DIRECTION('',(0.,0.,1.));
#4255 = ORIENTED_EDGE('',*,*,#4256,.F.);
#4256 = EDGE_CURVE('',#4171,#4247,#4257,.T.);
#4257 = LINE('',#4258,#4259);
#4258 = CARTESIAN_POINT('',(-0.8,-0.4,3.E-02));
#4259 = VECTOR('',#4260,1.);
#4260 = DIRECTION('',(1.,0.,0.));
#4261 = ORIENTED_EDGE('',*,*,#4170,.T.);
#4262 = ORIENTED_EDGE('',*,*,#4263,.T.);
#4263 = EDGE_CURVE('',#4173,#4249,#4264,.T.);
#4264 = LINE('',#4265,#4266);
#4265 = CARTESIAN_POINT('',(-0.8,-0.4,0.77));
#4266 = VECTOR('',#4267,1.);
#4267 = DIRECTION('',(1.,0.,0.));
#4268 = PLANE('',#4269);
#4269 = AXIS2_PLACEMENT_3D('',#4270,#4271,#4272);
#4270 = CARTESIAN_POINT('',(-0.8,-0.4,0.));
#4271 = DIRECTION('',(0.,1.,0.));
#4272 = DIRECTION('',(0.,-0.,1.));
#4273 = ADVANCED_FACE('',(#4274),#4293,.T.);
#4274 = FACE_BOUND('',#4275,.T.);
#4275 = EDGE_LOOP('',(#4276,#4277,#4285,#4292));
#4276 = ORIENTED_EDGE('',*,*,#4180,.T.);
#4277 = ORIENTED_EDGE('',*,*,#4278,.T.);
#4278 = EDGE_CURVE('',#4181,#4279,#4281,.T.);
#4279 = VERTEX_POINT('',#4280);
#4280 = CARTESIAN_POINT('',(-0.5,-0.37,0.));
#4281 = LINE('',#4282,#4283);
#4282 = CARTESIAN_POINT('',(-0.8,-0.37,0.));
#4283 = VECTOR('',#4284,1.);
#4284 = DIRECTION('',(1.,0.,0.));
#4285 = ORIENTED_EDGE('',*,*,#4286,.F.);
#4286 = EDGE_CURVE('',#4247,#4279,#4287,.T.);
#4287 = CIRCLE('',#4288,3.E-02);
#4288 = AXIS2_PLACEMENT_3D('',#4289,#4290,#4291);
#4289 = CARTESIAN_POINT('',(-0.5,-0.37,3.E-02));
#4290 = DIRECTION('',(1.,0.,-0.));
#4291 = DIRECTION('',(0.,0.,1.));
#4292 = ORIENTED_EDGE('',*,*,#4256,.F.);
#4293 = CYLINDRICAL_SURFACE('',#4294,3.E-02);
#4294 = AXIS2_PLACEMENT_3D('',#4295,#4296,#4297);
#4295 = CARTESIAN_POINT('',(-0.8,-0.37,3.E-02));
#4296 = DIRECTION('',(1.,0.,0.));
#4297 = DIRECTION('',(0.,-1.,0.));
#4298 = ADVANCED_FACE('',(#4299),#4318,.T.);
#4299 = FACE_BOUND('',#4300,.T.);
#4300 = EDGE_LOOP('',(#4301,#4302,#4311,#4317));
#4301 = ORIENTED_EDGE('',*,*,#4263,.T.);
#4302 = ORIENTED_EDGE('',*,*,#4303,.T.);
#4303 = EDGE_CURVE('',#4249,#4304,#4306,.T.);
#4304 = VERTEX_POINT('',#4305);
#4305 = CARTESIAN_POINT('',(-0.5,-0.37,0.8));
#4306 = CIRCLE('',#4307,3.E-02);
#4307 = AXIS2_PLACEMENT_3D('',#4308,#4309,#4310);
#4308 = CARTESIAN_POINT('',(-0.5,-0.37,0.77));
#4309 = DIRECTION('',(-1.,0.,0.));
#4310 = DIRECTION('',(0.,0.,1.));
#4311 = ORIENTED_EDGE('',*,*,#4312,.F.);
#4312 = EDGE_CURVE('',#4224,#4304,#4313,.T.);
#4313 = LINE('',#4314,#4315);
#4314 = CARTESIAN_POINT('',(-0.8,-0.37,0.8));
#4315 = VECTOR('',#4316,1.);
#4316 = DIRECTION('',(1.,0.,0.));
#4317 = ORIENTED_EDGE('',*,*,#4231,.F.);
#4318 = CYLINDRICAL_SURFACE('',#4319,3.E-02);
#4319 = AXIS2_PLACEMENT_3D('',#4320,#4321,#4322);
#4320 = CARTESIAN_POINT('',(-0.8,-0.37,0.77));
#4321 = DIRECTION('',(1.,0.,0.));
#4322 = DIRECTION('',(0.,-1.,0.));
#4323 = ADVANCED_FACE('',(#4324),#4342,.F.);
#4324 = FACE_BOUND('',#4325,.F.);
#4325 = EDGE_LOOP('',(#4326,#4327,#4328,#4336));
#4326 = ORIENTED_EDGE('',*,*,#4189,.F.);
#4327 = ORIENTED_EDGE('',*,*,#4278,.T.);
#4328 = ORIENTED_EDGE('',*,*,#4329,.T.);
#4329 = EDGE_CURVE('',#4279,#4330,#4332,.T.);
#4330 = VERTEX_POINT('',#4331);
#4331 = CARTESIAN_POINT('',(-0.5,0.37,0.));
#4332 = LINE('',#4333,#4334);
#4333 = CARTESIAN_POINT('',(-0.5,-0.4,0.));
#4334 = VECTOR('',#4335,1.);
#4335 = DIRECTION('',(0.,1.,0.));
#4336 = ORIENTED_EDGE('',*,*,#4337,.F.);
#4337 = EDGE_CURVE('',#4190,#4330,#4338,.T.);
#4338 = LINE('',#4339,#4340);
#4339 = CARTESIAN_POINT('',(-0.8,0.37,0.));
#4340 = VECTOR('',#4341,1.);
#4341 = DIRECTION('',(1.,0.,0.));
#4342 = PLANE('',#4343);
#4343 = AXIS2_PLACEMENT_3D('',#4344,#4345,#4346);
#4344 = CARTESIAN_POINT('',(-0.8,-0.4,0.));
#4345 = DIRECTION('',(0.,0.,1.));
#4346 = DIRECTION('',(1.,0.,-0.));
#4347 = ADVANCED_FACE('',(#4348),#4366,.T.);
#4348 = FACE_BOUND('',#4349,.T.);
#4349 = EDGE_LOOP('',(#4350,#4351,#4352,#4360));
#4350 = ORIENTED_EDGE('',*,*,#4223,.F.);
#4351 = ORIENTED_EDGE('',*,*,#4312,.T.);
#4352 = ORIENTED_EDGE('',*,*,#4353,.T.);
#4353 = EDGE_CURVE('',#4304,#4354,#4356,.T.);
#4354 = VERTEX_POINT('',#4355);
#4355 = CARTESIAN_POINT('',(-0.5,0.37,0.8));
#4356 = LINE('',#4357,#4358);
#4357 = CARTESIAN_POINT('',(-0.5,-0.4,0.8));
#4358 = VECTOR('',#4359,1.);
#4359 = DIRECTION('',(0.,1.,0.));
#4360 = ORIENTED_EDGE('',*,*,#4361,.F.);
#4361 = EDGE_CURVE('',#4215,#4354,#4362,.T.);
#4362 = LINE('',#4363,#4364);
#4363 = CARTESIAN_POINT('',(-0.8,0.37,0.8));
#4364 = VECTOR('',#4365,1.);
#4365 = DIRECTION('',(1.,0.,0.));
#4366 = PLANE('',#4367);
#4367 = AXIS2_PLACEMENT_3D('',#4368,#4369,#4370);
#4368 = CARTESIAN_POINT('',(-0.8,-0.4,0.8));
#4369 = DIRECTION('',(0.,0.,1.));
#4370 = DIRECTION('',(1.,0.,-0.));
#4371 = ADVANCED_FACE('',(#4372),#4391,.T.);
#4372 = FACE_BOUND('',#4373,.T.);
#4373 = EDGE_LOOP('',(#4374,#4382,#4389,#4390));
#4374 = ORIENTED_EDGE('',*,*,#4375,.T.);
#4375 = EDGE_CURVE('',#4198,#4376,#4378,.T.);
#4376 = VERTEX_POINT('',#4377);
#4377 = CARTESIAN_POINT('',(-0.5,0.4,3.E-02));
#4378 = LINE('',#4379,#4380);
#4379 = CARTESIAN_POINT('',(-0.8,0.4,3.E-02));
#4380 = VECTOR('',#4381,1.);
#4381 = DIRECTION('',(1.,0.,0.));
#4382 = ORIENTED_EDGE('',*,*,#4383,.T.);
#4383 = EDGE_CURVE('',#4376,#4330,#4384,.T.);
#4384 = CIRCLE('',#4385,3.E-02);
#4385 = AXIS2_PLACEMENT_3D('',#4386,#4387,#4388);
#4386 = CARTESIAN_POINT('',(-0.5,0.37,3.E-02));
#4387 = DIRECTION('',(-1.,0.,0.));
#4388 = DIRECTION('',(0.,0.,1.));
#4389 = ORIENTED_EDGE('',*,*,#4337,.F.);
#4390 = ORIENTED_EDGE('',*,*,#4197,.F.);
#4391 = CYLINDRICAL_SURFACE('',#4392,3.E-02);
#4392 = AXIS2_PLACEMENT_3D('',#4393,#4394,#4395);
#4393 = CARTESIAN_POINT('',(-0.8,0.37,3.E-02));
#4394 = DIRECTION('',(1.,0.,0.));
#4395 = DIRECTION('',(-0.,1.,0.));
#4396 = ADVANCED_FACE('',(#4397),#4416,.T.);
#4397 = FACE_BOUND('',#4398,.T.);
#4398 = EDGE_LOOP('',(#4399,#4400,#4401,#4410));
#4399 = ORIENTED_EDGE('',*,*,#4214,.T.);
#4400 = ORIENTED_EDGE('',*,*,#4361,.T.);
#4401 = ORIENTED_EDGE('',*,*,#4402,.F.);
#4402 = EDGE_CURVE('',#4403,#4354,#4405,.T.);
#4403 = VERTEX_POINT('',#4404);
#4404 = CARTESIAN_POINT('',(-0.5,0.4,0.77));
#4405 = CIRCLE('',#4406,3.E-02);
#4406 = AXIS2_PLACEMENT_3D('',#4407,#4408,#4409);
#4407 = CARTESIAN_POINT('',(-0.5,0.37,0.77));
#4408 = DIRECTION('',(1.,0.,-0.));
#4409 = DIRECTION('',(0.,0.,1.));
#4410 = ORIENTED_EDGE('',*,*,#4411,.F.);
#4411 = EDGE_CURVE('',#4207,#4403,#4412,.T.);
#4412 = LINE('',#4413,#4414);
#4413 = CARTESIAN_POINT('',(-0.8,0.4,0.77));
#4414 = VECTOR('',#4415,1.);
#4415 = DIRECTION('',(1.,0.,0.));
#4416 = CYLINDRICAL_SURFACE('',#4417,3.E-02);
#4417 = AXIS2_PLACEMENT_3D('',#4418,#4419,#4420);
#4418 = CARTESIAN_POINT('',(-0.8,0.37,0.77));
#4419 = DIRECTION('',(1.,0.,0.));
#4420 = DIRECTION('',(-0.,1.,0.));
#4421 = ADVANCED_FACE('',(#4422),#4433,.T.);
#4422 = FACE_BOUND('',#4423,.T.);
#4423 = EDGE_LOOP('',(#4424,#4430,#4431,#4432));
#4424 = ORIENTED_EDGE('',*,*,#4425,.F.);
#4425 = EDGE_CURVE('',#4376,#4403,#4426,.T.);
#4426 = LINE('',#4427,#4428);
#4427 = CARTESIAN_POINT('',(-0.5,0.4,0.));
#4428 = VECTOR('',#4429,1.);
#4429 = DIRECTION('',(0.,0.,1.));
#4430 = ORIENTED_EDGE('',*,*,#4375,.F.);
#4431 = ORIENTED_EDGE('',*,*,#4206,.T.);
#4432 = ORIENTED_EDGE('',*,*,#4411,.T.);
#4433 = PLANE('',#4434);
#4434 = AXIS2_PLACEMENT_3D('',#4435,#4436,#4437);
#4435 = CARTESIAN_POINT('',(-0.8,0.4,0.));
#4436 = DIRECTION('',(0.,1.,0.));
#4437 = DIRECTION('',(0.,-0.,1.));
#4438 = ADVANCED_FACE('',(#4439,#4449),#4519,.T.);
#4439 = FACE_BOUND('',#4440,.T.);
#4440 = EDGE_LOOP('',(#4441,#4442,#4443,#4444,#4445,#4446,#4447,#4448));
#4441 = ORIENTED_EDGE('',*,*,#4246,.F.);
#4442 = ORIENTED_EDGE('',*,*,#4286,.T.);
#4443 = ORIENTED_EDGE('',*,*,#4329,.T.);
#4444 = ORIENTED_EDGE('',*,*,#4383,.F.);
#4445 = ORIENTED_EDGE('',*,*,#4425,.T.);
#4446 = ORIENTED_EDGE('',*,*,#4402,.T.);
#4447 = ORIENTED_EDGE('',*,*,#4353,.F.);
#4448 = ORIENTED_EDGE('',*,*,#4303,.F.);
#4449 = FACE_BOUND('',#4450,.T.);
#4450 = EDGE_LOOP('',(#4451,#4462,#4470,#4479,#4487,#4496,#4504,#4513));
#4451 = ORIENTED_EDGE('',*,*,#4452,.F.);
#4452 = EDGE_CURVE('',#4453,#4455,#4457,.T.);
#4453 = VERTEX_POINT('',#4454);
#4454 = CARTESIAN_POINT('',(-0.5,-0.37,6.E-02));
#4455 = VERTEX_POINT('',#4456);
#4456 = CARTESIAN_POINT('',(-0.5,-0.34,3.E-02));
#4457 = CIRCLE('',#4458,3.E-02);
#4458 = AXIS2_PLACEMENT_3D('',#4459,#4460,#4461);
#4459 = CARTESIAN_POINT('',(-0.5,-0.34,6.E-02));
#4460 = DIRECTION('',(1.,0.,-0.));
#4461 = DIRECTION('',(0.,0.,1.));
#4462 = ORIENTED_EDGE('',*,*,#4463,.T.);
#4463 = EDGE_CURVE('',#4453,#4464,#4466,.T.);
#4464 = VERTEX_POINT('',#4465);
#4465 = CARTESIAN_POINT('',(-0.5,-0.37,0.74));
#4466 = LINE('',#4467,#4468);
#4467 = CARTESIAN_POINT('',(-0.5,-0.37,3.E-02));
#4468 = VECTOR('',#4469,1.);
#4469 = DIRECTION('',(0.,0.,1.));
#4470 = ORIENTED_EDGE('',*,*,#4471,.T.);
#4471 = EDGE_CURVE('',#4464,#4472,#4474,.T.);
#4472 = VERTEX_POINT('',#4473);
#4473 = CARTESIAN_POINT('',(-0.5,-0.34,0.77));
#4474 = CIRCLE('',#4475,3.E-02);
#4475 = AXIS2_PLACEMENT_3D('',#4476,#4477,#4478);
#4476 = CARTESIAN_POINT('',(-0.5,-0.34,0.74));
#4477 = DIRECTION('',(-1.,0.,0.));
#4478 = DIRECTION('',(0.,0.,1.));
#4479 = ORIENTED_EDGE('',*,*,#4480,.T.);
#4480 = EDGE_CURVE('',#4472,#4481,#4483,.T.);
#4481 = VERTEX_POINT('',#4482);
#4482 = CARTESIAN_POINT('',(-0.5,0.34,0.77));
#4483 = LINE('',#4484,#4485);
#4484 = CARTESIAN_POINT('',(-0.5,-0.37,0.77));
#4485 = VECTOR('',#4486,1.);
#4486 = DIRECTION('',(0.,1.,0.));
#4487 = ORIENTED_EDGE('',*,*,#4488,.F.);
#4488 = EDGE_CURVE('',#4489,#4481,#4491,.T.);
#4489 = VERTEX_POINT('',#4490);
#4490 = CARTESIAN_POINT('',(-0.5,0.37,0.74));
#4491 = CIRCLE('',#4492,3.E-02);
#4492 = AXIS2_PLACEMENT_3D('',#4493,#4494,#4495);
#4493 = CARTESIAN_POINT('',(-0.5,0.34,0.74));
#4494 = DIRECTION('',(1.,0.,-0.));
#4495 = DIRECTION('',(0.,0.,1.));
#4496 = ORIENTED_EDGE('',*,*,#4497,.F.);
#4497 = EDGE_CURVE('',#4498,#4489,#4500,.T.);
#4498 = VERTEX_POINT('',#4499);
#4499 = CARTESIAN_POINT('',(-0.5,0.37,6.E-02));
#4500 = LINE('',#4501,#4502);
#4501 = CARTESIAN_POINT('',(-0.5,0.37,3.E-02));
#4502 = VECTOR('',#4503,1.);
#4503 = DIRECTION('',(0.,0.,1.));
#4504 = ORIENTED_EDGE('',*,*,#4505,.T.);
#4505 = EDGE_CURVE('',#4498,#4506,#4508,.T.);
#4506 = VERTEX_POINT('',#4507);
#4507 = CARTESIAN_POINT('',(-0.5,0.34,3.E-02));
#4508 = CIRCLE('',#4509,3.E-02);
#4509 = AXIS2_PLACEMENT_3D('',#4510,#4511,#4512);
#4510 = CARTESIAN_POINT('',(-0.5,0.34,6.E-02));
#4511 = DIRECTION('',(-1.,0.,0.));
#4512 = DIRECTION('',(0.,0.,1.));
#4513 = ORIENTED_EDGE('',*,*,#4514,.F.);
#4514 = EDGE_CURVE('',#4455,#4506,#4515,.T.);
#4515 = LINE('',#4516,#4517);
#4516 = CARTESIAN_POINT('',(-0.5,-0.37,3.E-02));
#4517 = VECTOR('',#4518,1.);
#4518 = DIRECTION('',(0.,1.,0.));
#4519 = PLANE('',#4520);
#4520 = AXIS2_PLACEMENT_3D('',#4521,#4522,#4523);
#4521 = CARTESIAN_POINT('',(-0.5,-0.4,0.));
#4522 = DIRECTION('',(1.,0.,0.));
#4523 = DIRECTION('',(0.,0.,1.));
#4524 = ADVANCED_FACE('',(#4525),#4551,.T.);
#4525 = FACE_BOUND('',#4526,.T.);
#4526 = EDGE_LOOP('',(#4527,#4528,#4536,#4545));
#4527 = ORIENTED_EDGE('',*,*,#4452,.T.);
#4528 = ORIENTED_EDGE('',*,*,#4529,.T.);
#4529 = EDGE_CURVE('',#4455,#4530,#4532,.T.);
#4530 = VERTEX_POINT('',#4531);
#4531 = CARTESIAN_POINT('',(0.5,-0.34,3.E-02));
#4532 = LINE('',#4533,#4534);
#4533 = CARTESIAN_POINT('',(-0.5,-0.34,3.E-02));
#4534 = VECTOR('',#4535,1.);
#4535 = DIRECTION('',(1.,0.,0.));
#4536 = ORIENTED_EDGE('',*,*,#4537,.F.);
#4537 = EDGE_CURVE('',#4538,#4530,#4540,.T.);
#4538 = VERTEX_POINT('',#4539);
#4539 = CARTESIAN_POINT('',(0.5,-0.37,6.E-02));
#4540 = CIRCLE('',#4541,3.E-02);
#4541 = AXIS2_PLACEMENT_3D('',#4542,#4543,#4544);
#4542 = CARTESIAN_POINT('',(0.5,-0.34,6.E-02));
#4543 = DIRECTION('',(1.,0.,-0.));
#4544 = DIRECTION('',(0.,0.,1.));
#4545 = ORIENTED_EDGE('',*,*,#4546,.F.);
#4546 = EDGE_CURVE('',#4453,#4538,#4547,.T.);
#4547 = LINE('',#4548,#4549);
#4548 = CARTESIAN_POINT('',(-0.5,-0.37,6.E-02));
#4549 = VECTOR('',#4550,1.);
#4550 = DIRECTION('',(1.,0.,0.));
#4551 = CYLINDRICAL_SURFACE('',#4552,3.E-02);
#4552 = AXIS2_PLACEMENT_3D('',#4553,#4554,#4555);
#4553 = CARTESIAN_POINT('',(-0.5,-0.34,6.E-02));
#4554 = DIRECTION('',(1.,0.,0.));
#4555 = DIRECTION('',(0.,-1.,0.));
#4556 = ADVANCED_FACE('',(#4557),#4575,.F.);
#4557 = FACE_BOUND('',#4558,.F.);
#4558 = EDGE_LOOP('',(#4559,#4560,#4561,#4569));
#4559 = ORIENTED_EDGE('',*,*,#4514,.F.);
#4560 = ORIENTED_EDGE('',*,*,#4529,.T.);
#4561 = ORIENTED_EDGE('',*,*,#4562,.T.);
#4562 = EDGE_CURVE('',#4530,#4563,#4565,.T.);
#4563 = VERTEX_POINT('',#4564);
#4564 = CARTESIAN_POINT('',(0.5,0.34,3.E-02));
#4565 = LINE('',#4566,#4567);
#4566 = CARTESIAN_POINT('',(0.5,-0.37,3.E-02));
#4567 = VECTOR('',#4568,1.);
#4568 = DIRECTION('',(0.,1.,0.));
#4569 = ORIENTED_EDGE('',*,*,#4570,.F.);
#4570 = EDGE_CURVE('',#4506,#4563,#4571,.T.);
#4571 = LINE('',#4572,#4573);
#4572 = CARTESIAN_POINT('',(-0.5,0.34,3.E-02));
#4573 = VECTOR('',#4574,1.);
#4574 = DIRECTION('',(1.,0.,0.));
#4575 = PLANE('',#4576);
#4576 = AXIS2_PLACEMENT_3D('',#4577,#4578,#4579);
#4577 = CARTESIAN_POINT('',(-0.5,-0.37,3.E-02));
#4578 = DIRECTION('',(0.,0.,1.));
#4579 = DIRECTION('',(1.,0.,-0.));
#4580 = ADVANCED_FACE('',(#4581),#4600,.T.);
#4581 = FACE_BOUND('',#4582,.T.);
#4582 = EDGE_LOOP('',(#4583,#4591,#4598,#4599));
#4583 = ORIENTED_EDGE('',*,*,#4584,.T.);
#4584 = EDGE_CURVE('',#4498,#4585,#4587,.T.);
#4585 = VERTEX_POINT('',#4586);
#4586 = CARTESIAN_POINT('',(0.5,0.37,6.E-02));
#4587 = LINE('',#4588,#4589);
#4588 = CARTESIAN_POINT('',(-0.5,0.37,6.E-02));
#4589 = VECTOR('',#4590,1.);
#4590 = DIRECTION('',(1.,0.,0.));
#4591 = ORIENTED_EDGE('',*,*,#4592,.T.);
#4592 = EDGE_CURVE('',#4585,#4563,#4593,.T.);
#4593 = CIRCLE('',#4594,3.E-02);
#4594 = AXIS2_PLACEMENT_3D('',#4595,#4596,#4597);
#4595 = CARTESIAN_POINT('',(0.5,0.34,6.E-02));
#4596 = DIRECTION('',(-1.,0.,0.));
#4597 = DIRECTION('',(0.,0.,1.));
#4598 = ORIENTED_EDGE('',*,*,#4570,.F.);
#4599 = ORIENTED_EDGE('',*,*,#4505,.F.);
#4600 = CYLINDRICAL_SURFACE('',#4601,3.E-02);
#4601 = AXIS2_PLACEMENT_3D('',#4602,#4603,#4604);
#4602 = CARTESIAN_POINT('',(-0.5,0.34,6.E-02));
#4603 = DIRECTION('',(1.,0.,0.));
#4604 = DIRECTION('',(-0.,1.,0.));
#4605 = ADVANCED_FACE('',(#4606),#4624,.T.);
#4606 = FACE_BOUND('',#4607,.T.);
#4607 = EDGE_LOOP('',(#4608,#4616,#4617,#4618));
#4608 = ORIENTED_EDGE('',*,*,#4609,.F.);
#4609 = EDGE_CURVE('',#4585,#4610,#4612,.T.);
#4610 = VERTEX_POINT('',#4611);
#4611 = CARTESIAN_POINT('',(0.5,0.37,0.74));
#4612 = LINE('',#4613,#4614);
#4613 = CARTESIAN_POINT('',(0.5,0.37,3.E-02));
#4614 = VECTOR('',#4615,1.);
#4615 = DIRECTION('',(0.,0.,1.));
#4616 = ORIENTED_EDGE('',*,*,#4584,.F.);
#4617 = ORIENTED_EDGE('',*,*,#4497,.T.);
#4618 = ORIENTED_EDGE('',*,*,#4619,.T.);
#4619 = EDGE_CURVE('',#4489,#4610,#4620,.T.);
#4620 = LINE('',#4621,#4622);
#4621 = CARTESIAN_POINT('',(-0.5,0.37,0.74));
#4622 = VECTOR('',#4623,1.);
#4623 = DIRECTION('',(1.,0.,0.));
#4624 = PLANE('',#4625);
#4625 = AXIS2_PLACEMENT_3D('',#4626,#4627,#4628);
#4626 = CARTESIAN_POINT('',(-0.5,0.37,3.E-02));
#4627 = DIRECTION('',(0.,1.,0.));
#4628 = DIRECTION('',(0.,-0.,1.));
#4629 = ADVANCED_FACE('',(#4630),#4649,.T.);
#4630 = FACE_BOUND('',#4631,.T.);
#4631 = EDGE_LOOP('',(#4632,#4633,#4641,#4648));
#4632 = ORIENTED_EDGE('',*,*,#4488,.T.);
#4633 = ORIENTED_EDGE('',*,*,#4634,.T.);
#4634 = EDGE_CURVE('',#4481,#4635,#4637,.T.);
#4635 = VERTEX_POINT('',#4636);
#4636 = CARTESIAN_POINT('',(0.5,0.34,0.77));
#4637 = LINE('',#4638,#4639);
#4638 = CARTESIAN_POINT('',(-0.5,0.34,0.77));
#4639 = VECTOR('',#4640,1.);
#4640 = DIRECTION('',(1.,0.,0.));
#4641 = ORIENTED_EDGE('',*,*,#4642,.F.);
#4642 = EDGE_CURVE('',#4610,#4635,#4643,.T.);
#4643 = CIRCLE('',#4644,3.E-02);
#4644 = AXIS2_PLACEMENT_3D('',#4645,#4646,#4647);
#4645 = CARTESIAN_POINT('',(0.5,0.34,0.74));
#4646 = DIRECTION('',(1.,0.,-0.));
#4647 = DIRECTION('',(0.,0.,1.));
#4648 = ORIENTED_EDGE('',*,*,#4619,.F.);
#4649 = CYLINDRICAL_SURFACE('',#4650,3.E-02);
#4650 = AXIS2_PLACEMENT_3D('',#4651,#4652,#4653);
#4651 = CARTESIAN_POINT('',(-0.5,0.34,0.74));
#4652 = DIRECTION('',(1.,0.,0.));
#4653 = DIRECTION('',(-0.,1.,0.));
#4654 = ADVANCED_FACE('',(#4655),#4673,.T.);
#4655 = FACE_BOUND('',#4656,.T.);
#4656 = EDGE_LOOP('',(#4657,#4658,#4666,#4672));
#4657 = ORIENTED_EDGE('',*,*,#4480,.F.);
#4658 = ORIENTED_EDGE('',*,*,#4659,.T.);
#4659 = EDGE_CURVE('',#4472,#4660,#4662,.T.);
#4660 = VERTEX_POINT('',#4661);
#4661 = CARTESIAN_POINT('',(0.5,-0.34,0.77));
#4662 = LINE('',#4663,#4664);
#4663 = CARTESIAN_POINT('',(-0.5,-0.34,0.77));
#4664 = VECTOR('',#4665,1.);
#4665 = DIRECTION('',(1.,0.,0.));
#4666 = ORIENTED_EDGE('',*,*,#4667,.T.);
#4667 = EDGE_CURVE('',#4660,#4635,#4668,.T.);
#4668 = LINE('',#4669,#4670);
#4669 = CARTESIAN_POINT('',(0.5,-0.37,0.77));
#4670 = VECTOR('',#4671,1.);
#4671 = DIRECTION('',(0.,1.,0.));
#4672 = ORIENTED_EDGE('',*,*,#4634,.F.);
#4673 = PLANE('',#4674);
#4674 = AXIS2_PLACEMENT_3D('',#4675,#4676,#4677);
#4675 = CARTESIAN_POINT('',(-0.5,-0.37,0.77));
#4676 = DIRECTION('',(0.,0.,1.));
#4677 = DIRECTION('',(1.,0.,-0.));
#4678 = ADVANCED_FACE('',(#4679),#4698,.T.);
#4679 = FACE_BOUND('',#4680,.T.);
#4680 = EDGE_LOOP('',(#4681,#4689,#4696,#4697));
#4681 = ORIENTED_EDGE('',*,*,#4682,.T.);
#4682 = EDGE_CURVE('',#4464,#4683,#4685,.T.);
#4683 = VERTEX_POINT('',#4684);
#4684 = CARTESIAN_POINT('',(0.5,-0.37,0.74));
#4685 = LINE('',#4686,#4687);
#4686 = CARTESIAN_POINT('',(-0.5,-0.37,0.74));
#4687 = VECTOR('',#4688,1.);
#4688 = DIRECTION('',(1.,0.,0.));
#4689 = ORIENTED_EDGE('',*,*,#4690,.T.);
#4690 = EDGE_CURVE('',#4683,#4660,#4691,.T.);
#4691 = CIRCLE('',#4692,3.E-02);
#4692 = AXIS2_PLACEMENT_3D('',#4693,#4694,#4695);
#4693 = CARTESIAN_POINT('',(0.5,-0.34,0.74));
#4694 = DIRECTION('',(-1.,0.,0.));
#4695 = DIRECTION('',(0.,0.,1.));
#4696 = ORIENTED_EDGE('',*,*,#4659,.F.);
#4697 = ORIENTED_EDGE('',*,*,#4471,.F.);
#4698 = CYLINDRICAL_SURFACE('',#4699,3.E-02);
#4699 = AXIS2_PLACEMENT_3D('',#4700,#4701,#4702);
#4700 = CARTESIAN_POINT('',(-0.5,-0.34,0.74));
#4701 = DIRECTION('',(1.,0.,0.));
#4702 = DIRECTION('',(0.,-1.,0.));
#4703 = ADVANCED_FACE('',(#4704),#4715,.F.);
#4704 = FACE_BOUND('',#4705,.F.);
#4705 = EDGE_LOOP('',(#4706,#4712,#4713,#4714));
#4706 = ORIENTED_EDGE('',*,*,#4707,.F.);
#4707 = EDGE_CURVE('',#4538,#4683,#4708,.T.);
#4708 = LINE('',#4709,#4710);
#4709 = CARTESIAN_POINT('',(0.5,-0.37,3.E-02));
#4710 = VECTOR('',#4711,1.);
#4711 = DIRECTION('',(0.,0.,1.));
#4712 = ORIENTED_EDGE('',*,*,#4546,.F.);
#4713 = ORIENTED_EDGE('',*,*,#4463,.T.);
#4714 = ORIENTED_EDGE('',*,*,#4682,.T.);
#4715 = PLANE('',#4716);
#4716 = AXIS2_PLACEMENT_3D('',#4717,#4718,#4719);
#4717 = CARTESIAN_POINT('',(-0.5,-0.37,3.E-02));
#4718 = DIRECTION('',(0.,1.,0.));
#4719 = DIRECTION('',(0.,-0.,1.));
#4720 = ADVANCED_FACE('',(#4721,#4791),#4801,.F.);
#4721 = FACE_BOUND('',#4722,.F.);
#4722 = EDGE_LOOP('',(#4723,#4733,#4742,#4750,#4759,#4767,#4776,#4784));
#4723 = ORIENTED_EDGE('',*,*,#4724,.F.);
#4724 = EDGE_CURVE('',#4725,#4727,#4729,.T.);
#4725 = VERTEX_POINT('',#4726);
#4726 = CARTESIAN_POINT('',(0.5,-0.4,3.E-02));
#4727 = VERTEX_POINT('',#4728);
#4728 = CARTESIAN_POINT('',(0.5,-0.4,0.77));
#4729 = LINE('',#4730,#4731);
#4730 = CARTESIAN_POINT('',(0.5,-0.4,0.));
#4731 = VECTOR('',#4732,1.);
#4732 = DIRECTION('',(0.,0.,1.));
#4733 = ORIENTED_EDGE('',*,*,#4734,.T.);
#4734 = EDGE_CURVE('',#4725,#4735,#4737,.T.);
#4735 = VERTEX_POINT('',#4736);
#4736 = CARTESIAN_POINT('',(0.5,-0.37,0.));
#4737 = CIRCLE('',#4738,3.E-02);
#4738 = AXIS2_PLACEMENT_3D('',#4739,#4740,#4741);
#4739 = CARTESIAN_POINT('',(0.5,-0.37,3.E-02));
#4740 = DIRECTION('',(1.,0.,-0.));
#4741 = DIRECTION('',(0.,0.,1.));
#4742 = ORIENTED_EDGE('',*,*,#4743,.T.);
#4743 = EDGE_CURVE('',#4735,#4744,#4746,.T.);
#4744 = VERTEX_POINT('',#4745);
#4745 = CARTESIAN_POINT('',(0.5,0.37,0.));
#4746 = LINE('',#4747,#4748);
#4747 = CARTESIAN_POINT('',(0.5,-0.4,0.));
#4748 = VECTOR('',#4749,1.);
#4749 = DIRECTION('',(0.,1.,0.));
#4750 = ORIENTED_EDGE('',*,*,#4751,.F.);
#4751 = EDGE_CURVE('',#4752,#4744,#4754,.T.);
#4752 = VERTEX_POINT('',#4753);
#4753 = CARTESIAN_POINT('',(0.5,0.4,3.E-02));
#4754 = CIRCLE('',#4755,3.E-02);
#4755 = AXIS2_PLACEMENT_3D('',#4756,#4757,#4758);
#4756 = CARTESIAN_POINT('',(0.5,0.37,3.E-02));
#4757 = DIRECTION('',(-1.,0.,0.));
#4758 = DIRECTION('',(0.,0.,1.));
#4759 = ORIENTED_EDGE('',*,*,#4760,.T.);
#4760 = EDGE_CURVE('',#4752,#4761,#4763,.T.);
#4761 = VERTEX_POINT('',#4762);
#4762 = CARTESIAN_POINT('',(0.5,0.4,0.77));
#4763 = LINE('',#4764,#4765);
#4764 = CARTESIAN_POINT('',(0.5,0.4,0.));
#4765 = VECTOR('',#4766,1.);
#4766 = DIRECTION('',(0.,0.,1.));
#4767 = ORIENTED_EDGE('',*,*,#4768,.T.);
#4768 = EDGE_CURVE('',#4761,#4769,#4771,.T.);
#4769 = VERTEX_POINT('',#4770);
#4770 = CARTESIAN_POINT('',(0.5,0.37,0.8));
#4771 = CIRCLE('',#4772,3.E-02);
#4772 = AXIS2_PLACEMENT_3D('',#4773,#4774,#4775);
#4773 = CARTESIAN_POINT('',(0.5,0.37,0.77));
#4774 = DIRECTION('',(1.,0.,-0.));
#4775 = DIRECTION('',(0.,0.,1.));
#4776 = ORIENTED_EDGE('',*,*,#4777,.F.);
#4777 = EDGE_CURVE('',#4778,#4769,#4780,.T.);
#4778 = VERTEX_POINT('',#4779);
#4779 = CARTESIAN_POINT('',(0.5,-0.37,0.8));
#4780 = LINE('',#4781,#4782);
#4781 = CARTESIAN_POINT('',(0.5,-0.4,0.8));
#4782 = VECTOR('',#4783,1.);
#4783 = DIRECTION('',(0.,1.,0.));
#4784 = ORIENTED_EDGE('',*,*,#4785,.F.);
#4785 = EDGE_CURVE('',#4727,#4778,#4786,.T.);
#4786 = CIRCLE('',#4787,3.E-02);
#4787 = AXIS2_PLACEMENT_3D('',#4788,#4789,#4790);
#4788 = CARTESIAN_POINT('',(0.5,-0.37,0.77));
#4789 = DIRECTION('',(-1.,0.,0.));
#4790 = DIRECTION('',(0.,0.,1.));
#4791 = FACE_BOUND('',#4792,.F.);
#4792 = EDGE_LOOP('',(#4793,#4794,#4795,#4796,#4797,#4798,#4799,#4800));
#4793 = ORIENTED_EDGE('',*,*,#4537,.F.);
#4794 = ORIENTED_EDGE('',*,*,#4707,.T.);
#4795 = ORIENTED_EDGE('',*,*,#4690,.T.);
#4796 = ORIENTED_EDGE('',*,*,#4667,.T.);
#4797 = ORIENTED_EDGE('',*,*,#4642,.F.);
#4798 = ORIENTED_EDGE('',*,*,#4609,.F.);
#4799 = ORIENTED_EDGE('',*,*,#4592,.T.);
#4800 = ORIENTED_EDGE('',*,*,#4562,.F.);
#4801 = PLANE('',#4802);
#4802 = AXIS2_PLACEMENT_3D('',#4803,#4804,#4805);
#4803 = CARTESIAN_POINT('',(0.5,-0.4,0.));
#4804 = DIRECTION('',(1.,0.,0.));
#4805 = DIRECTION('',(0.,0.,1.));
#4806 = ADVANCED_FACE('',(#4807),#4832,.F.);
#4807 = FACE_BOUND('',#4808,.F.);
#4808 = EDGE_LOOP('',(#4809,#4819,#4825,#4826));
#4809 = ORIENTED_EDGE('',*,*,#4810,.F.);
#4810 = EDGE_CURVE('',#4811,#4813,#4815,.T.);
#4811 = VERTEX_POINT('',#4812);
#4812 = CARTESIAN_POINT('',(0.8,-0.4,3.E-02));
#4813 = VERTEX_POINT('',#4814);
#4814 = CARTESIAN_POINT('',(0.8,-0.4,0.77));
#4815 = LINE('',#4816,#4817);
#4816 = CARTESIAN_POINT('',(0.8,-0.4,0.));
#4817 = VECTOR('',#4818,1.);
#4818 = DIRECTION('',(0.,0.,1.));
#4819 = ORIENTED_EDGE('',*,*,#4820,.F.);
#4820 = EDGE_CURVE('',#4725,#4811,#4821,.T.);
#4821 = LINE('',#4822,#4823);
#4822 = CARTESIAN_POINT('',(0.5,-0.4,3.E-02));
#4823 = VECTOR('',#4824,1.);
#4824 = DIRECTION('',(1.,0.,0.));
#4825 = ORIENTED_EDGE('',*,*,#4724,.T.);
#4826 = ORIENTED_EDGE('',*,*,#4827,.T.);
#4827 = EDGE_CURVE('',#4727,#4813,#4828,.T.);
#4828 = LINE('',#4829,#4830);
#4829 = CARTESIAN_POINT('',(0.5,-0.4,0.77));
#4830 = VECTOR('',#4831,1.);
#4831 = DIRECTION('',(1.,0.,0.));
#4832 = PLANE('',#4833);
#4833 = AXIS2_PLACEMENT_3D('',#4834,#4835,#4836);
#4834 = CARTESIAN_POINT('',(0.5,-0.4,0.));
#4835 = DIRECTION('',(0.,1.,0.));
#4836 = DIRECTION('',(0.,-0.,1.));
#4837 = ADVANCED_FACE('',(#4838),#4857,.T.);
#4838 = FACE_BOUND('',#4839,.T.);
#4839 = EDGE_LOOP('',(#4840,#4841,#4849,#4856));
#4840 = ORIENTED_EDGE('',*,*,#4734,.T.);
#4841 = ORIENTED_EDGE('',*,*,#4842,.T.);
#4842 = EDGE_CURVE('',#4735,#4843,#4845,.T.);
#4843 = VERTEX_POINT('',#4844);
#4844 = CARTESIAN_POINT('',(0.8,-0.37,0.));
#4845 = LINE('',#4846,#4847);
#4846 = CARTESIAN_POINT('',(0.5,-0.37,0.));
#4847 = VECTOR('',#4848,1.);
#4848 = DIRECTION('',(1.,0.,0.));
#4849 = ORIENTED_EDGE('',*,*,#4850,.F.);
#4850 = EDGE_CURVE('',#4811,#4843,#4851,.T.);
#4851 = CIRCLE('',#4852,3.E-02);
#4852 = AXIS2_PLACEMENT_3D('',#4853,#4854,#4855);
#4853 = CARTESIAN_POINT('',(0.8,-0.37,3.E-02));
#4854 = DIRECTION('',(1.,0.,-0.));
#4855 = DIRECTION('',(0.,0.,1.));
#4856 = ORIENTED_EDGE('',*,*,#4820,.F.);
#4857 = CYLINDRICAL_SURFACE('',#4858,3.E-02);
#4858 = AXIS2_PLACEMENT_3D('',#4859,#4860,#4861);
#4859 = CARTESIAN_POINT('',(0.5,-0.37,3.E-02));
#4860 = DIRECTION('',(1.,0.,0.));
#4861 = DIRECTION('',(0.,-1.,0.));
#4862 = ADVANCED_FACE('',(#4863),#4882,.T.);
#4863 = FACE_BOUND('',#4864,.T.);
#4864 = EDGE_LOOP('',(#4865,#4866,#4875,#4881));
#4865 = ORIENTED_EDGE('',*,*,#4827,.T.);
#4866 = ORIENTED_EDGE('',*,*,#4867,.T.);
#4867 = EDGE_CURVE('',#4813,#4868,#4870,.T.);
#4868 = VERTEX_POINT('',#4869);
#4869 = CARTESIAN_POINT('',(0.8,-0.37,0.8));
#4870 = CIRCLE('',#4871,3.E-02);
#4871 = AXIS2_PLACEMENT_3D('',#4872,#4873,#4874);
#4872 = CARTESIAN_POINT('',(0.8,-0.37,0.77));
#4873 = DIRECTION('',(-1.,0.,0.));
#4874 = DIRECTION('',(0.,0.,1.));
#4875 = ORIENTED_EDGE('',*,*,#4876,.F.);
#4876 = EDGE_CURVE('',#4778,#4868,#4877,.T.);
#4877 = LINE('',#4878,#4879);
#4878 = CARTESIAN_POINT('',(0.5,-0.37,0.8));
#4879 = VECTOR('',#4880,1.);
#4880 = DIRECTION('',(1.,0.,0.));
#4881 = ORIENTED_EDGE('',*,*,#4785,.F.);
#4882 = CYLINDRICAL_SURFACE('',#4883,3.E-02);
#4883 = AXIS2_PLACEMENT_3D('',#4884,#4885,#4886);
#4884 = CARTESIAN_POINT('',(0.5,-0.37,0.77));
#4885 = DIRECTION('',(1.,0.,0.));
#4886 = DIRECTION('',(0.,-1.,0.));
#4887 = ADVANCED_FACE('',(#4888),#4906,.F.);
#4888 = FACE_BOUND('',#4889,.F.);
#4889 = EDGE_LOOP('',(#4890,#4891,#4892,#4900));
#4890 = ORIENTED_EDGE('',*,*,#4743,.F.);
#4891 = ORIENTED_EDGE('',*,*,#4842,.T.);
#4892 = ORIENTED_EDGE('',*,*,#4893,.T.);
#4893 = EDGE_CURVE('',#4843,#4894,#4896,.T.);
#4894 = VERTEX_POINT('',#4895);
#4895 = CARTESIAN_POINT('',(0.8,0.37,0.));
#4896 = LINE('',#4897,#4898);
#4897 = CARTESIAN_POINT('',(0.8,-0.4,0.));
#4898 = VECTOR('',#4899,1.);
#4899 = DIRECTION('',(0.,1.,0.));
#4900 = ORIENTED_EDGE('',*,*,#4901,.F.);
#4901 = EDGE_CURVE('',#4744,#4894,#4902,.T.);
#4902 = LINE('',#4903,#4904);
#4903 = CARTESIAN_POINT('',(0.5,0.37,0.));
#4904 = VECTOR('',#4905,1.);
#4905 = DIRECTION('',(1.,0.,0.));
#4906 = PLANE('',#4907);
#4907 = AXIS2_PLACEMENT_3D('',#4908,#4909,#4910);
#4908 = CARTESIAN_POINT('',(0.5,-0.4,0.));
#4909 = DIRECTION('',(0.,0.,1.));
#4910 = DIRECTION('',(1.,0.,-0.));
#4911 = ADVANCED_FACE('',(#4912),#4930,.T.);
#4912 = FACE_BOUND('',#4913,.T.);
#4913 = EDGE_LOOP('',(#4914,#4915,#4916,#4924));
#4914 = ORIENTED_EDGE('',*,*,#4777,.F.);
#4915 = ORIENTED_EDGE('',*,*,#4876,.T.);
#4916 = ORIENTED_EDGE('',*,*,#4917,.T.);
#4917 = EDGE_CURVE('',#4868,#4918,#4920,.T.);
#4918 = VERTEX_POINT('',#4919);
#4919 = CARTESIAN_POINT('',(0.8,0.37,0.8));
#4920 = LINE('',#4921,#4922);
#4921 = CARTESIAN_POINT('',(0.8,-0.4,0.8));
#4922 = VECTOR('',#4923,1.);
#4923 = DIRECTION('',(0.,1.,0.));
#4924 = ORIENTED_EDGE('',*,*,#4925,.F.);
#4925 = EDGE_CURVE('',#4769,#4918,#4926,.T.);
#4926 = LINE('',#4927,#4928);
#4927 = CARTESIAN_POINT('',(0.5,0.37,0.8));
#4928 = VECTOR('',#4929,1.);
#4929 = DIRECTION('',(1.,0.,0.));
#4930 = PLANE('',#4931);
#4931 = AXIS2_PLACEMENT_3D('',#4932,#4933,#4934);
#4932 = CARTESIAN_POINT('',(0.5,-0.4,0.8));
#4933 = DIRECTION('',(0.,0.,1.));
#4934 = DIRECTION('',(1.,0.,-0.));
#4935 = ADVANCED_FACE('',(#4936),#4955,.T.);
#4936 = FACE_BOUND('',#4937,.T.);
#4937 = EDGE_LOOP('',(#4938,#4946,#4953,#4954));
#4938 = ORIENTED_EDGE('',*,*,#4939,.T.);
#4939 = EDGE_CURVE('',#4752,#4940,#4942,.T.);
#4940 = VERTEX_POINT('',#4941);
#4941 = CARTESIAN_POINT('',(0.8,0.4,3.E-02));
#4942 = LINE('',#4943,#4944);
#4943 = CARTESIAN_POINT('',(0.5,0.4,3.E-02));
#4944 = VECTOR('',#4945,1.);
#4945 = DIRECTION('',(1.,0.,0.));
#4946 = ORIENTED_EDGE('',*,*,#4947,.T.);
#4947 = EDGE_CURVE('',#4940,#4894,#4948,.T.);
#4948 = CIRCLE('',#4949,3.E-02);
#4949 = AXIS2_PLACEMENT_3D('',#4950,#4951,#4952);
#4950 = CARTESIAN_POINT('',(0.8,0.37,3.E-02));
#4951 = DIRECTION('',(-1.,0.,0.));
#4952 = DIRECTION('',(0.,0.,1.));
#4953 = ORIENTED_EDGE('',*,*,#4901,.F.);
#4954 = ORIENTED_EDGE('',*,*,#4751,.F.);
#4955 = CYLINDRICAL_SURFACE('',#4956,3.E-02);
#4956 = AXIS2_PLACEMENT_3D('',#4957,#4958,#4959);
#4957 = CARTESIAN_POINT('',(0.5,0.37,3.E-02));
#4958 = DIRECTION('',(1.,0.,0.));
#4959 = DIRECTION('',(-0.,1.,0.));
#4960 = ADVANCED_FACE('',(#4961),#4980,.T.);
#4961 = FACE_BOUND('',#4962,.T.);
#4962 = EDGE_LOOP('',(#4963,#4964,#4965,#4974));
#4963 = ORIENTED_EDGE('',*,*,#4768,.T.);
#4964 = ORIENTED_EDGE('',*,*,#4925,.T.);
#4965 = ORIENTED_EDGE('',*,*,#4966,.F.);
#4966 = EDGE_CURVE('',#4967,#4918,#4969,.T.);
#4967 = VERTEX_POINT('',#4968);
#4968 = CARTESIAN_POINT('',(0.8,0.4,0.77));
#4969 = CIRCLE('',#4970,3.E-02);
#4970 = AXIS2_PLACEMENT_3D('',#4971,#4972,#4973);
#4971 = CARTESIAN_POINT('',(0.8,0.37,0.77));
#4972 = DIRECTION('',(1.,0.,-0.));
#4973 = DIRECTION('',(0.,0.,1.));
#4974 = ORIENTED_EDGE('',*,*,#4975,.F.);
#4975 = EDGE_CURVE('',#4761,#4967,#4976,.T.);
#4976 = LINE('',#4977,#4978);
#4977 = CARTESIAN_POINT('',(0.5,0.4,0.77));
#4978 = VECTOR('',#4979,1.);
#4979 = DIRECTION('',(1.,0.,0.));
#4980 = CYLINDRICAL_SURFACE('',#4981,3.E-02);
#4981 = AXIS2_PLACEMENT_3D('',#4982,#4983,#4984);
#4982 = CARTESIAN_POINT('',(0.5,0.37,0.77));
#4983 = DIRECTION('',(1.,0.,0.));
#4984 = DIRECTION('',(-0.,1.,0.));
#4985 = ADVANCED_FACE('',(#4986),#4997,.T.);
#4986 = FACE_BOUND('',#4987,.T.);
#4987 = EDGE_LOOP('',(#4988,#4994,#4995,#4996));
#4988 = ORIENTED_EDGE('',*,*,#4989,.F.);
#4989 = EDGE_CURVE('',#4940,#4967,#4990,.T.);
#4990 = LINE('',#4991,#4992);
#4991 = CARTESIAN_POINT('',(0.8,0.4,0.));
#4992 = VECTOR('',#4993,1.);
#4993 = DIRECTION('',(0.,0.,1.));
#4994 = ORIENTED_EDGE('',*,*,#4939,.F.);
#4995 = ORIENTED_EDGE('',*,*,#4760,.T.);
#4996 = ORIENTED_EDGE('',*,*,#4975,.T.);
#4997 = PLANE('',#4998);
#4998 = AXIS2_PLACEMENT_3D('',#4999,#5000,#5001);
#4999 = CARTESIAN_POINT('',(0.5,0.4,0.));
#5000 = DIRECTION('',(0.,1.,0.));
#5001 = DIRECTION('',(0.,-0.,1.));
#5002 = ADVANCED_FACE('',(#5003),#5013,.T.);
#5003 = FACE_BOUND('',#5004,.T.);
#5004 = EDGE_LOOP('',(#5005,#5006,#5007,#5008,#5009,#5010,#5011,#5012));
#5005 = ORIENTED_EDGE('',*,*,#4810,.F.);
#5006 = ORIENTED_EDGE('',*,*,#4850,.T.);
#5007 = ORIENTED_EDGE('',*,*,#4893,.T.);
#5008 = ORIENTED_EDGE('',*,*,#4947,.F.);
#5009 = ORIENTED_EDGE('',*,*,#4989,.T.);
#5010 = ORIENTED_EDGE('',*,*,#4966,.T.);
#5011 = ORIENTED_EDGE('',*,*,#4917,.F.);
#5012 = ORIENTED_EDGE('',*,*,#4867,.F.);
#5013 = PLANE('',#5014);
#5014 = AXIS2_PLACEMENT_3D('',#5015,#5016,#5017);
#5015 = CARTESIAN_POINT('',(0.8,-0.4,0.));
#5016 = DIRECTION('',(1.,0.,0.));
#5017 = DIRECTION('',(0.,0.,1.));
#5018 = ( GEOMETRIC_REPRESENTATION_CONTEXT(3) 
GLOBAL_UNCERTAINTY_ASSIGNED_CONTEXT((#5022)) 
GLOBAL_UNIT_ASSIGNED_CONTEXT((#5019,#5020,#5021)) REPRESENTATION_CONTEXT
('Context #1','3D Context with UNIT and UNCERTAINTY') );
#5019 = ( LENGTH_UNIT() NAMED_UNIT(*) SI_UNIT(.MILLI.,.METRE.) );
#5020 = ( NAMED_UNIT(*) PLANE_ANGLE_UNIT() SI_UNIT($,.RADIAN.) );
#5021 = ( NAMED_UNIT(*) SI_UNIT($,.STERADIAN.) SOLID_ANGLE_UNIT() );
#5022 = UNCERTAINTY_MEASURE_WITH_UNIT(LENGTH_MEASURE(1.E-07),#5019,
  'distance_accuracy_value','confusion accuracy');
#5023 = CONTEXT_DEPENDENT_SHAPE_REPRESENTATION(#5024,#5026);
#5024 = ( REPRESENTATION_RELATIONSHIP('','',#4163,#10) 
REPRESENTATION_RELATIONSHIP_WITH_TRANSFORMATION(#5025) 
SHAPE_REPRESENTATION_RELATIONSHIP() );
#5025 = ITEM_DEFINED_TRANSFORMATION('','',#11,#23);
#5026 = PRODUCT_DEFINITION_SHAPE('Placement','Placement of an item',
  #5027);
#5027 = NEXT_ASSEMBLY_USAGE_OCCURRENCE('3','C3','',#5,#4158,$);
#5028 = PRODUCT_RELATED_PRODUCT_CATEGORY('part',$,(#4160));
#5029 = CONTEXT_DEPENDENT_SHAPE_REPRESENTATION(#5030,#5032);
#5030 = ( REPRESENTATION_RELATIONSHIP('','',#4163,#10) 
REPRESENTATION_RELATIONSHIP_WITH_TRANSFORMATION(#5031) 
SHAPE_REPRESENTATION_RELATIONSHIP() );
#5031 = ITEM_DEFINED_TRANSFORMATION('','',#11,#27);
#5032 = PRODUCT_DEFINITION_SHAPE('Placement','Placement of an item',
  #5033);
#5033 = NEXT_ASSEMBLY_USAGE_OCCURRENCE('4','C2','',#5,#4158,$);
#5034 = CONTEXT_DEPENDENT_SHAPE_REPRESENTATION(#5035,#5037);
#5035 = ( REPRESENTATION_RELATIONSHIP('','',#4163,#10) 
REPRESENTATION_RELATIONSHIP_WITH_TRANSFORMATION(#5036) 
SHAPE_REPRESENTATION_RELATIONSHIP() );
#5036 = ITEM_DEFINED_TRANSFORMATION('','',#11,#31);
#5037 = PRODUCT_DEFINITION_SHAPE('Placement','Placement of an item',
  #5038);
#5038 = NEXT_ASSEMBLY_USAGE_OCCURRENCE('5','C1','',#5,#4158,$);
#5039 = SHAPE_DEFINITION_REPRESENTATION(#5040,#5046);
#5040 = PRODUCT_DEFINITION_SHAPE('','',#5041);
#5041 = PRODUCT_DEFINITION('design','',#5042,#5045);
#5042 = PRODUCT_DEFINITION_FORMATION('','',#5043);
#5043 = PRODUCT('JST_XH_S4B-XH-A-1_1x04_P2.50mm_Horizontal',
  'JST_XH_S4B-XH-A-1_1x04_P2.50mm_Horizontal','',(#5044));
#5044 = PRODUCT_CONTEXT('',#2,'mechanical');
#5045 = PRODUCT_DEFINITION_CONTEXT('part definition',#2,'design');
#5046 = ADVANCED_BREP_SHAPE_REPRESENTATION('',(#11,#5047),#10050);
#5047 = MANIFOLD_SOLID_BREP('',#5048);
#5048 = CLOSED_SHELL('',(#5049,#5217,#5264,#5304,#5328,#5368,#5392,#5432
    ,#5456,#5496,#5520,#5560,#5584,#5624,#5648,#5688,#5712,#5752,#5792,
    #5832,#5920,#5953,#5977,#6049,#6239,#6256,#6302,#6319,#6365,#6382,
    #6428,#6445,#6491,#6515,#6580,#6597,#6609,#6640,#6665,#6682,#6714,
    #6738,#6755,#6767,#6791,#6816,#6993,#7010,#7027,#7044,#7061,#7078,
    #7095,#7112,#7129,#7146,#7163,#7180,#7197,#7214,#7231,#7248,#7265,
    #7277,#7374,#7398,#7488,#7505,#7536,#7594,#7618,#7669,#7700,#7758,
    #7782,#7833,#7930,#7954,#8044,#8061,#8086,#8103,#8130,#8157,#8174,
    #8322,#8339,#8356,#8373,#8406,#8446,#8477,#8494,#8511,#8523,#8556,
    #8573,#8590,#8607,#8638,#8655,#8686,#8703,#8720,#8737,#8768,#8785,
    #8816,#8833,#8850,#8867,#8900,#8940,#8971,#8988,#9005,#9017,#9050,
    #9081,#9105,#9129,#9146,#9177,#9201,#9225,#9242,#9273,#9297,#9321,
    #9338,#9369,#9393,#9417,#9434,#9451,#9468,#9480,#9497,#9514,#9526,
    #9543,#9560,#9572,#9589,#9606,#9618,#9649,#9673,#9697,#9714,#9745,
    #9769,#9793,#9810,#9841,#9865,#9889,#9906,#9937,#9961,#9985,#10002,
    #10014,#10026,#10038));
#5049 = ADVANCED_FACE('',(#5050),#5212,.F.);
#5050 = FACE_BOUND('',#5051,.F.);
#5051 = EDGE_LOOP('',(#5052,#5062,#5070,#5078,#5086,#5094,#5102,#5110,
    #5118,#5126,#5134,#5142,#5150,#5158,#5166,#5174,#5182,#5190,#5198,
    #5206));
#5052 = ORIENTED_EDGE('',*,*,#5053,.F.);
#5053 = EDGE_CURVE('',#5054,#5056,#5058,.T.);
#5054 = VERTEX_POINT('',#5055);
#5055 = CARTESIAN_POINT('',(-1.95,-0.6,0.35));
#5056 = VERTEX_POINT('',#5057);
#5057 = CARTESIAN_POINT('',(-0.75,-0.6,0.35));
#5058 = LINE('',#5059,#5060);
#5059 = CARTESIAN_POINT('',(-2.45,-0.6,0.35));
#5060 = VECTOR('',#5061,1.);
#5061 = DIRECTION('',(1.,-1.224646799147E-16,0.));
#5062 = ORIENTED_EDGE('',*,*,#5063,.F.);
#5063 = EDGE_CURVE('',#5064,#5054,#5066,.T.);
#5064 = VERTEX_POINT('',#5065);
#5065 = CARTESIAN_POINT('',(-1.95,-7.6,0.35));
#5066 = LINE('',#5067,#5068);
#5067 = CARTESIAN_POINT('',(-1.95,-7.6,0.35));
#5068 = VECTOR('',#5069,1.);
#5069 = DIRECTION('',(1.224646799147E-16,1.,0.));
#5070 = ORIENTED_EDGE('',*,*,#5071,.T.);
#5071 = EDGE_CURVE('',#5064,#5072,#5074,.T.);
#5072 = VERTEX_POINT('',#5073);
#5073 = CARTESIAN_POINT('',(9.45,-7.6,0.35));
#5074 = LINE('',#5075,#5076);
#5075 = CARTESIAN_POINT('',(-2.45,-7.6,0.35));
#5076 = VECTOR('',#5077,1.);
#5077 = DIRECTION('',(1.,-1.224646799147E-16,0.));
#5078 = ORIENTED_EDGE('',*,*,#5079,.T.);
#5079 = EDGE_CURVE('',#5072,#5080,#5082,.T.);
#5080 = VERTEX_POINT('',#5081);
#5081 = CARTESIAN_POINT('',(9.45,-0.6,0.35));
#5082 = LINE('',#5083,#5084);
#5083 = CARTESIAN_POINT('',(9.45,-7.6,0.35));
#5084 = VECTOR('',#5085,1.);
#5085 = DIRECTION('',(1.224646799147E-16,1.,0.));
#5086 = ORIENTED_EDGE('',*,*,#5087,.F.);
#5087 = EDGE_CURVE('',#5088,#5080,#5090,.T.);
#5088 = VERTEX_POINT('',#5089);
#5089 = CARTESIAN_POINT('',(8.25,-0.6,0.35));
#5090 = LINE('',#5091,#5092);
#5091 = CARTESIAN_POINT('',(-2.45,-0.6,0.35));
#5092 = VECTOR('',#5093,1.);
#5093 = DIRECTION('',(1.,-1.224646799147E-16,0.));
#5094 = ORIENTED_EDGE('',*,*,#5095,.F.);
#5095 = EDGE_CURVE('',#5096,#5088,#5098,.T.);
#5096 = VERTEX_POINT('',#5097);
#5097 = CARTESIAN_POINT('',(8.25,-1.6,0.35));
#5098 = LINE('',#5099,#5100);
#5099 = CARTESIAN_POINT('',(8.25,-1.6,0.35));
#5100 = VECTOR('',#5101,1.);
#5101 = DIRECTION('',(1.224646799147E-16,1.,-1.110223024625E-16));
#5102 = ORIENTED_EDGE('',*,*,#5103,.T.);
#5103 = EDGE_CURVE('',#5096,#5104,#5106,.T.);
#5104 = VERTEX_POINT('',#5105);
#5105 = CARTESIAN_POINT('',(6.75,-1.6,0.35));
#5106 = LINE('',#5107,#5108);
#5107 = CARTESIAN_POINT('',(8.25,-1.6,0.35));
#5108 = VECTOR('',#5109,1.);
#5109 = DIRECTION('',(-1.,1.224646799147E-16,0.));
#5110 = ORIENTED_EDGE('',*,*,#5111,.T.);
#5111 = EDGE_CURVE('',#5104,#5112,#5114,.T.);
#5112 = VERTEX_POINT('',#5113);
#5113 = CARTESIAN_POINT('',(6.75,-0.6,0.35));
#5114 = LINE('',#5115,#5116);
#5115 = CARTESIAN_POINT('',(6.75,-1.6,0.35));
#5116 = VECTOR('',#5117,1.);
#5117 = DIRECTION('',(1.224646799147E-16,1.,-1.110223024625E-16));
#5118 = ORIENTED_EDGE('',*,*,#5119,.F.);
#5119 = EDGE_CURVE('',#5120,#5112,#5122,.T.);
#5120 = VERTEX_POINT('',#5121);
#5121 = CARTESIAN_POINT('',(5.75,-0.6,0.35));
#5122 = LINE('',#5123,#5124);
#5123 = CARTESIAN_POINT('',(-2.45,-0.6,0.35));
#5124 = VECTOR('',#5125,1.);
#5125 = DIRECTION('',(1.,-1.224646799147E-16,0.));
#5126 = ORIENTED_EDGE('',*,*,#5127,.F.);
#5127 = EDGE_CURVE('',#5128,#5120,#5130,.T.);
#5128 = VERTEX_POINT('',#5129);
#5129 = CARTESIAN_POINT('',(5.75,-1.6,0.35));
#5130 = LINE('',#5131,#5132);
#5131 = CARTESIAN_POINT('',(5.75,-1.6,0.35));
#5132 = VECTOR('',#5133,1.);
#5133 = DIRECTION('',(1.224646799147E-16,1.,-1.110223024625E-16));
#5134 = ORIENTED_EDGE('',*,*,#5135,.T.);
#5135 = EDGE_CURVE('',#5128,#5136,#5138,.T.);
#5136 = VERTEX_POINT('',#5137);
#5137 = CARTESIAN_POINT('',(4.25,-1.6,0.35));
#5138 = LINE('',#5139,#5140);
#5139 = CARTESIAN_POINT('',(5.75,-1.6,0.35));
#5140 = VECTOR('',#5141,1.);
#5141 = DIRECTION('',(-1.,1.224646799147E-16,0.));
#5142 = ORIENTED_EDGE('',*,*,#5143,.T.);
#5143 = EDGE_CURVE('',#5136,#5144,#5146,.T.);
#5144 = VERTEX_POINT('',#5145);
#5145 = CARTESIAN_POINT('',(4.25,-0.6,0.35));
#5146 = LINE('',#5147,#5148);
#5147 = CARTESIAN_POINT('',(4.25,-1.6,0.35));
#5148 = VECTOR('',#5149,1.);
#5149 = DIRECTION('',(1.224646799147E-16,1.,-1.110223024625E-16));
#5150 = ORIENTED_EDGE('',*,*,#5151,.F.);
#5151 = EDGE_CURVE('',#5152,#5144,#5154,.T.);
#5152 = VERTEX_POINT('',#5153);
#5153 = CARTESIAN_POINT('',(3.25,-0.6,0.35));
#5154 = LINE('',#5155,#5156);
#5155 = CARTESIAN_POINT('',(-2.45,-0.6,0.35));
#5156 = VECTOR('',#5157,1.);
#5157 = DIRECTION('',(1.,-1.224646799147E-16,0.));
#5158 = ORIENTED_EDGE('',*,*,#5159,.F.);
#5159 = EDGE_CURVE('',#5160,#5152,#5162,.T.);
#5160 = VERTEX_POINT('',#5161);
#5161 = CARTESIAN_POINT('',(3.25,-1.6,0.35));
#5162 = LINE('',#5163,#5164);
#5163 = CARTESIAN_POINT('',(3.25,-1.6,0.35));
#5164 = VECTOR('',#5165,1.);
#5165 = DIRECTION('',(1.224646799147E-16,1.,-1.110223024625E-16));
#5166 = ORIENTED_EDGE('',*,*,#5167,.T.);
#5167 = EDGE_CURVE('',#5160,#5168,#5170,.T.);
#5168 = VERTEX_POINT('',#5169);
#5169 = CARTESIAN_POINT('',(1.75,-1.6,0.35));
#5170 = LINE('',#5171,#5172);
#5171 = CARTESIAN_POINT('',(3.25,-1.6,0.35));
#5172 = VECTOR('',#5173,1.);
#5173 = DIRECTION('',(-1.,1.224646799147E-16,0.));
#5174 = ORIENTED_EDGE('',*,*,#5175,.T.);
#5175 = EDGE_CURVE('',#5168,#5176,#5178,.T.);
#5176 = VERTEX_POINT('',#5177);
#5177 = CARTESIAN_POINT('',(1.75,-0.6,0.35));
#5178 = LINE('',#5179,#5180);
#5179 = CARTESIAN_POINT('',(1.75,-1.6,0.35));
#5180 = VECTOR('',#5181,1.);
#5181 = DIRECTION('',(1.224646799147E-16,1.,-1.110223024625E-16));
#5182 = ORIENTED_EDGE('',*,*,#5183,.F.);
#5183 = EDGE_CURVE('',#5184,#5176,#5186,.T.);
#5184 = VERTEX_POINT('',#5185);
#5185 = CARTESIAN_POINT('',(0.75,-0.6,0.35));
#5186 = LINE('',#5187,#5188);
#5187 = CARTESIAN_POINT('',(-2.45,-0.6,0.35));
#5188 = VECTOR('',#5189,1.);
#5189 = DIRECTION('',(1.,-1.224646799147E-16,0.));
#5190 = ORIENTED_EDGE('',*,*,#5191,.F.);
#5191 = EDGE_CURVE('',#5192,#5184,#5194,.T.);
#5192 = VERTEX_POINT('',#5193);
#5193 = CARTESIAN_POINT('',(0.75,-1.6,0.35));
#5194 = LINE('',#5195,#5196);
#5195 = CARTESIAN_POINT('',(0.75,-1.6,0.35));
#5196 = VECTOR('',#5197,1.);
#5197 = DIRECTION('',(1.224646799147E-16,1.,-1.110223024625E-16));
#5198 = ORIENTED_EDGE('',*,*,#5199,.T.);
#5199 = EDGE_CURVE('',#5192,#5200,#5202,.T.);
#5200 = VERTEX_POINT('',#5201);
#5201 = CARTESIAN_POINT('',(-0.75,-1.6,0.35));
#5202 = LINE('',#5203,#5204);
#5203 = CARTESIAN_POINT('',(0.75,-1.6,0.35));
#5204 = VECTOR('',#5205,1.);
#5205 = DIRECTION('',(-1.,1.224646799147E-16,0.));
#5206 = ORIENTED_EDGE('',*,*,#5207,.T.);
#5207 = EDGE_CURVE('',#5200,#5056,#5208,.T.);
#5208 = LINE('',#5209,#5210);
#5209 = CARTESIAN_POINT('',(-0.75,-1.6,0.35));
#5210 = VECTOR('',#5211,1.);
#5211 = DIRECTION('',(1.224646799147E-16,1.,-1.110223024625E-16));
#5212 = PLANE('',#5213);
#5213 = AXIS2_PLACEMENT_3D('',#5214,#5215,#5216);
#5214 = CARTESIAN_POINT('',(-2.45,-0.6,0.35));
#5215 = DIRECTION('',(1.359631073447E-32,1.110223024625E-16,1.));
#5216 = DIRECTION('',(1.,-1.224646799147E-16,-6.927121900793E-45));
#5217 = ADVANCED_FACE('',(#5218),#5259,.F.);
#5218 = FACE_BOUND('',#5219,.F.);
#5219 = EDGE_LOOP('',(#5220,#5228,#5236,#5244,#5252,#5258));
#5220 = ORIENTED_EDGE('',*,*,#5221,.T.);
#5221 = EDGE_CURVE('',#5056,#5222,#5224,.T.);
#5222 = VERTEX_POINT('',#5223);
#5223 = CARTESIAN_POINT('',(-0.75,-0.6,6.1));
#5224 = LINE('',#5225,#5226);
#5225 = CARTESIAN_POINT('',(-0.75,-0.6,0.35));
#5226 = VECTOR('',#5227,1.);
#5227 = DIRECTION('',(1.359631073447E-32,1.110223024625E-16,1.));
#5228 = ORIENTED_EDGE('',*,*,#5229,.T.);
#5229 = EDGE_CURVE('',#5222,#5230,#5232,.T.);
#5230 = VERTEX_POINT('',#5231);
#5231 = CARTESIAN_POINT('',(-2.45,-0.6,6.1));
#5232 = LINE('',#5233,#5234);
#5233 = CARTESIAN_POINT('',(9.95,-0.6,6.1));
#5234 = VECTOR('',#5235,1.);
#5235 = DIRECTION('',(-1.,1.224646799147E-16,0.));
#5236 = ORIENTED_EDGE('',*,*,#5237,.T.);
#5237 = EDGE_CURVE('',#5230,#5238,#5240,.T.);
#5238 = VERTEX_POINT('',#5239);
#5239 = CARTESIAN_POINT('',(-2.45,-0.6,5.35));
#5240 = LINE('',#5241,#5242);
#5241 = CARTESIAN_POINT('',(-2.45,-0.6,6.1));
#5242 = VECTOR('',#5243,1.);
#5243 = DIRECTION('',(-1.359631073447E-32,-1.110223024625E-16,-1.));
#5244 = ORIENTED_EDGE('',*,*,#5245,.F.);
#5245 = EDGE_CURVE('',#5246,#5238,#5248,.T.);
#5246 = VERTEX_POINT('',#5247);
#5247 = CARTESIAN_POINT('',(-1.95,-0.6,5.35));
#5248 = LINE('',#5249,#5250);
#5249 = CARTESIAN_POINT('',(-1.95,-0.6,5.35));
#5250 = VECTOR('',#5251,1.);
#5251 = DIRECTION('',(-1.,1.224646799147E-16,0.));
#5252 = ORIENTED_EDGE('',*,*,#5253,.F.);
#5253 = EDGE_CURVE('',#5054,#5246,#5254,.T.);
#5254 = LINE('',#5255,#5256);
#5255 = CARTESIAN_POINT('',(-1.95,-0.6,0.35));
#5256 = VECTOR('',#5257,1.);
#5257 = DIRECTION('',(0.,0.,1.));
#5258 = ORIENTED_EDGE('',*,*,#5053,.T.);
#5259 = PLANE('',#5260);
#5260 = AXIS2_PLACEMENT_3D('',#5261,#5262,#5263);
#5261 = CARTESIAN_POINT('',(3.75,-0.6,3.225));
#5262 = DIRECTION('',(-1.224646799147E-16,-1.,1.110223024625E-16));
#5263 = DIRECTION('',(-1.,1.224646799147E-16,0.));
#5264 = ADVANCED_FACE('',(#5265),#5299,.T.);
#5265 = FACE_BOUND('',#5266,.T.);
#5266 = EDGE_LOOP('',(#5267,#5275,#5283,#5291,#5297,#5298));
#5267 = ORIENTED_EDGE('',*,*,#5268,.T.);
#5268 = EDGE_CURVE('',#5222,#5269,#5271,.T.);
#5269 = VERTEX_POINT('',#5270);
#5270 = CARTESIAN_POINT('',(-0.75,-1.6,6.1));
#5271 = LINE('',#5272,#5273);
#5272 = CARTESIAN_POINT('',(-0.75,-0.6,6.1));
#5273 = VECTOR('',#5274,1.);
#5274 = DIRECTION('',(-1.224646799147E-16,-1.,1.110223024625E-16));
#5275 = ORIENTED_EDGE('',*,*,#5276,.T.);
#5276 = EDGE_CURVE('',#5269,#5277,#5279,.T.);
#5277 = VERTEX_POINT('',#5278);
#5278 = CARTESIAN_POINT('',(-0.75,-0.9,4.25));
#5279 = LINE('',#5280,#5281);
#5280 = CARTESIAN_POINT('',(-0.75,-1.6,6.1));
#5281 = VECTOR('',#5282,1.);
#5282 = DIRECTION('',(4.33392824344E-17,0.353892097416,-0.935286257456)
  );
#5283 = ORIENTED_EDGE('',*,*,#5284,.T.);
#5284 = EDGE_CURVE('',#5277,#5285,#5287,.T.);
#5285 = VERTEX_POINT('',#5286);
#5286 = CARTESIAN_POINT('',(-0.75,-0.9,3.25));
#5287 = LINE('',#5288,#5289);
#5288 = CARTESIAN_POINT('',(-0.75,-0.9,4.25));
#5289 = VECTOR('',#5290,1.);
#5290 = DIRECTION('',(-1.359631073447E-32,-1.110223024625E-16,-1.));
#5291 = ORIENTED_EDGE('',*,*,#5292,.T.);
#5292 = EDGE_CURVE('',#5285,#5200,#5293,.T.);
#5293 = LINE('',#5294,#5295);
#5294 = CARTESIAN_POINT('',(-0.75,-0.9,3.25));
#5295 = VECTOR('',#5296,1.);
#5296 = DIRECTION('',(-2.87351777816E-17,-0.234640533104,-0.972082208573
    ));
#5297 = ORIENTED_EDGE('',*,*,#5207,.T.);
#5298 = ORIENTED_EDGE('',*,*,#5221,.T.);
#5299 = PLANE('',#5300);
#5300 = AXIS2_PLACEMENT_3D('',#5301,#5302,#5303);
#5301 = CARTESIAN_POINT('',(-0.75,-0.930008245993,3.234548643504));
#5302 = DIRECTION('',(1.,-1.224646799147E-16,6.435104022508E-33));
#5303 = DIRECTION('',(1.224646799147E-16,1.,-1.110223024625E-16));
#5304 = ADVANCED_FACE('',(#5305),#5323,.F.);
#5305 = FACE_BOUND('',#5306,.F.);
#5306 = EDGE_LOOP('',(#5307,#5315,#5316,#5317));
#5307 = ORIENTED_EDGE('',*,*,#5308,.T.);
#5308 = EDGE_CURVE('',#5309,#5285,#5311,.T.);
#5309 = VERTEX_POINT('',#5310);
#5310 = CARTESIAN_POINT('',(0.75,-0.9,3.25));
#5311 = LINE('',#5312,#5313);
#5312 = CARTESIAN_POINT('',(0.75,-0.9,3.25));
#5313 = VECTOR('',#5314,1.);
#5314 = DIRECTION('',(-1.,1.224646799147E-16,0.));
#5315 = ORIENTED_EDGE('',*,*,#5292,.T.);
#5316 = ORIENTED_EDGE('',*,*,#5199,.F.);
#5317 = ORIENTED_EDGE('',*,*,#5318,.F.);
#5318 = EDGE_CURVE('',#5309,#5192,#5319,.T.);
#5319 = LINE('',#5320,#5321);
#5320 = CARTESIAN_POINT('',(0.75,-0.9,3.25));
#5321 = VECTOR('',#5322,1.);
#5322 = DIRECTION('',(-2.87351777816E-17,-0.234640533104,-0.972082208573
    ));
#5323 = PLANE('',#5324);
#5324 = AXIS2_PLACEMENT_3D('',#5325,#5326,#5327);
#5325 = CARTESIAN_POINT('',(0.75,-0.9,3.25));
#5326 = DIRECTION('',(-1.190457365237E-16,-0.972082208573,0.234640533104
    ));
#5327 = DIRECTION('',(-2.87351777816E-17,-0.234640533104,-0.972082208573
    ));
#5328 = ADVANCED_FACE('',(#5329),#5363,.F.);
#5329 = FACE_BOUND('',#5330,.F.);
#5330 = EDGE_LOOP('',(#5331,#5341,#5349,#5355,#5356,#5357));
#5331 = ORIENTED_EDGE('',*,*,#5332,.T.);
#5332 = EDGE_CURVE('',#5333,#5335,#5337,.T.);
#5333 = VERTEX_POINT('',#5334);
#5334 = CARTESIAN_POINT('',(0.75,-0.6,6.1));
#5335 = VERTEX_POINT('',#5336);
#5336 = CARTESIAN_POINT('',(0.75,-1.6,6.1));
#5337 = LINE('',#5338,#5339);
#5338 = CARTESIAN_POINT('',(0.75,-0.6,6.1));
#5339 = VECTOR('',#5340,1.);
#5340 = DIRECTION('',(-1.224646799147E-16,-1.,1.110223024625E-16));
#5341 = ORIENTED_EDGE('',*,*,#5342,.T.);
#5342 = EDGE_CURVE('',#5335,#5343,#5345,.T.);
#5343 = VERTEX_POINT('',#5344);
#5344 = CARTESIAN_POINT('',(0.75,-0.9,4.25));
#5345 = LINE('',#5346,#5347);
#5346 = CARTESIAN_POINT('',(0.75,-1.6,6.1));
#5347 = VECTOR('',#5348,1.);
#5348 = DIRECTION('',(4.33392824344E-17,0.353892097416,-0.935286257456)
  );
#5349 = ORIENTED_EDGE('',*,*,#5350,.T.);
#5350 = EDGE_CURVE('',#5343,#5309,#5351,.T.);
#5351 = LINE('',#5352,#5353);
#5352 = CARTESIAN_POINT('',(0.75,-0.9,4.25));
#5353 = VECTOR('',#5354,1.);
#5354 = DIRECTION('',(-1.359631073447E-32,-1.110223024625E-16,-1.));
#5355 = ORIENTED_EDGE('',*,*,#5318,.T.);
#5356 = ORIENTED_EDGE('',*,*,#5191,.T.);
#5357 = ORIENTED_EDGE('',*,*,#5358,.T.);
#5358 = EDGE_CURVE('',#5184,#5333,#5359,.T.);
#5359 = LINE('',#5360,#5361);
#5360 = CARTESIAN_POINT('',(0.75,-0.6,0.35));
#5361 = VECTOR('',#5362,1.);
#5362 = DIRECTION('',(1.359631073447E-32,1.110223024625E-16,1.));
#5363 = PLANE('',#5364);
#5364 = AXIS2_PLACEMENT_3D('',#5365,#5366,#5367);
#5365 = CARTESIAN_POINT('',(0.75,-0.930008245993,3.234548643504));
#5366 = DIRECTION('',(1.,-1.224646799147E-16,6.435104022508E-33));
#5367 = DIRECTION('',(1.224646799147E-16,1.,-1.110223024625E-16));
#5368 = ADVANCED_FACE('',(#5369),#5387,.F.);
#5369 = FACE_BOUND('',#5370,.F.);
#5370 = EDGE_LOOP('',(#5371,#5379,#5380,#5381));
#5371 = ORIENTED_EDGE('',*,*,#5372,.T.);
#5372 = EDGE_CURVE('',#5373,#5333,#5375,.T.);
#5373 = VERTEX_POINT('',#5374);
#5374 = CARTESIAN_POINT('',(1.75,-0.6,6.1));
#5375 = LINE('',#5376,#5377);
#5376 = CARTESIAN_POINT('',(9.95,-0.6,6.1));
#5377 = VECTOR('',#5378,1.);
#5378 = DIRECTION('',(-1.,1.224646799147E-16,0.));
#5379 = ORIENTED_EDGE('',*,*,#5358,.F.);
#5380 = ORIENTED_EDGE('',*,*,#5183,.T.);
#5381 = ORIENTED_EDGE('',*,*,#5382,.T.);
#5382 = EDGE_CURVE('',#5176,#5373,#5383,.T.);
#5383 = LINE('',#5384,#5385);
#5384 = CARTESIAN_POINT('',(1.75,-0.6,0.35));
#5385 = VECTOR('',#5386,1.);
#5386 = DIRECTION('',(1.359631073447E-32,1.110223024625E-16,1.));
#5387 = PLANE('',#5388);
#5388 = AXIS2_PLACEMENT_3D('',#5389,#5390,#5391);
#5389 = CARTESIAN_POINT('',(3.75,-0.6,3.225));
#5390 = DIRECTION('',(-1.224646799147E-16,-1.,1.110223024625E-16));
#5391 = DIRECTION('',(-1.,1.224646799147E-16,0.));
#5392 = ADVANCED_FACE('',(#5393),#5427,.T.);
#5393 = FACE_BOUND('',#5394,.T.);
#5394 = EDGE_LOOP('',(#5395,#5403,#5411,#5419,#5425,#5426));
#5395 = ORIENTED_EDGE('',*,*,#5396,.T.);
#5396 = EDGE_CURVE('',#5373,#5397,#5399,.T.);
#5397 = VERTEX_POINT('',#5398);
#5398 = CARTESIAN_POINT('',(1.75,-1.6,6.1));
#5399 = LINE('',#5400,#5401);
#5400 = CARTESIAN_POINT('',(1.75,-0.6,6.1));
#5401 = VECTOR('',#5402,1.);
#5402 = DIRECTION('',(-1.224646799147E-16,-1.,1.110223024625E-16));
#5403 = ORIENTED_EDGE('',*,*,#5404,.T.);
#5404 = EDGE_CURVE('',#5397,#5405,#5407,.T.);
#5405 = VERTEX_POINT('',#5406);
#5406 = CARTESIAN_POINT('',(1.75,-0.9,4.25));
#5407 = LINE('',#5408,#5409);
#5408 = CARTESIAN_POINT('',(1.75,-1.6,6.1));
#5409 = VECTOR('',#5410,1.);
#5410 = DIRECTION('',(4.33392824344E-17,0.353892097416,-0.935286257456)
  );
#5411 = ORIENTED_EDGE('',*,*,#5412,.T.);
#5412 = EDGE_CURVE('',#5405,#5413,#5415,.T.);
#5413 = VERTEX_POINT('',#5414);
#5414 = CARTESIAN_POINT('',(1.75,-0.9,3.25));
#5415 = LINE('',#5416,#5417);
#5416 = CARTESIAN_POINT('',(1.75,-0.9,4.25));
#5417 = VECTOR('',#5418,1.);
#5418 = DIRECTION('',(-1.359631073447E-32,-1.110223024625E-16,-1.));
#5419 = ORIENTED_EDGE('',*,*,#5420,.T.);
#5420 = EDGE_CURVE('',#5413,#5168,#5421,.T.);
#5421 = LINE('',#5422,#5423);
#5422 = CARTESIAN_POINT('',(1.75,-0.9,3.25));
#5423 = VECTOR('',#5424,1.);
#5424 = DIRECTION('',(-2.87351777816E-17,-0.234640533104,-0.972082208573
    ));
#5425 = ORIENTED_EDGE('',*,*,#5175,.T.);
#5426 = ORIENTED_EDGE('',*,*,#5382,.T.);
#5427 = PLANE('',#5428);
#5428 = AXIS2_PLACEMENT_3D('',#5429,#5430,#5431);
#5429 = CARTESIAN_POINT('',(1.75,-0.930008245993,3.234548643504));
#5430 = DIRECTION('',(1.,-1.224646799147E-16,6.435104022508E-33));
#5431 = DIRECTION('',(1.224646799147E-16,1.,-1.110223024625E-16));
#5432 = ADVANCED_FACE('',(#5433),#5451,.F.);
#5433 = FACE_BOUND('',#5434,.F.);
#5434 = EDGE_LOOP('',(#5435,#5443,#5444,#5445));
#5435 = ORIENTED_EDGE('',*,*,#5436,.T.);
#5436 = EDGE_CURVE('',#5437,#5413,#5439,.T.);
#5437 = VERTEX_POINT('',#5438);
#5438 = CARTESIAN_POINT('',(3.25,-0.9,3.25));
#5439 = LINE('',#5440,#5441);
#5440 = CARTESIAN_POINT('',(3.25,-0.9,3.25));
#5441 = VECTOR('',#5442,1.);
#5442 = DIRECTION('',(-1.,1.224646799147E-16,0.));
#5443 = ORIENTED_EDGE('',*,*,#5420,.T.);
#5444 = ORIENTED_EDGE('',*,*,#5167,.F.);
#5445 = ORIENTED_EDGE('',*,*,#5446,.F.);
#5446 = EDGE_CURVE('',#5437,#5160,#5447,.T.);
#5447 = LINE('',#5448,#5449);
#5448 = CARTESIAN_POINT('',(3.25,-0.9,3.25));
#5449 = VECTOR('',#5450,1.);
#5450 = DIRECTION('',(-2.87351777816E-17,-0.234640533104,-0.972082208573
    ));
#5451 = PLANE('',#5452);
#5452 = AXIS2_PLACEMENT_3D('',#5453,#5454,#5455);
#5453 = CARTESIAN_POINT('',(3.25,-0.9,3.25));
#5454 = DIRECTION('',(-1.190457365237E-16,-0.972082208573,0.234640533104
    ));
#5455 = DIRECTION('',(-2.87351777816E-17,-0.234640533104,-0.972082208573
    ));
#5456 = ADVANCED_FACE('',(#5457),#5491,.F.);
#5457 = FACE_BOUND('',#5458,.F.);
#5458 = EDGE_LOOP('',(#5459,#5469,#5477,#5483,#5484,#5485));
#5459 = ORIENTED_EDGE('',*,*,#5460,.T.);
#5460 = EDGE_CURVE('',#5461,#5463,#5465,.T.);
#5461 = VERTEX_POINT('',#5462);
#5462 = CARTESIAN_POINT('',(3.25,-0.6,6.1));
#5463 = VERTEX_POINT('',#5464);
#5464 = CARTESIAN_POINT('',(3.25,-1.6,6.1));
#5465 = LINE('',#5466,#5467);
#5466 = CARTESIAN_POINT('',(3.25,-0.6,6.1));
#5467 = VECTOR('',#5468,1.);
#5468 = DIRECTION('',(-1.224646799147E-16,-1.,1.110223024625E-16));
#5469 = ORIENTED_EDGE('',*,*,#5470,.T.);
#5470 = EDGE_CURVE('',#5463,#5471,#5473,.T.);
#5471 = VERTEX_POINT('',#5472);
#5472 = CARTESIAN_POINT('',(3.25,-0.9,4.25));
#5473 = LINE('',#5474,#5475);
#5474 = CARTESIAN_POINT('',(3.25,-1.6,6.1));
#5475 = VECTOR('',#5476,1.);
#5476 = DIRECTION('',(4.33392824344E-17,0.353892097416,-0.935286257456)
  );
#5477 = ORIENTED_EDGE('',*,*,#5478,.T.);
#5478 = EDGE_CURVE('',#5471,#5437,#5479,.T.);
#5479 = LINE('',#5480,#5481);
#5480 = CARTESIAN_POINT('',(3.25,-0.9,4.25));
#5481 = VECTOR('',#5482,1.);
#5482 = DIRECTION('',(-1.359631073447E-32,-1.110223024625E-16,-1.));
#5483 = ORIENTED_EDGE('',*,*,#5446,.T.);
#5484 = ORIENTED_EDGE('',*,*,#5159,.T.);
#5485 = ORIENTED_EDGE('',*,*,#5486,.T.);
#5486 = EDGE_CURVE('',#5152,#5461,#5487,.T.);
#5487 = LINE('',#5488,#5489);
#5488 = CARTESIAN_POINT('',(3.25,-0.6,0.35));
#5489 = VECTOR('',#5490,1.);
#5490 = DIRECTION('',(1.359631073447E-32,1.110223024625E-16,1.));
#5491 = PLANE('',#5492);
#5492 = AXIS2_PLACEMENT_3D('',#5493,#5494,#5495);
#5493 = CARTESIAN_POINT('',(3.25,-0.930008245993,3.234548643504));
#5494 = DIRECTION('',(1.,-1.224646799147E-16,6.435104022508E-33));
#5495 = DIRECTION('',(1.224646799147E-16,1.,-1.110223024625E-16));
#5496 = ADVANCED_FACE('',(#5497),#5515,.F.);
#5497 = FACE_BOUND('',#5498,.F.);
#5498 = EDGE_LOOP('',(#5499,#5500,#5501,#5509));
#5499 = ORIENTED_EDGE('',*,*,#5486,.F.);
#5500 = ORIENTED_EDGE('',*,*,#5151,.T.);
#5501 = ORIENTED_EDGE('',*,*,#5502,.T.);
#5502 = EDGE_CURVE('',#5144,#5503,#5505,.T.);
#5503 = VERTEX_POINT('',#5504);
#5504 = CARTESIAN_POINT('',(4.25,-0.6,6.1));
#5505 = LINE('',#5506,#5507);
#5506 = CARTESIAN_POINT('',(4.25,-0.6,0.35));
#5507 = VECTOR('',#5508,1.);
#5508 = DIRECTION('',(1.359631073447E-32,1.110223024625E-16,1.));
#5509 = ORIENTED_EDGE('',*,*,#5510,.T.);
#5510 = EDGE_CURVE('',#5503,#5461,#5511,.T.);
#5511 = LINE('',#5512,#5513);
#5512 = CARTESIAN_POINT('',(9.95,-0.6,6.1));
#5513 = VECTOR('',#5514,1.);
#5514 = DIRECTION('',(-1.,1.224646799147E-16,0.));
#5515 = PLANE('',#5516);
#5516 = AXIS2_PLACEMENT_3D('',#5517,#5518,#5519);
#5517 = CARTESIAN_POINT('',(3.75,-0.6,3.225));
#5518 = DIRECTION('',(-1.224646799147E-16,-1.,1.110223024625E-16));
#5519 = DIRECTION('',(-1.,1.224646799147E-16,0.));
#5520 = ADVANCED_FACE('',(#5521),#5555,.T.);
#5521 = FACE_BOUND('',#5522,.T.);
#5522 = EDGE_LOOP('',(#5523,#5531,#5539,#5547,#5553,#5554));
#5523 = ORIENTED_EDGE('',*,*,#5524,.T.);
#5524 = EDGE_CURVE('',#5503,#5525,#5527,.T.);
#5525 = VERTEX_POINT('',#5526);
#5526 = CARTESIAN_POINT('',(4.25,-1.6,6.1));
#5527 = LINE('',#5528,#5529);
#5528 = CARTESIAN_POINT('',(4.25,-0.6,6.1));
#5529 = VECTOR('',#5530,1.);
#5530 = DIRECTION('',(-1.224646799147E-16,-1.,1.110223024625E-16));
#5531 = ORIENTED_EDGE('',*,*,#5532,.T.);
#5532 = EDGE_CURVE('',#5525,#5533,#5535,.T.);
#5533 = VERTEX_POINT('',#5534);
#5534 = CARTESIAN_POINT('',(4.25,-0.9,4.25));
#5535 = LINE('',#5536,#5537);
#5536 = CARTESIAN_POINT('',(4.25,-1.6,6.1));
#5537 = VECTOR('',#5538,1.);
#5538 = DIRECTION('',(4.33392824344E-17,0.353892097416,-0.935286257456)
  );
#5539 = ORIENTED_EDGE('',*,*,#5540,.T.);
#5540 = EDGE_CURVE('',#5533,#5541,#5543,.T.);
#5541 = VERTEX_POINT('',#5542);
#5542 = CARTESIAN_POINT('',(4.25,-0.9,3.25));
#5543 = LINE('',#5544,#5545);
#5544 = CARTESIAN_POINT('',(4.25,-0.9,4.25));
#5545 = VECTOR('',#5546,1.);
#5546 = DIRECTION('',(-1.359631073447E-32,-1.110223024625E-16,-1.));
#5547 = ORIENTED_EDGE('',*,*,#5548,.T.);
#5548 = EDGE_CURVE('',#5541,#5136,#5549,.T.);
#5549 = LINE('',#5550,#5551);
#5550 = CARTESIAN_POINT('',(4.25,-0.9,3.25));
#5551 = VECTOR('',#5552,1.);
#5552 = DIRECTION('',(-2.87351777816E-17,-0.234640533104,-0.972082208573
    ));
#5553 = ORIENTED_EDGE('',*,*,#5143,.T.);
#5554 = ORIENTED_EDGE('',*,*,#5502,.T.);
#5555 = PLANE('',#5556);
#5556 = AXIS2_PLACEMENT_3D('',#5557,#5558,#5559);
#5557 = CARTESIAN_POINT('',(4.25,-0.930008245993,3.234548643504));
#5558 = DIRECTION('',(1.,-1.224646799147E-16,6.435104022508E-33));
#5559 = DIRECTION('',(1.224646799147E-16,1.,-1.110223024625E-16));
#5560 = ADVANCED_FACE('',(#5561),#5579,.F.);
#5561 = FACE_BOUND('',#5562,.F.);
#5562 = EDGE_LOOP('',(#5563,#5571,#5572,#5573));
#5563 = ORIENTED_EDGE('',*,*,#5564,.T.);
#5564 = EDGE_CURVE('',#5565,#5541,#5567,.T.);
#5565 = VERTEX_POINT('',#5566);
#5566 = CARTESIAN_POINT('',(5.75,-0.9,3.25));
#5567 = LINE('',#5568,#5569);
#5568 = CARTESIAN_POINT('',(5.75,-0.9,3.25));
#5569 = VECTOR('',#5570,1.);
#5570 = DIRECTION('',(-1.,1.224646799147E-16,0.));
#5571 = ORIENTED_EDGE('',*,*,#5548,.T.);
#5572 = ORIENTED_EDGE('',*,*,#5135,.F.);
#5573 = ORIENTED_EDGE('',*,*,#5574,.F.);
#5574 = EDGE_CURVE('',#5565,#5128,#5575,.T.);
#5575 = LINE('',#5576,#5577);
#5576 = CARTESIAN_POINT('',(5.75,-0.9,3.25));
#5577 = VECTOR('',#5578,1.);
#5578 = DIRECTION('',(-2.87351777816E-17,-0.234640533104,-0.972082208573
    ));
#5579 = PLANE('',#5580);
#5580 = AXIS2_PLACEMENT_3D('',#5581,#5582,#5583);
#5581 = CARTESIAN_POINT('',(5.75,-0.9,3.25));
#5582 = DIRECTION('',(-1.190457365237E-16,-0.972082208573,0.234640533104
    ));
#5583 = DIRECTION('',(-2.87351777816E-17,-0.234640533104,-0.972082208573
    ));
#5584 = ADVANCED_FACE('',(#5585),#5619,.F.);
#5585 = FACE_BOUND('',#5586,.F.);
#5586 = EDGE_LOOP('',(#5587,#5597,#5605,#5611,#5612,#5613));
#5587 = ORIENTED_EDGE('',*,*,#5588,.T.);
#5588 = EDGE_CURVE('',#5589,#5591,#5593,.T.);
#5589 = VERTEX_POINT('',#5590);
#5590 = CARTESIAN_POINT('',(5.75,-0.6,6.1));
#5591 = VERTEX_POINT('',#5592);
#5592 = CARTESIAN_POINT('',(5.75,-1.6,6.1));
#5593 = LINE('',#5594,#5595);
#5594 = CARTESIAN_POINT('',(5.75,-0.6,6.1));
#5595 = VECTOR('',#5596,1.);
#5596 = DIRECTION('',(-1.224646799147E-16,-1.,1.110223024625E-16));
#5597 = ORIENTED_EDGE('',*,*,#5598,.T.);
#5598 = EDGE_CURVE('',#5591,#5599,#5601,.T.);
#5599 = VERTEX_POINT('',#5600);
#5600 = CARTESIAN_POINT('',(5.75,-0.9,4.25));
#5601 = LINE('',#5602,#5603);
#5602 = CARTESIAN_POINT('',(5.75,-1.6,6.1));
#5603 = VECTOR('',#5604,1.);
#5604 = DIRECTION('',(4.33392824344E-17,0.353892097416,-0.935286257456)
  );
#5605 = ORIENTED_EDGE('',*,*,#5606,.T.);
#5606 = EDGE_CURVE('',#5599,#5565,#5607,.T.);
#5607 = LINE('',#5608,#5609);
#5608 = CARTESIAN_POINT('',(5.75,-0.9,4.25));
#5609 = VECTOR('',#5610,1.);
#5610 = DIRECTION('',(-1.359631073447E-32,-1.110223024625E-16,-1.));
#5611 = ORIENTED_EDGE('',*,*,#5574,.T.);
#5612 = ORIENTED_EDGE('',*,*,#5127,.T.);
#5613 = ORIENTED_EDGE('',*,*,#5614,.T.);
#5614 = EDGE_CURVE('',#5120,#5589,#5615,.T.);
#5615 = LINE('',#5616,#5617);
#5616 = CARTESIAN_POINT('',(5.75,-0.6,0.35));
#5617 = VECTOR('',#5618,1.);
#5618 = DIRECTION('',(1.359631073447E-32,1.110223024625E-16,1.));
#5619 = PLANE('',#5620);
#5620 = AXIS2_PLACEMENT_3D('',#5621,#5622,#5623);
#5621 = CARTESIAN_POINT('',(5.75,-0.930008245993,3.234548643504));
#5622 = DIRECTION('',(1.,-1.224646799147E-16,6.435104022508E-33));
#5623 = DIRECTION('',(1.224646799147E-16,1.,-1.110223024625E-16));
#5624 = ADVANCED_FACE('',(#5625),#5643,.F.);
#5625 = FACE_BOUND('',#5626,.F.);
#5626 = EDGE_LOOP('',(#5627,#5628,#5636,#5642));
#5627 = ORIENTED_EDGE('',*,*,#5119,.T.);
#5628 = ORIENTED_EDGE('',*,*,#5629,.T.);
#5629 = EDGE_CURVE('',#5112,#5630,#5632,.T.);
#5630 = VERTEX_POINT('',#5631);
#5631 = CARTESIAN_POINT('',(6.75,-0.6,6.1));
#5632 = LINE('',#5633,#5634);
#5633 = CARTESIAN_POINT('',(6.75,-0.6,0.35));
#5634 = VECTOR('',#5635,1.);
#5635 = DIRECTION('',(1.359631073447E-32,1.110223024625E-16,1.));
#5636 = ORIENTED_EDGE('',*,*,#5637,.T.);
#5637 = EDGE_CURVE('',#5630,#5589,#5638,.T.);
#5638 = LINE('',#5639,#5640);
#5639 = CARTESIAN_POINT('',(9.95,-0.6,6.1));
#5640 = VECTOR('',#5641,1.);
#5641 = DIRECTION('',(-1.,1.224646799147E-16,0.));
#5642 = ORIENTED_EDGE('',*,*,#5614,.F.);
#5643 = PLANE('',#5644);
#5644 = AXIS2_PLACEMENT_3D('',#5645,#5646,#5647);
#5645 = CARTESIAN_POINT('',(3.75,-0.6,3.225));
#5646 = DIRECTION('',(-1.224646799147E-16,-1.,1.110223024625E-16));
#5647 = DIRECTION('',(-1.,1.224646799147E-16,0.));
#5648 = ADVANCED_FACE('',(#5649),#5683,.T.);
#5649 = FACE_BOUND('',#5650,.T.);
#5650 = EDGE_LOOP('',(#5651,#5659,#5667,#5675,#5681,#5682));
#5651 = ORIENTED_EDGE('',*,*,#5652,.T.);
#5652 = EDGE_CURVE('',#5630,#5653,#5655,.T.);
#5653 = VERTEX_POINT('',#5654);
#5654 = CARTESIAN_POINT('',(6.75,-1.6,6.1));
#5655 = LINE('',#5656,#5657);
#5656 = CARTESIAN_POINT('',(6.75,-0.6,6.1));
#5657 = VECTOR('',#5658,1.);
#5658 = DIRECTION('',(-1.224646799147E-16,-1.,1.110223024625E-16));
#5659 = ORIENTED_EDGE('',*,*,#5660,.T.);
#5660 = EDGE_CURVE('',#5653,#5661,#5663,.T.);
#5661 = VERTEX_POINT('',#5662);
#5662 = CARTESIAN_POINT('',(6.75,-0.9,4.25));
#5663 = LINE('',#5664,#5665);
#5664 = CARTESIAN_POINT('',(6.75,-1.6,6.1));
#5665 = VECTOR('',#5666,1.);
#5666 = DIRECTION('',(4.33392824344E-17,0.353892097416,-0.935286257456)
  );
#5667 = ORIENTED_EDGE('',*,*,#5668,.T.);
#5668 = EDGE_CURVE('',#5661,#5669,#5671,.T.);
#5669 = VERTEX_POINT('',#5670);
#5670 = CARTESIAN_POINT('',(6.75,-0.9,3.25));
#5671 = LINE('',#5672,#5673);
#5672 = CARTESIAN_POINT('',(6.75,-0.9,4.25));
#5673 = VECTOR('',#5674,1.);
#5674 = DIRECTION('',(-1.359631073447E-32,-1.110223024625E-16,-1.));
#5675 = ORIENTED_EDGE('',*,*,#5676,.T.);
#5676 = EDGE_CURVE('',#5669,#5104,#5677,.T.);
#5677 = LINE('',#5678,#5679);
#5678 = CARTESIAN_POINT('',(6.75,-0.9,3.25));
#5679 = VECTOR('',#5680,1.);
#5680 = DIRECTION('',(-2.87351777816E-17,-0.234640533104,-0.972082208573
    ));
#5681 = ORIENTED_EDGE('',*,*,#5111,.T.);
#5682 = ORIENTED_EDGE('',*,*,#5629,.T.);
#5683 = PLANE('',#5684);
#5684 = AXIS2_PLACEMENT_3D('',#5685,#5686,#5687);
#5685 = CARTESIAN_POINT('',(6.75,-0.930008245993,3.234548643504));
#5686 = DIRECTION('',(1.,-1.224646799147E-16,6.435104022508E-33));
#5687 = DIRECTION('',(1.224646799147E-16,1.,-1.110223024625E-16));
#5688 = ADVANCED_FACE('',(#5689),#5707,.F.);
#5689 = FACE_BOUND('',#5690,.F.);
#5690 = EDGE_LOOP('',(#5691,#5699,#5700,#5701));
#5691 = ORIENTED_EDGE('',*,*,#5692,.T.);
#5692 = EDGE_CURVE('',#5693,#5669,#5695,.T.);
#5693 = VERTEX_POINT('',#5694);
#5694 = CARTESIAN_POINT('',(8.25,-0.9,3.25));
#5695 = LINE('',#5696,#5697);
#5696 = CARTESIAN_POINT('',(8.25,-0.9,3.25));
#5697 = VECTOR('',#5698,1.);
#5698 = DIRECTION('',(-1.,1.224646799147E-16,0.));
#5699 = ORIENTED_EDGE('',*,*,#5676,.T.);
#5700 = ORIENTED_EDGE('',*,*,#5103,.F.);
#5701 = ORIENTED_EDGE('',*,*,#5702,.F.);
#5702 = EDGE_CURVE('',#5693,#5096,#5703,.T.);
#5703 = LINE('',#5704,#5705);
#5704 = CARTESIAN_POINT('',(8.25,-0.9,3.25));
#5705 = VECTOR('',#5706,1.);
#5706 = DIRECTION('',(-2.87351777816E-17,-0.234640533104,-0.972082208573
    ));
#5707 = PLANE('',#5708);
#5708 = AXIS2_PLACEMENT_3D('',#5709,#5710,#5711);
#5709 = CARTESIAN_POINT('',(8.25,-0.9,3.25));
#5710 = DIRECTION('',(-1.190457365237E-16,-0.972082208573,0.234640533104
    ));
#5711 = DIRECTION('',(-2.87351777816E-17,-0.234640533104,-0.972082208573
    ));
#5712 = ADVANCED_FACE('',(#5713),#5747,.F.);
#5713 = FACE_BOUND('',#5714,.F.);
#5714 = EDGE_LOOP('',(#5715,#5725,#5733,#5739,#5740,#5741));
#5715 = ORIENTED_EDGE('',*,*,#5716,.T.);
#5716 = EDGE_CURVE('',#5717,#5719,#5721,.T.);
#5717 = VERTEX_POINT('',#5718);
#5718 = CARTESIAN_POINT('',(8.25,-0.6,6.1));
#5719 = VERTEX_POINT('',#5720);
#5720 = CARTESIAN_POINT('',(8.25,-1.6,6.1));
#5721 = LINE('',#5722,#5723);
#5722 = CARTESIAN_POINT('',(8.25,-0.6,6.1));
#5723 = VECTOR('',#5724,1.);
#5724 = DIRECTION('',(-1.224646799147E-16,-1.,1.110223024625E-16));
#5725 = ORIENTED_EDGE('',*,*,#5726,.T.);
#5726 = EDGE_CURVE('',#5719,#5727,#5729,.T.);
#5727 = VERTEX_POINT('',#5728);
#5728 = CARTESIAN_POINT('',(8.25,-0.9,4.25));
#5729 = LINE('',#5730,#5731);
#5730 = CARTESIAN_POINT('',(8.25,-1.6,6.1));
#5731 = VECTOR('',#5732,1.);
#5732 = DIRECTION('',(4.33392824344E-17,0.353892097416,-0.935286257456)
  );
#5733 = ORIENTED_EDGE('',*,*,#5734,.T.);
#5734 = EDGE_CURVE('',#5727,#5693,#5735,.T.);
#5735 = LINE('',#5736,#5737);
#5736 = CARTESIAN_POINT('',(8.25,-0.9,4.25));
#5737 = VECTOR('',#5738,1.);
#5738 = DIRECTION('',(-1.359631073447E-32,-1.110223024625E-16,-1.));
#5739 = ORIENTED_EDGE('',*,*,#5702,.T.);
#5740 = ORIENTED_EDGE('',*,*,#5095,.T.);
#5741 = ORIENTED_EDGE('',*,*,#5742,.T.);
#5742 = EDGE_CURVE('',#5088,#5717,#5743,.T.);
#5743 = LINE('',#5744,#5745);
#5744 = CARTESIAN_POINT('',(8.25,-0.6,0.35));
#5745 = VECTOR('',#5746,1.);
#5746 = DIRECTION('',(1.359631073447E-32,1.110223024625E-16,1.));
#5747 = PLANE('',#5748);
#5748 = AXIS2_PLACEMENT_3D('',#5749,#5750,#5751);
#5749 = CARTESIAN_POINT('',(8.25,-0.930008245993,3.234548643504));
#5750 = DIRECTION('',(1.,-1.224646799147E-16,6.435104022508E-33));
#5751 = DIRECTION('',(1.224646799147E-16,1.,-1.110223024625E-16));
#5752 = ADVANCED_FACE('',(#5753),#5787,.F.);
#5753 = FACE_BOUND('',#5754,.F.);
#5754 = EDGE_LOOP('',(#5755,#5765,#5773,#5779,#5780,#5781));
#5755 = ORIENTED_EDGE('',*,*,#5756,.F.);
#5756 = EDGE_CURVE('',#5757,#5759,#5761,.T.);
#5757 = VERTEX_POINT('',#5758);
#5758 = CARTESIAN_POINT('',(9.95,-0.6,5.35));
#5759 = VERTEX_POINT('',#5760);
#5760 = CARTESIAN_POINT('',(9.45,-0.6,5.35));
#5761 = LINE('',#5762,#5763);
#5762 = CARTESIAN_POINT('',(9.95,-0.6,5.35));
#5763 = VECTOR('',#5764,1.);
#5764 = DIRECTION('',(-1.,1.224646799147E-16,0.));
#5765 = ORIENTED_EDGE('',*,*,#5766,.T.);
#5766 = EDGE_CURVE('',#5757,#5767,#5769,.T.);
#5767 = VERTEX_POINT('',#5768);
#5768 = CARTESIAN_POINT('',(9.95,-0.6,6.1));
#5769 = LINE('',#5770,#5771);
#5770 = CARTESIAN_POINT('',(9.95,-0.6,0.35));
#5771 = VECTOR('',#5772,1.);
#5772 = DIRECTION('',(1.359631073447E-32,1.110223024625E-16,1.));
#5773 = ORIENTED_EDGE('',*,*,#5774,.T.);
#5774 = EDGE_CURVE('',#5767,#5717,#5775,.T.);
#5775 = LINE('',#5776,#5777);
#5776 = CARTESIAN_POINT('',(9.95,-0.6,6.1));
#5777 = VECTOR('',#5778,1.);
#5778 = DIRECTION('',(-1.,1.224646799147E-16,0.));
#5779 = ORIENTED_EDGE('',*,*,#5742,.F.);
#5780 = ORIENTED_EDGE('',*,*,#5087,.T.);
#5781 = ORIENTED_EDGE('',*,*,#5782,.T.);
#5782 = EDGE_CURVE('',#5080,#5759,#5783,.T.);
#5783 = LINE('',#5784,#5785);
#5784 = CARTESIAN_POINT('',(9.45,-0.6,0.35));
#5785 = VECTOR('',#5786,1.);
#5786 = DIRECTION('',(0.,0.,1.));
#5787 = PLANE('',#5788);
#5788 = AXIS2_PLACEMENT_3D('',#5789,#5790,#5791);
#5789 = CARTESIAN_POINT('',(3.75,-0.6,3.225));
#5790 = DIRECTION('',(-1.224646799147E-16,-1.,1.110223024625E-16));
#5791 = DIRECTION('',(-1.,1.224646799147E-16,0.));
#5792 = ADVANCED_FACE('',(#5793),#5827,.T.);
#5793 = FACE_BOUND('',#5794,.T.);
#5794 = EDGE_LOOP('',(#5795,#5796,#5804,#5812,#5820,#5826));
#5795 = ORIENTED_EDGE('',*,*,#5782,.T.);
#5796 = ORIENTED_EDGE('',*,*,#5797,.T.);
#5797 = EDGE_CURVE('',#5759,#5798,#5800,.T.);
#5798 = VERTEX_POINT('',#5799);
#5799 = CARTESIAN_POINT('',(9.45,3.9,2.85));
#5800 = LINE('',#5801,#5802);
#5801 = CARTESIAN_POINT('',(9.45,-0.6,5.35));
#5802 = VECTOR('',#5803,1.);
#5803 = DIRECTION('',(1.070533910153E-16,0.874157276121,-0.485642931179)
  );
#5804 = ORIENTED_EDGE('',*,*,#5805,.T.);
#5805 = EDGE_CURVE('',#5798,#5806,#5808,.T.);
#5806 = VERTEX_POINT('',#5807);
#5807 = CARTESIAN_POINT('',(9.45,3.9,0.));
#5808 = LINE('',#5809,#5810);
#5809 = CARTESIAN_POINT('',(9.45,3.9,2.85));
#5810 = VECTOR('',#5811,1.);
#5811 = DIRECTION('',(-0.,0.,-1.));
#5812 = ORIENTED_EDGE('',*,*,#5813,.T.);
#5813 = EDGE_CURVE('',#5806,#5814,#5816,.T.);
#5814 = VERTEX_POINT('',#5815);
#5815 = CARTESIAN_POINT('',(9.45,-7.6,0.));
#5816 = LINE('',#5817,#5818);
#5817 = CARTESIAN_POINT('',(9.45,3.9,0.));
#5818 = VECTOR('',#5819,1.);
#5819 = DIRECTION('',(-1.224646799147E-16,-1.,0.));
#5820 = ORIENTED_EDGE('',*,*,#5821,.T.);
#5821 = EDGE_CURVE('',#5814,#5072,#5822,.T.);
#5822 = LINE('',#5823,#5824);
#5823 = CARTESIAN_POINT('',(9.45,-7.6,0.));
#5824 = VECTOR('',#5825,1.);
#5825 = DIRECTION('',(0.,0.,1.));
#5826 = ORIENTED_EDGE('',*,*,#5079,.T.);
#5827 = PLANE('',#5828);
#5828 = AXIS2_PLACEMENT_3D('',#5829,#5830,#5831);
#5829 = CARTESIAN_POINT('',(9.45,-1.131195501291,1.31652804741));
#5830 = DIRECTION('',(-1.,1.224646799147E-16,-2.6657522746E-32));
#5831 = DIRECTION('',(-2.6657522746E-32,3.264604990409E-48,1.));
#5832 = ADVANCED_FACE('',(#5833),#5915,.T.);
#5833 = FACE_BOUND('',#5834,.T.);
#5834 = EDGE_LOOP('',(#5835,#5845,#5853,#5861,#5869,#5875,#5876,#5877,
    #5885,#5893,#5901,#5909));
#5835 = ORIENTED_EDGE('',*,*,#5836,.F.);
#5836 = EDGE_CURVE('',#5837,#5839,#5841,.T.);
#5837 = VERTEX_POINT('',#5838);
#5838 = CARTESIAN_POINT('',(-1.8,-7.6,4.25));
#5839 = VERTEX_POINT('',#5840);
#5840 = CARTESIAN_POINT('',(-1.8,-7.6,0.9));
#5841 = LINE('',#5842,#5843);
#5842 = CARTESIAN_POINT('',(-1.8,-7.6,4.25));
#5843 = VECTOR('',#5844,1.);
#5844 = DIRECTION('',(-1.359631073447E-32,-1.110223024625E-16,-1.));
#5845 = ORIENTED_EDGE('',*,*,#5846,.T.);
#5846 = EDGE_CURVE('',#5837,#5847,#5849,.T.);
#5847 = VERTEX_POINT('',#5848);
#5848 = CARTESIAN_POINT('',(-2.45,-7.6,4.25));
#5849 = LINE('',#5850,#5851);
#5850 = CARTESIAN_POINT('',(9.95,-7.6,4.25));
#5851 = VECTOR('',#5852,1.);
#5852 = DIRECTION('',(-1.,1.224646799147E-16,0.));
#5853 = ORIENTED_EDGE('',*,*,#5854,.T.);
#5854 = EDGE_CURVE('',#5847,#5855,#5857,.T.);
#5855 = VERTEX_POINT('',#5856);
#5856 = CARTESIAN_POINT('',(-2.45,-7.6,0.));
#5857 = LINE('',#5858,#5859);
#5858 = CARTESIAN_POINT('',(-2.45,-7.6,6.1));
#5859 = VECTOR('',#5860,1.);
#5860 = DIRECTION('',(-1.359631073447E-32,-1.110223024625E-16,-1.));
#5861 = ORIENTED_EDGE('',*,*,#5862,.F.);
#5862 = EDGE_CURVE('',#5863,#5855,#5865,.T.);
#5863 = VERTEX_POINT('',#5864);
#5864 = CARTESIAN_POINT('',(-1.95,-7.6,0.));
#5865 = LINE('',#5866,#5867);
#5866 = CARTESIAN_POINT('',(-1.95,-7.6,0.));
#5867 = VECTOR('',#5868,1.);
#5868 = DIRECTION('',(-1.,1.224646799147E-16,0.));
#5869 = ORIENTED_EDGE('',*,*,#5870,.T.);
#5870 = EDGE_CURVE('',#5863,#5064,#5871,.T.);
#5871 = LINE('',#5872,#5873);
#5872 = CARTESIAN_POINT('',(-1.95,-7.6,0.));
#5873 = VECTOR('',#5874,1.);
#5874 = DIRECTION('',(0.,0.,1.));
#5875 = ORIENTED_EDGE('',*,*,#5071,.T.);
#5876 = ORIENTED_EDGE('',*,*,#5821,.F.);
#5877 = ORIENTED_EDGE('',*,*,#5878,.F.);
#5878 = EDGE_CURVE('',#5879,#5814,#5881,.T.);
#5879 = VERTEX_POINT('',#5880);
#5880 = CARTESIAN_POINT('',(9.95,-7.6,0.));
#5881 = LINE('',#5882,#5883);
#5882 = CARTESIAN_POINT('',(9.95,-7.6,0.));
#5883 = VECTOR('',#5884,1.);
#5884 = DIRECTION('',(-1.,1.224646799147E-16,0.));
#5885 = ORIENTED_EDGE('',*,*,#5886,.T.);
#5886 = EDGE_CURVE('',#5879,#5887,#5889,.T.);
#5887 = VERTEX_POINT('',#5888);
#5888 = CARTESIAN_POINT('',(9.95,-7.6,4.25));
#5889 = LINE('',#5890,#5891);
#5890 = CARTESIAN_POINT('',(9.95,-7.6,0.));
#5891 = VECTOR('',#5892,1.);
#5892 = DIRECTION('',(0.,0.,1.));
#5893 = ORIENTED_EDGE('',*,*,#5894,.T.);
#5894 = EDGE_CURVE('',#5887,#5895,#5897,.T.);
#5895 = VERTEX_POINT('',#5896);
#5896 = CARTESIAN_POINT('',(9.3,-7.6,4.25));
#5897 = LINE('',#5898,#5899);
#5898 = CARTESIAN_POINT('',(9.95,-7.6,4.25));
#5899 = VECTOR('',#5900,1.);
#5900 = DIRECTION('',(-1.,1.224646799147E-16,0.));
#5901 = ORIENTED_EDGE('',*,*,#5902,.F.);
#5902 = EDGE_CURVE('',#5903,#5895,#5905,.T.);
#5903 = VERTEX_POINT('',#5904);
#5904 = CARTESIAN_POINT('',(9.3,-7.6,0.9));
#5905 = LINE('',#5906,#5907);
#5906 = CARTESIAN_POINT('',(9.3,-7.6,1.1));
#5907 = VECTOR('',#5908,1.);
#5908 = DIRECTION('',(1.359631073447E-32,1.110223024625E-16,1.));
#5909 = ORIENTED_EDGE('',*,*,#5910,.F.);
#5910 = EDGE_CURVE('',#5839,#5903,#5911,.T.);
#5911 = LINE('',#5912,#5913);
#5912 = CARTESIAN_POINT('',(-1.6,-7.6,0.9));
#5913 = VECTOR('',#5914,1.);
#5914 = DIRECTION('',(1.,-1.224646799147E-16,0.));
#5915 = PLANE('',#5916);
#5916 = AXIS2_PLACEMENT_3D('',#5917,#5918,#5919);
#5917 = CARTESIAN_POINT('',(3.75,-7.6,1.349938574939));
#5918 = DIRECTION('',(-1.224646799147E-16,-1.,-4.469550552907E-31));
#5919 = DIRECTION('',(-5.473620778244E-47,-4.469550552907E-31,1.));
#5920 = ADVANCED_FACE('',(#5921),#5948,.F.);
#5921 = FACE_BOUND('',#5922,.F.);
#5922 = EDGE_LOOP('',(#5923,#5924,#5932,#5940,#5946,#5947));
#5923 = ORIENTED_EDGE('',*,*,#5253,.T.);
#5924 = ORIENTED_EDGE('',*,*,#5925,.T.);
#5925 = EDGE_CURVE('',#5246,#5926,#5928,.T.);
#5926 = VERTEX_POINT('',#5927);
#5927 = CARTESIAN_POINT('',(-1.95,3.9,2.85));
#5928 = LINE('',#5929,#5930);
#5929 = CARTESIAN_POINT('',(-1.95,-0.6,5.35));
#5930 = VECTOR('',#5931,1.);
#5931 = DIRECTION('',(1.070533910153E-16,0.874157276121,-0.485642931179)
  );
#5932 = ORIENTED_EDGE('',*,*,#5933,.T.);
#5933 = EDGE_CURVE('',#5926,#5934,#5936,.T.);
#5934 = VERTEX_POINT('',#5935);
#5935 = CARTESIAN_POINT('',(-1.95,3.9,0.));
#5936 = LINE('',#5937,#5938);
#5937 = CARTESIAN_POINT('',(-1.95,3.9,2.85));
#5938 = VECTOR('',#5939,1.);
#5939 = DIRECTION('',(-0.,0.,-1.));
#5940 = ORIENTED_EDGE('',*,*,#5941,.T.);
#5941 = EDGE_CURVE('',#5934,#5863,#5942,.T.);
#5942 = LINE('',#5943,#5944);
#5943 = CARTESIAN_POINT('',(-1.95,3.9,0.));
#5944 = VECTOR('',#5945,1.);
#5945 = DIRECTION('',(-1.224646799147E-16,-1.,0.));
#5946 = ORIENTED_EDGE('',*,*,#5870,.T.);
#5947 = ORIENTED_EDGE('',*,*,#5063,.T.);
#5948 = PLANE('',#5949);
#5949 = AXIS2_PLACEMENT_3D('',#5950,#5951,#5952);
#5950 = CARTESIAN_POINT('',(-1.95,-1.131195501291,1.31652804741));
#5951 = DIRECTION('',(-1.,1.224646799147E-16,-2.6657522746E-32));
#5952 = DIRECTION('',(-2.6657522746E-32,3.264604990409E-48,1.));
#5953 = ADVANCED_FACE('',(#5954),#5972,.F.);
#5954 = FACE_BOUND('',#5955,.F.);
#5955 = EDGE_LOOP('',(#5956,#5957,#5965,#5971));
#5956 = ORIENTED_EDGE('',*,*,#5245,.T.);
#5957 = ORIENTED_EDGE('',*,*,#5958,.T.);
#5958 = EDGE_CURVE('',#5238,#5959,#5961,.T.);
#5959 = VERTEX_POINT('',#5960);
#5960 = CARTESIAN_POINT('',(-2.45,3.9,2.85));
#5961 = LINE('',#5962,#5963);
#5962 = CARTESIAN_POINT('',(-2.45,-0.6,5.35));
#5963 = VECTOR('',#5964,1.);
#5964 = DIRECTION('',(1.070533910153E-16,0.874157276121,-0.485642931179)
  );
#5965 = ORIENTED_EDGE('',*,*,#5966,.F.);
#5966 = EDGE_CURVE('',#5926,#5959,#5967,.T.);
#5967 = LINE('',#5968,#5969);
#5968 = CARTESIAN_POINT('',(-1.95,3.9,2.85));
#5969 = VECTOR('',#5970,1.);
#5970 = DIRECTION('',(-1.,1.224646799147E-16,0.));
#5971 = ORIENTED_EDGE('',*,*,#5925,.F.);
#5972 = PLANE('',#5973);
#5973 = AXIS2_PLACEMENT_3D('',#5974,#5975,#5976);
#5974 = CARTESIAN_POINT('',(-1.95,-0.6,5.35));
#5975 = DIRECTION('',(-5.947410611962E-17,-0.485642931179,
    -0.874157276121));
#5976 = DIRECTION('',(1.070533910153E-16,0.874157276121,-0.485642931179)
  );
#5977 = ADVANCED_FACE('',(#5978),#6044,.T.);
#5978 = FACE_BOUND('',#5979,.T.);
#5979 = EDGE_LOOP('',(#5980,#5981,#5982,#5990,#5996,#5997,#6005,#6013,
    #6022,#6030,#6038));
#5980 = ORIENTED_EDGE('',*,*,#5237,.T.);
#5981 = ORIENTED_EDGE('',*,*,#5958,.T.);
#5982 = ORIENTED_EDGE('',*,*,#5983,.T.);
#5983 = EDGE_CURVE('',#5959,#5984,#5986,.T.);
#5984 = VERTEX_POINT('',#5985);
#5985 = CARTESIAN_POINT('',(-2.45,3.9,0.));
#5986 = LINE('',#5987,#5988);
#5987 = CARTESIAN_POINT('',(-2.45,3.9,2.85));
#5988 = VECTOR('',#5989,1.);
#5989 = DIRECTION('',(-0.,0.,-1.));
#5990 = ORIENTED_EDGE('',*,*,#5991,.T.);
#5991 = EDGE_CURVE('',#5984,#5855,#5992,.T.);
#5992 = LINE('',#5993,#5994);
#5993 = CARTESIAN_POINT('',(-2.45,3.9,0.));
#5994 = VECTOR('',#5995,1.);
#5995 = DIRECTION('',(-1.224646799147E-16,-1.,0.));
#5996 = ORIENTED_EDGE('',*,*,#5854,.F.);
#5997 = ORIENTED_EDGE('',*,*,#5998,.F.);
#5998 = EDGE_CURVE('',#5999,#5847,#6001,.T.);
#5999 = VERTEX_POINT('',#6000);
#6000 = CARTESIAN_POINT('',(-2.45,-4.25,4.25));
#6001 = LINE('',#6002,#6003);
#6002 = CARTESIAN_POINT('',(-2.45,-2.425,4.25));
#6003 = VECTOR('',#6004,1.);
#6004 = DIRECTION('',(-1.224646799147E-16,-1.,1.110223024625E-16));
#6005 = ORIENTED_EDGE('',*,*,#6006,.F.);
#6006 = EDGE_CURVE('',#6007,#5999,#6009,.T.);
#6007 = VERTEX_POINT('',#6008);
#6008 = CARTESIAN_POINT('',(-2.45,-4.25,4.75));
#6009 = LINE('',#6010,#6011);
#6010 = CARTESIAN_POINT('',(-2.45,-4.25,5.425));
#6011 = VECTOR('',#6012,1.);
#6012 = DIRECTION('',(-1.359631073447E-32,-1.110223024625E-16,-1.));
#6013 = ORIENTED_EDGE('',*,*,#6014,.T.);
#6014 = EDGE_CURVE('',#6007,#6015,#6017,.T.);
#6015 = VERTEX_POINT('',#6016);
#6016 = CARTESIAN_POINT('',(-2.45,-4.75,5.25));
#6017 = CIRCLE('',#6018,0.5);
#6018 = AXIS2_PLACEMENT_3D('',#6019,#6020,#6021);
#6019 = CARTESIAN_POINT('',(-2.45,-4.75,4.75));
#6020 = DIRECTION('',(1.,-1.224646799147E-16,0.));
#6021 = DIRECTION('',(1.359631073446E-32,1.110223024625E-16,1.));
#6022 = ORIENTED_EDGE('',*,*,#6023,.F.);
#6023 = EDGE_CURVE('',#6024,#6015,#6026,.T.);
#6024 = VERTEX_POINT('',#6025);
#6025 = CARTESIAN_POINT('',(-2.45,-7.6,5.25));
#6026 = LINE('',#6027,#6028);
#6027 = CARTESIAN_POINT('',(-2.45,-4.1,5.25));
#6028 = VECTOR('',#6029,1.);
#6029 = DIRECTION('',(1.224646799147E-16,1.,-1.110223024625E-16));
#6030 = ORIENTED_EDGE('',*,*,#6031,.F.);
#6031 = EDGE_CURVE('',#6032,#6024,#6034,.T.);
#6032 = VERTEX_POINT('',#6033);
#6033 = CARTESIAN_POINT('',(-2.45,-7.6,6.1));
#6034 = LINE('',#6035,#6036);
#6035 = CARTESIAN_POINT('',(-2.45,-7.6,6.1));
#6036 = VECTOR('',#6037,1.);
#6037 = DIRECTION('',(-1.359631073447E-32,-1.110223024625E-16,-1.));
#6038 = ORIENTED_EDGE('',*,*,#6039,.F.);
#6039 = EDGE_CURVE('',#5230,#6032,#6040,.T.);
#6040 = LINE('',#6041,#6042);
#6041 = CARTESIAN_POINT('',(-2.45,-0.6,6.1));
#6042 = VECTOR('',#6043,1.);
#6043 = DIRECTION('',(-1.224646799147E-16,-1.,1.110223024625E-16));
#6044 = PLANE('',#6045);
#6045 = AXIS2_PLACEMENT_3D('',#6046,#6047,#6048);
#6046 = CARTESIAN_POINT('',(-2.45,-2.827303270929,3.048284071859));
#6047 = DIRECTION('',(-1.,1.224646799147E-16,0.));
#6048 = DIRECTION('',(0.,0.,1.));
#6049 = ADVANCED_FACE('',(#6050),#6234,.F.);
#6050 = FACE_BOUND('',#6051,.F.);
#6051 = EDGE_LOOP('',(#6052,#6053,#6061,#6069,#6077,#6085,#6093,#6101,
    #6110,#6118,#6126,#6134,#6142,#6150,#6159,#6167,#6175,#6183,#6191,
    #6197,#6198,#6199,#6200,#6206,#6207,#6208,#6209,#6215,#6216,#6217,
    #6218,#6224,#6225,#6226,#6227,#6233));
#6052 = ORIENTED_EDGE('',*,*,#5774,.F.);
#6053 = ORIENTED_EDGE('',*,*,#6054,.T.);
#6054 = EDGE_CURVE('',#5767,#6055,#6057,.T.);
#6055 = VERTEX_POINT('',#6056);
#6056 = CARTESIAN_POINT('',(9.95,-7.6,6.1));
#6057 = LINE('',#6058,#6059);
#6058 = CARTESIAN_POINT('',(9.95,-0.6,6.1));
#6059 = VECTOR('',#6060,1.);
#6060 = DIRECTION('',(-1.224646799147E-16,-1.,1.110223024625E-16));
#6061 = ORIENTED_EDGE('',*,*,#6062,.T.);
#6062 = EDGE_CURVE('',#6055,#6063,#6065,.T.);
#6063 = VERTEX_POINT('',#6064);
#6064 = CARTESIAN_POINT('',(8.,-7.6,6.1));
#6065 = LINE('',#6066,#6067);
#6066 = CARTESIAN_POINT('',(9.95,-7.6,6.1));
#6067 = VECTOR('',#6068,1.);
#6068 = DIRECTION('',(-1.,1.224646799147E-16,0.));
#6069 = ORIENTED_EDGE('',*,*,#6070,.F.);
#6070 = EDGE_CURVE('',#6071,#6063,#6073,.T.);
#6071 = VERTEX_POINT('',#6072);
#6072 = CARTESIAN_POINT('',(8.,-6.7,6.1));
#6073 = LINE('',#6074,#6075);
#6074 = CARTESIAN_POINT('',(8.,-6.7,6.1));
#6075 = VECTOR('',#6076,1.);
#6076 = DIRECTION('',(-1.224646799147E-16,-1.,1.110223024625E-16));
#6077 = ORIENTED_EDGE('',*,*,#6078,.F.);
#6078 = EDGE_CURVE('',#6079,#6071,#6081,.T.);
#6079 = VERTEX_POINT('',#6080);
#6080 = CARTESIAN_POINT('',(7.75,-6.45,6.1));
#6081 = LINE('',#6082,#6083);
#6082 = CARTESIAN_POINT('',(7.75,-6.45,6.1));
#6083 = VECTOR('',#6084,1.);
#6084 = DIRECTION('',(0.707106781187,-0.707106781187,7.850462293414E-17)
  );
#6085 = ORIENTED_EDGE('',*,*,#6086,.F.);
#6086 = EDGE_CURVE('',#6087,#6079,#6089,.T.);
#6087 = VERTEX_POINT('',#6088);
#6088 = CARTESIAN_POINT('',(8.,-6.2,6.1));
#6089 = LINE('',#6090,#6091);
#6090 = CARTESIAN_POINT('',(8.,-6.2,6.1));
#6091 = VECTOR('',#6092,1.);
#6092 = DIRECTION('',(-0.707106781187,-0.707106781187,7.850462293414E-17
    ));
#6093 = ORIENTED_EDGE('',*,*,#6094,.F.);
#6094 = EDGE_CURVE('',#6095,#6087,#6097,.T.);
#6095 = VERTEX_POINT('',#6096);
#6096 = CARTESIAN_POINT('',(8.,-4.45,6.1));
#6097 = LINE('',#6098,#6099);
#6098 = CARTESIAN_POINT('',(8.,-3.7,6.1));
#6099 = VECTOR('',#6100,1.);
#6100 = DIRECTION('',(-1.224646799147E-16,-1.,1.110223024625E-16));
#6101 = ORIENTED_EDGE('',*,*,#6102,.F.);
#6102 = EDGE_CURVE('',#6103,#6095,#6105,.T.);
#6103 = VERTEX_POINT('',#6104);
#6104 = CARTESIAN_POINT('',(7.25,-3.7,6.1));
#6105 = CIRCLE('',#6106,0.75);
#6106 = AXIS2_PLACEMENT_3D('',#6107,#6108,#6109);
#6107 = CARTESIAN_POINT('',(7.25,-4.45,6.1));
#6108 = DIRECTION('',(-1.359631073447E-32,-1.110223024625E-16,-1.));
#6109 = DIRECTION('',(-1.224646799147E-16,-1.,1.110223024625E-16));
#6110 = ORIENTED_EDGE('',*,*,#6111,.F.);
#6111 = EDGE_CURVE('',#6112,#6103,#6114,.T.);
#6112 = VERTEX_POINT('',#6113);
#6113 = CARTESIAN_POINT('',(6.5,-3.7,6.1));
#6114 = LINE('',#6115,#6116);
#6115 = CARTESIAN_POINT('',(6.5,-3.7,6.1));
#6116 = VECTOR('',#6117,1.);
#6117 = DIRECTION('',(1.,-1.224646799147E-16,0.));
#6118 = ORIENTED_EDGE('',*,*,#6119,.F.);
#6119 = EDGE_CURVE('',#6120,#6112,#6122,.T.);
#6120 = VERTEX_POINT('',#6121);
#6121 = CARTESIAN_POINT('',(6.5,-7.6,6.1));
#6122 = LINE('',#6123,#6124);
#6123 = CARTESIAN_POINT('',(6.5,-7.6,6.1));
#6124 = VECTOR('',#6125,1.);
#6125 = DIRECTION('',(1.224646799147E-16,1.,-1.110223024625E-16));
#6126 = ORIENTED_EDGE('',*,*,#6127,.T.);
#6127 = EDGE_CURVE('',#6120,#6128,#6130,.T.);
#6128 = VERTEX_POINT('',#6129);
#6129 = CARTESIAN_POINT('',(1.,-7.6,6.1));
#6130 = LINE('',#6131,#6132);
#6131 = CARTESIAN_POINT('',(9.95,-7.6,6.1));
#6132 = VECTOR('',#6133,1.);
#6133 = DIRECTION('',(-1.,1.224646799147E-16,0.));
#6134 = ORIENTED_EDGE('',*,*,#6135,.T.);
#6135 = EDGE_CURVE('',#6128,#6136,#6138,.T.);
#6136 = VERTEX_POINT('',#6137);
#6137 = CARTESIAN_POINT('',(1.,-3.7,6.1));
#6138 = LINE('',#6139,#6140);
#6139 = CARTESIAN_POINT('',(1.,-7.6,6.1));
#6140 = VECTOR('',#6141,1.);
#6141 = DIRECTION('',(1.224646799147E-16,1.,-1.110223024625E-16));
#6142 = ORIENTED_EDGE('',*,*,#6143,.T.);
#6143 = EDGE_CURVE('',#6136,#6144,#6146,.T.);
#6144 = VERTEX_POINT('',#6145);
#6145 = CARTESIAN_POINT('',(0.25,-3.7,6.1));
#6146 = LINE('',#6147,#6148);
#6147 = CARTESIAN_POINT('',(1.,-3.7,6.1));
#6148 = VECTOR('',#6149,1.);
#6149 = DIRECTION('',(-1.,1.224646799147E-16,0.));
#6150 = ORIENTED_EDGE('',*,*,#6151,.T.);
#6151 = EDGE_CURVE('',#6144,#6152,#6154,.T.);
#6152 = VERTEX_POINT('',#6153);
#6153 = CARTESIAN_POINT('',(-0.5,-4.45,6.1));
#6154 = CIRCLE('',#6155,0.75);
#6155 = AXIS2_PLACEMENT_3D('',#6156,#6157,#6158);
#6156 = CARTESIAN_POINT('',(0.25,-4.45,6.1));
#6157 = DIRECTION('',(1.359631073447E-32,1.110223024625E-16,1.));
#6158 = DIRECTION('',(-1.224646799147E-16,-1.,1.110223024625E-16));
#6159 = ORIENTED_EDGE('',*,*,#6160,.T.);
#6160 = EDGE_CURVE('',#6152,#6161,#6163,.T.);
#6161 = VERTEX_POINT('',#6162);
#6162 = CARTESIAN_POINT('',(-0.5,-6.2,6.1));
#6163 = LINE('',#6164,#6165);
#6164 = CARTESIAN_POINT('',(-0.5,-3.7,6.1));
#6165 = VECTOR('',#6166,1.);
#6166 = DIRECTION('',(-1.224646799147E-16,-1.,1.110223024625E-16));
#6167 = ORIENTED_EDGE('',*,*,#6168,.T.);
#6168 = EDGE_CURVE('',#6161,#6169,#6171,.T.);
#6169 = VERTEX_POINT('',#6170);
#6170 = CARTESIAN_POINT('',(-0.25,-6.45,6.1));
#6171 = LINE('',#6172,#6173);
#6172 = CARTESIAN_POINT('',(-0.5,-6.2,6.1));
#6173 = VECTOR('',#6174,1.);
#6174 = DIRECTION('',(0.707106781187,-0.707106781187,7.850462293414E-17)
  );
#6175 = ORIENTED_EDGE('',*,*,#6176,.T.);
#6176 = EDGE_CURVE('',#6169,#6177,#6179,.T.);
#6177 = VERTEX_POINT('',#6178);
#6178 = CARTESIAN_POINT('',(-0.5,-6.7,6.1));
#6179 = LINE('',#6180,#6181);
#6180 = CARTESIAN_POINT('',(-0.25,-6.45,6.1));
#6181 = VECTOR('',#6182,1.);
#6182 = DIRECTION('',(-0.707106781187,-0.707106781187,7.850462293414E-17
    ));
#6183 = ORIENTED_EDGE('',*,*,#6184,.T.);
#6184 = EDGE_CURVE('',#6177,#6185,#6187,.T.);
#6185 = VERTEX_POINT('',#6186);
#6186 = CARTESIAN_POINT('',(-0.5,-7.6,6.1));
#6187 = LINE('',#6188,#6189);
#6188 = CARTESIAN_POINT('',(-0.5,-6.7,6.1));
#6189 = VECTOR('',#6190,1.);
#6190 = DIRECTION('',(-1.224646799147E-16,-1.,1.110223024625E-16));
#6191 = ORIENTED_EDGE('',*,*,#6192,.T.);
#6192 = EDGE_CURVE('',#6185,#6032,#6193,.T.);
#6193 = LINE('',#6194,#6195);
#6194 = CARTESIAN_POINT('',(9.95,-7.6,6.1));
#6195 = VECTOR('',#6196,1.);
#6196 = DIRECTION('',(-1.,1.224646799147E-16,0.));
#6197 = ORIENTED_EDGE('',*,*,#6039,.F.);
#6198 = ORIENTED_EDGE('',*,*,#5229,.F.);
#6199 = ORIENTED_EDGE('',*,*,#5268,.T.);
#6200 = ORIENTED_EDGE('',*,*,#6201,.F.);
#6201 = EDGE_CURVE('',#5335,#5269,#6202,.T.);
#6202 = LINE('',#6203,#6204);
#6203 = CARTESIAN_POINT('',(0.75,-1.6,6.1));
#6204 = VECTOR('',#6205,1.);
#6205 = DIRECTION('',(-1.,1.224646799147E-16,0.));
#6206 = ORIENTED_EDGE('',*,*,#5332,.F.);
#6207 = ORIENTED_EDGE('',*,*,#5372,.F.);
#6208 = ORIENTED_EDGE('',*,*,#5396,.T.);
#6209 = ORIENTED_EDGE('',*,*,#6210,.F.);
#6210 = EDGE_CURVE('',#5463,#5397,#6211,.T.);
#6211 = LINE('',#6212,#6213);
#6212 = CARTESIAN_POINT('',(3.25,-1.6,6.1));
#6213 = VECTOR('',#6214,1.);
#6214 = DIRECTION('',(-1.,1.224646799147E-16,0.));
#6215 = ORIENTED_EDGE('',*,*,#5460,.F.);
#6216 = ORIENTED_EDGE('',*,*,#5510,.F.);
#6217 = ORIENTED_EDGE('',*,*,#5524,.T.);
#6218 = ORIENTED_EDGE('',*,*,#6219,.F.);
#6219 = EDGE_CURVE('',#5591,#5525,#6220,.T.);
#6220 = LINE('',#6221,#6222);
#6221 = CARTESIAN_POINT('',(5.75,-1.6,6.1));
#6222 = VECTOR('',#6223,1.);
#6223 = DIRECTION('',(-1.,1.224646799147E-16,0.));
#6224 = ORIENTED_EDGE('',*,*,#5588,.F.);
#6225 = ORIENTED_EDGE('',*,*,#5637,.F.);
#6226 = ORIENTED_EDGE('',*,*,#5652,.T.);
#6227 = ORIENTED_EDGE('',*,*,#6228,.F.);
#6228 = EDGE_CURVE('',#5719,#5653,#6229,.T.);
#6229 = LINE('',#6230,#6231);
#6230 = CARTESIAN_POINT('',(8.25,-1.6,6.1));
#6231 = VECTOR('',#6232,1.);
#6232 = DIRECTION('',(-1.,1.224646799147E-16,0.));
#6233 = ORIENTED_EDGE('',*,*,#5716,.F.);
#6234 = PLANE('',#6235);
#6235 = AXIS2_PLACEMENT_3D('',#6236,#6237,#6238);
#6236 = CARTESIAN_POINT('',(9.95,-0.6,6.1));
#6237 = DIRECTION('',(-1.359631073447E-32,-1.110223024625E-16,-1.));
#6238 = DIRECTION('',(-1.,1.224646799147E-16,6.927121900793E-45));
#6239 = ADVANCED_FACE('',(#6240),#6251,.F.);
#6240 = FACE_BOUND('',#6241,.F.);
#6241 = EDGE_LOOP('',(#6242,#6243,#6244,#6250));
#6242 = ORIENTED_EDGE('',*,*,#6201,.T.);
#6243 = ORIENTED_EDGE('',*,*,#5276,.T.);
#6244 = ORIENTED_EDGE('',*,*,#6245,.F.);
#6245 = EDGE_CURVE('',#5343,#5277,#6246,.T.);
#6246 = LINE('',#6247,#6248);
#6247 = CARTESIAN_POINT('',(0.75,-0.9,4.25));
#6248 = VECTOR('',#6249,1.);
#6249 = DIRECTION('',(-1.,1.224646799147E-16,0.));
#6250 = ORIENTED_EDGE('',*,*,#5342,.F.);
#6251 = PLANE('',#6252);
#6252 = AXIS2_PLACEMENT_3D('',#6253,#6254,#6255);
#6253 = CARTESIAN_POINT('',(0.75,-1.6,6.1));
#6254 = DIRECTION('',(-1.14539532148E-16,-0.935286257456,-0.353892097416
    ));
#6255 = DIRECTION('',(4.33392824344E-17,0.353892097416,-0.935286257456)
  );
#6256 = ADVANCED_FACE('',(#6257,#6263),#6297,.F.);
#6257 = FACE_BOUND('',#6258,.F.);
#6258 = EDGE_LOOP('',(#6259,#6260,#6261,#6262));
#6259 = ORIENTED_EDGE('',*,*,#6245,.T.);
#6260 = ORIENTED_EDGE('',*,*,#5284,.T.);
#6261 = ORIENTED_EDGE('',*,*,#5308,.F.);
#6262 = ORIENTED_EDGE('',*,*,#5350,.F.);
#6263 = FACE_BOUND('',#6264,.F.);
#6264 = EDGE_LOOP('',(#6265,#6275,#6283,#6291));
#6265 = ORIENTED_EDGE('',*,*,#6266,.F.);
#6266 = EDGE_CURVE('',#6267,#6269,#6271,.T.);
#6267 = VERTEX_POINT('',#6268);
#6268 = CARTESIAN_POINT('',(-0.32,-0.9,4.07));
#6269 = VERTEX_POINT('',#6270);
#6270 = CARTESIAN_POINT('',(-0.32,-0.9,3.43));
#6271 = LINE('',#6272,#6273);
#6272 = CARTESIAN_POINT('',(-0.32,-0.9,3.059280765957));
#6273 = VECTOR('',#6274,1.);
#6274 = DIRECTION('',(-1.359631073447E-32,-1.110223024625E-16,-1.));
#6275 = ORIENTED_EDGE('',*,*,#6276,.T.);
#6276 = EDGE_CURVE('',#6267,#6277,#6279,.T.);
#6277 = VERTEX_POINT('',#6278);
#6278 = CARTESIAN_POINT('',(0.32,-0.9,4.07));
#6279 = LINE('',#6280,#6281);
#6280 = CARTESIAN_POINT('',(0.535,-0.9,4.07));
#6281 = VECTOR('',#6282,1.);
#6282 = DIRECTION('',(1.,-1.224646799147E-16,0.));
#6283 = ORIENTED_EDGE('',*,*,#6284,.T.);
#6284 = EDGE_CURVE('',#6277,#6285,#6287,.T.);
#6285 = VERTEX_POINT('',#6286);
#6286 = CARTESIAN_POINT('',(0.32,-0.9,3.43));
#6287 = LINE('',#6288,#6289);
#6288 = CARTESIAN_POINT('',(0.32,-0.9,3.059280765957));
#6289 = VECTOR('',#6290,1.);
#6290 = DIRECTION('',(-1.359631073447E-32,-1.110223024625E-16,-1.));
#6291 = ORIENTED_EDGE('',*,*,#6292,.T.);
#6292 = EDGE_CURVE('',#6285,#6269,#6293,.T.);
#6293 = LINE('',#6294,#6295);
#6294 = CARTESIAN_POINT('',(0.535,-0.9,3.43));
#6295 = VECTOR('',#6296,1.);
#6296 = DIRECTION('',(-1.,1.224646799147E-16,0.));
#6297 = PLANE('',#6298);
#6298 = AXIS2_PLACEMENT_3D('',#6299,#6300,#6301);
#6299 = CARTESIAN_POINT('',(0.75,-0.9,4.25));
#6300 = DIRECTION('',(-1.224646799147E-16,-1.,1.110223024625E-16));
#6301 = DIRECTION('',(-1.359631073447E-32,-1.110223024625E-16,-1.));
#6302 = ADVANCED_FACE('',(#6303),#6314,.F.);
#6303 = FACE_BOUND('',#6304,.F.);
#6304 = EDGE_LOOP('',(#6305,#6306,#6307,#6313));
#6305 = ORIENTED_EDGE('',*,*,#6210,.T.);
#6306 = ORIENTED_EDGE('',*,*,#5404,.T.);
#6307 = ORIENTED_EDGE('',*,*,#6308,.F.);
#6308 = EDGE_CURVE('',#5471,#5405,#6309,.T.);
#6309 = LINE('',#6310,#6311);
#6310 = CARTESIAN_POINT('',(3.25,-0.9,4.25));
#6311 = VECTOR('',#6312,1.);
#6312 = DIRECTION('',(-1.,1.224646799147E-16,0.));
#6313 = ORIENTED_EDGE('',*,*,#5470,.F.);
#6314 = PLANE('',#6315);
#6315 = AXIS2_PLACEMENT_3D('',#6316,#6317,#6318);
#6316 = CARTESIAN_POINT('',(3.25,-1.6,6.1));
#6317 = DIRECTION('',(-1.14539532148E-16,-0.935286257456,-0.353892097416
    ));
#6318 = DIRECTION('',(4.33392824344E-17,0.353892097416,-0.935286257456)
  );
#6319 = ADVANCED_FACE('',(#6320,#6326),#6360,.F.);
#6320 = FACE_BOUND('',#6321,.F.);
#6321 = EDGE_LOOP('',(#6322,#6323,#6324,#6325));
#6322 = ORIENTED_EDGE('',*,*,#6308,.T.);
#6323 = ORIENTED_EDGE('',*,*,#5412,.T.);
#6324 = ORIENTED_EDGE('',*,*,#5436,.F.);
#6325 = ORIENTED_EDGE('',*,*,#5478,.F.);
#6326 = FACE_BOUND('',#6327,.F.);
#6327 = EDGE_LOOP('',(#6328,#6338,#6346,#6354));
#6328 = ORIENTED_EDGE('',*,*,#6329,.T.);
#6329 = EDGE_CURVE('',#6330,#6332,#6334,.T.);
#6330 = VERTEX_POINT('',#6331);
#6331 = CARTESIAN_POINT('',(2.18,-0.9,4.07));
#6332 = VERTEX_POINT('',#6333);
#6333 = CARTESIAN_POINT('',(2.82,-0.9,4.07));
#6334 = LINE('',#6335,#6336);
#6335 = CARTESIAN_POINT('',(3.035,-0.9,4.07));
#6336 = VECTOR('',#6337,1.);
#6337 = DIRECTION('',(1.,-1.224646799147E-16,0.));
#6338 = ORIENTED_EDGE('',*,*,#6339,.T.);
#6339 = EDGE_CURVE('',#6332,#6340,#6342,.T.);
#6340 = VERTEX_POINT('',#6341);
#6341 = CARTESIAN_POINT('',(2.82,-0.9,3.43));
#6342 = LINE('',#6343,#6344);
#6343 = CARTESIAN_POINT('',(2.82,-0.9,3.069991605104));
#6344 = VECTOR('',#6345,1.);
#6345 = DIRECTION('',(-1.359631073447E-32,-1.110223024625E-16,-1.));
#6346 = ORIENTED_EDGE('',*,*,#6347,.T.);
#6347 = EDGE_CURVE('',#6340,#6348,#6350,.T.);
#6348 = VERTEX_POINT('',#6349);
#6349 = CARTESIAN_POINT('',(2.18,-0.9,3.43));
#6350 = LINE('',#6351,#6352);
#6351 = CARTESIAN_POINT('',(3.035,-0.9,3.43));
#6352 = VECTOR('',#6353,1.);
#6353 = DIRECTION('',(-1.,1.224646799147E-16,0.));
#6354 = ORIENTED_EDGE('',*,*,#6355,.F.);
#6355 = EDGE_CURVE('',#6330,#6348,#6356,.T.);
#6356 = LINE('',#6357,#6358);
#6357 = CARTESIAN_POINT('',(2.18,-0.9,3.069991605104));
#6358 = VECTOR('',#6359,1.);
#6359 = DIRECTION('',(-1.359631073447E-32,-1.110223024625E-16,-1.));
#6360 = PLANE('',#6361);
#6361 = AXIS2_PLACEMENT_3D('',#6362,#6363,#6364);
#6362 = CARTESIAN_POINT('',(3.25,-0.9,4.25));
#6363 = DIRECTION('',(-1.224646799147E-16,-1.,1.110223024625E-16));
#6364 = DIRECTION('',(-1.359631073447E-32,-1.110223024625E-16,-1.));
#6365 = ADVANCED_FACE('',(#6366),#6377,.F.);
#6366 = FACE_BOUND('',#6367,.F.);
#6367 = EDGE_LOOP('',(#6368,#6369,#6370,#6376));
#6368 = ORIENTED_EDGE('',*,*,#6219,.T.);
#6369 = ORIENTED_EDGE('',*,*,#5532,.T.);
#6370 = ORIENTED_EDGE('',*,*,#6371,.F.);
#6371 = EDGE_CURVE('',#5599,#5533,#6372,.T.);
#6372 = LINE('',#6373,#6374);
#6373 = CARTESIAN_POINT('',(5.75,-0.9,4.25));
#6374 = VECTOR('',#6375,1.);
#6375 = DIRECTION('',(-1.,1.224646799147E-16,0.));
#6376 = ORIENTED_EDGE('',*,*,#5598,.F.);
#6377 = PLANE('',#6378);
#6378 = AXIS2_PLACEMENT_3D('',#6379,#6380,#6381);
#6379 = CARTESIAN_POINT('',(5.75,-1.6,6.1));
#6380 = DIRECTION('',(-1.14539532148E-16,-0.935286257456,-0.353892097416
    ));
#6381 = DIRECTION('',(4.33392824344E-17,0.353892097416,-0.935286257456)
  );
#6382 = ADVANCED_FACE('',(#6383,#6389),#6423,.F.);
#6383 = FACE_BOUND('',#6384,.F.);
#6384 = EDGE_LOOP('',(#6385,#6386,#6387,#6388));
#6385 = ORIENTED_EDGE('',*,*,#6371,.T.);
#6386 = ORIENTED_EDGE('',*,*,#5540,.T.);
#6387 = ORIENTED_EDGE('',*,*,#5564,.F.);
#6388 = ORIENTED_EDGE('',*,*,#5606,.F.);
#6389 = FACE_BOUND('',#6390,.F.);
#6390 = EDGE_LOOP('',(#6391,#6401,#6409,#6417));
#6391 = ORIENTED_EDGE('',*,*,#6392,.T.);
#6392 = EDGE_CURVE('',#6393,#6395,#6397,.T.);
#6393 = VERTEX_POINT('',#6394);
#6394 = CARTESIAN_POINT('',(4.68,-0.9,4.07));
#6395 = VERTEX_POINT('',#6396);
#6396 = CARTESIAN_POINT('',(5.32,-0.9,4.07));
#6397 = LINE('',#6398,#6399);
#6398 = CARTESIAN_POINT('',(5.535,-0.9,4.07));
#6399 = VECTOR('',#6400,1.);
#6400 = DIRECTION('',(1.,-1.224646799147E-16,0.));
#6401 = ORIENTED_EDGE('',*,*,#6402,.T.);
#6402 = EDGE_CURVE('',#6395,#6403,#6405,.T.);
#6403 = VERTEX_POINT('',#6404);
#6404 = CARTESIAN_POINT('',(5.32,-0.9,3.43));
#6405 = LINE('',#6406,#6407);
#6406 = CARTESIAN_POINT('',(5.32,-0.9,3.069991605104));
#6407 = VECTOR('',#6408,1.);
#6408 = DIRECTION('',(-1.359631073447E-32,-1.110223024625E-16,-1.));
#6409 = ORIENTED_EDGE('',*,*,#6410,.T.);
#6410 = EDGE_CURVE('',#6403,#6411,#6413,.T.);
#6411 = VERTEX_POINT('',#6412);
#6412 = CARTESIAN_POINT('',(4.68,-0.9,3.43));
#6413 = LINE('',#6414,#6415);
#6414 = CARTESIAN_POINT('',(5.535,-0.9,3.43));
#6415 = VECTOR('',#6416,1.);
#6416 = DIRECTION('',(-1.,1.224646799147E-16,0.));
#6417 = ORIENTED_EDGE('',*,*,#6418,.F.);
#6418 = EDGE_CURVE('',#6393,#6411,#6419,.T.);
#6419 = LINE('',#6420,#6421);
#6420 = CARTESIAN_POINT('',(4.68,-0.9,3.069991605104));
#6421 = VECTOR('',#6422,1.);
#6422 = DIRECTION('',(-1.359631073447E-32,-1.110223024625E-16,-1.));
#6423 = PLANE('',#6424);
#6424 = AXIS2_PLACEMENT_3D('',#6425,#6426,#6427);
#6425 = CARTESIAN_POINT('',(5.75,-0.9,4.25));
#6426 = DIRECTION('',(-1.224646799147E-16,-1.,1.110223024625E-16));
#6427 = DIRECTION('',(-1.359631073447E-32,-1.110223024625E-16,-1.));
#6428 = ADVANCED_FACE('',(#6429),#6440,.F.);
#6429 = FACE_BOUND('',#6430,.F.);
#6430 = EDGE_LOOP('',(#6431,#6432,#6433,#6439));
#6431 = ORIENTED_EDGE('',*,*,#6228,.T.);
#6432 = ORIENTED_EDGE('',*,*,#5660,.T.);
#6433 = ORIENTED_EDGE('',*,*,#6434,.F.);
#6434 = EDGE_CURVE('',#5727,#5661,#6435,.T.);
#6435 = LINE('',#6436,#6437);
#6436 = CARTESIAN_POINT('',(8.25,-0.9,4.25));
#6437 = VECTOR('',#6438,1.);
#6438 = DIRECTION('',(-1.,1.224646799147E-16,0.));
#6439 = ORIENTED_EDGE('',*,*,#5726,.F.);
#6440 = PLANE('',#6441);
#6441 = AXIS2_PLACEMENT_3D('',#6442,#6443,#6444);
#6442 = CARTESIAN_POINT('',(8.25,-1.6,6.1));
#6443 = DIRECTION('',(-1.14539532148E-16,-0.935286257456,-0.353892097416
    ));
#6444 = DIRECTION('',(4.33392824344E-17,0.353892097416,-0.935286257456)
  );
#6445 = ADVANCED_FACE('',(#6446,#6452),#6486,.F.);
#6446 = FACE_BOUND('',#6447,.F.);
#6447 = EDGE_LOOP('',(#6448,#6449,#6450,#6451));
#6448 = ORIENTED_EDGE('',*,*,#6434,.T.);
#6449 = ORIENTED_EDGE('',*,*,#5668,.T.);
#6450 = ORIENTED_EDGE('',*,*,#5692,.F.);
#6451 = ORIENTED_EDGE('',*,*,#5734,.F.);
#6452 = FACE_BOUND('',#6453,.F.);
#6453 = EDGE_LOOP('',(#6454,#6464,#6472,#6480));
#6454 = ORIENTED_EDGE('',*,*,#6455,.T.);
#6455 = EDGE_CURVE('',#6456,#6458,#6460,.T.);
#6456 = VERTEX_POINT('',#6457);
#6457 = CARTESIAN_POINT('',(7.82,-0.9,4.07));
#6458 = VERTEX_POINT('',#6459);
#6459 = CARTESIAN_POINT('',(7.82,-0.9,3.43));
#6460 = LINE('',#6461,#6462);
#6461 = CARTESIAN_POINT('',(7.82,-0.9,3.059280765957));
#6462 = VECTOR('',#6463,1.);
#6463 = DIRECTION('',(-1.359631073447E-32,-1.110223024625E-16,-1.));
#6464 = ORIENTED_EDGE('',*,*,#6465,.T.);
#6465 = EDGE_CURVE('',#6458,#6466,#6468,.T.);
#6466 = VERTEX_POINT('',#6467);
#6467 = CARTESIAN_POINT('',(7.18,-0.9,3.43));
#6468 = LINE('',#6469,#6470);
#6469 = CARTESIAN_POINT('',(8.035,-0.9,3.43));
#6470 = VECTOR('',#6471,1.);
#6471 = DIRECTION('',(-1.,1.224646799147E-16,0.));
#6472 = ORIENTED_EDGE('',*,*,#6473,.F.);
#6473 = EDGE_CURVE('',#6474,#6466,#6476,.T.);
#6474 = VERTEX_POINT('',#6475);
#6475 = CARTESIAN_POINT('',(7.18,-0.9,4.07));
#6476 = LINE('',#6477,#6478);
#6477 = CARTESIAN_POINT('',(7.18,-0.9,3.059280765957));
#6478 = VECTOR('',#6479,1.);
#6479 = DIRECTION('',(-1.359631073447E-32,-1.110223024625E-16,-1.));
#6480 = ORIENTED_EDGE('',*,*,#6481,.T.);
#6481 = EDGE_CURVE('',#6474,#6456,#6482,.T.);
#6482 = LINE('',#6483,#6484);
#6483 = CARTESIAN_POINT('',(8.035,-0.9,4.07));
#6484 = VECTOR('',#6485,1.);
#6485 = DIRECTION('',(1.,-1.224646799147E-16,0.));
#6486 = PLANE('',#6487);
#6487 = AXIS2_PLACEMENT_3D('',#6488,#6489,#6490);
#6488 = CARTESIAN_POINT('',(8.25,-0.9,4.25));
#6489 = DIRECTION('',(-1.224646799147E-16,-1.,1.110223024625E-16));
#6490 = DIRECTION('',(-1.359631073447E-32,-1.110223024625E-16,-1.));
#6491 = ADVANCED_FACE('',(#6492),#6510,.F.);
#6492 = FACE_BOUND('',#6493,.F.);
#6493 = EDGE_LOOP('',(#6494,#6495,#6496,#6504));
#6494 = ORIENTED_EDGE('',*,*,#5756,.T.);
#6495 = ORIENTED_EDGE('',*,*,#5797,.T.);
#6496 = ORIENTED_EDGE('',*,*,#6497,.F.);
#6497 = EDGE_CURVE('',#6498,#5798,#6500,.T.);
#6498 = VERTEX_POINT('',#6499);
#6499 = CARTESIAN_POINT('',(9.95,3.9,2.85));
#6500 = LINE('',#6501,#6502);
#6501 = CARTESIAN_POINT('',(9.95,3.9,2.85));
#6502 = VECTOR('',#6503,1.);
#6503 = DIRECTION('',(-1.,1.224646799147E-16,0.));
#6504 = ORIENTED_EDGE('',*,*,#6505,.F.);
#6505 = EDGE_CURVE('',#5757,#6498,#6506,.T.);
#6506 = LINE('',#6507,#6508);
#6507 = CARTESIAN_POINT('',(9.95,-0.6,5.35));
#6508 = VECTOR('',#6509,1.);
#6509 = DIRECTION('',(1.070533910153E-16,0.874157276121,-0.485642931179)
  );
#6510 = PLANE('',#6511);
#6511 = AXIS2_PLACEMENT_3D('',#6512,#6513,#6514);
#6512 = CARTESIAN_POINT('',(9.95,-0.6,5.35));
#6513 = DIRECTION('',(-5.947410611962E-17,-0.485642931179,
    -0.874157276121));
#6514 = DIRECTION('',(1.070533910153E-16,0.874157276121,-0.485642931179)
  );
#6515 = ADVANCED_FACE('',(#6516),#6575,.T.);
#6516 = FACE_BOUND('',#6517,.T.);
#6517 = EDGE_LOOP('',(#6518,#6519,#6527,#6533,#6534,#6535,#6536,#6544,
    #6552,#6561,#6569));
#6518 = ORIENTED_EDGE('',*,*,#5886,.F.);
#6519 = ORIENTED_EDGE('',*,*,#6520,.F.);
#6520 = EDGE_CURVE('',#6521,#5879,#6523,.T.);
#6521 = VERTEX_POINT('',#6522);
#6522 = CARTESIAN_POINT('',(9.95,3.9,0.));
#6523 = LINE('',#6524,#6525);
#6524 = CARTESIAN_POINT('',(9.95,3.9,0.));
#6525 = VECTOR('',#6526,1.);
#6526 = DIRECTION('',(-1.224646799147E-16,-1.,0.));
#6527 = ORIENTED_EDGE('',*,*,#6528,.F.);
#6528 = EDGE_CURVE('',#6498,#6521,#6529,.T.);
#6529 = LINE('',#6530,#6531);
#6530 = CARTESIAN_POINT('',(9.95,3.9,2.85));
#6531 = VECTOR('',#6532,1.);
#6532 = DIRECTION('',(-0.,0.,-1.));
#6533 = ORIENTED_EDGE('',*,*,#6505,.F.);
#6534 = ORIENTED_EDGE('',*,*,#5766,.T.);
#6535 = ORIENTED_EDGE('',*,*,#6054,.T.);
#6536 = ORIENTED_EDGE('',*,*,#6537,.F.);
#6537 = EDGE_CURVE('',#6538,#6055,#6540,.T.);
#6538 = VERTEX_POINT('',#6539);
#6539 = CARTESIAN_POINT('',(9.95,-7.6,5.25));
#6540 = LINE('',#6541,#6542);
#6541 = CARTESIAN_POINT('',(9.95,-7.6,0.35));
#6542 = VECTOR('',#6543,1.);
#6543 = DIRECTION('',(1.359631073447E-32,1.110223024625E-16,1.));
#6544 = ORIENTED_EDGE('',*,*,#6545,.T.);
#6545 = EDGE_CURVE('',#6538,#6546,#6548,.T.);
#6546 = VERTEX_POINT('',#6547);
#6547 = CARTESIAN_POINT('',(9.95,-4.75,5.25));
#6548 = LINE('',#6549,#6550);
#6549 = CARTESIAN_POINT('',(9.95,-7.6,5.25));
#6550 = VECTOR('',#6551,1.);
#6551 = DIRECTION('',(1.224646799147E-16,1.,-1.110223024625E-16));
#6552 = ORIENTED_EDGE('',*,*,#6553,.T.);
#6553 = EDGE_CURVE('',#6546,#6554,#6556,.T.);
#6554 = VERTEX_POINT('',#6555);
#6555 = CARTESIAN_POINT('',(9.95,-4.25,4.75));
#6556 = CIRCLE('',#6557,0.5);
#6557 = AXIS2_PLACEMENT_3D('',#6558,#6559,#6560);
#6558 = CARTESIAN_POINT('',(9.95,-4.75,4.75));
#6559 = DIRECTION('',(-1.,1.224646799147E-16,0.));
#6560 = DIRECTION('',(1.359631073446E-32,1.110223024625E-16,1.));
#6561 = ORIENTED_EDGE('',*,*,#6562,.T.);
#6562 = EDGE_CURVE('',#6554,#6563,#6565,.T.);
#6563 = VERTEX_POINT('',#6564);
#6564 = CARTESIAN_POINT('',(9.95,-4.25,4.25));
#6565 = LINE('',#6566,#6567);
#6566 = CARTESIAN_POINT('',(9.95,-4.25,4.75));
#6567 = VECTOR('',#6568,1.);
#6568 = DIRECTION('',(-1.359631073447E-32,-1.110223024625E-16,-1.));
#6569 = ORIENTED_EDGE('',*,*,#6570,.T.);
#6570 = EDGE_CURVE('',#6563,#5887,#6571,.T.);
#6571 = LINE('',#6572,#6573);
#6572 = CARTESIAN_POINT('',(9.95,-4.25,4.25));
#6573 = VECTOR('',#6574,1.);
#6574 = DIRECTION('',(-1.224646799147E-16,-1.,1.110223024625E-16));
#6575 = PLANE('',#6576);
#6576 = AXIS2_PLACEMENT_3D('',#6577,#6578,#6579);
#6577 = CARTESIAN_POINT('',(9.95,-2.827303270929,3.048284071859));
#6578 = DIRECTION('',(1.,-1.224646799147E-16,6.832876517433E-32));
#6579 = DIRECTION('',(6.832876517433E-32,-8.367860356044E-48,-1.));
#6580 = ADVANCED_FACE('',(#6581),#6592,.F.);
#6581 = FACE_BOUND('',#6582,.F.);
#6582 = EDGE_LOOP('',(#6583,#6584,#6585,#6591));
#6583 = ORIENTED_EDGE('',*,*,#6497,.T.);
#6584 = ORIENTED_EDGE('',*,*,#5805,.T.);
#6585 = ORIENTED_EDGE('',*,*,#6586,.F.);
#6586 = EDGE_CURVE('',#6521,#5806,#6587,.T.);
#6587 = LINE('',#6588,#6589);
#6588 = CARTESIAN_POINT('',(9.95,3.9,0.));
#6589 = VECTOR('',#6590,1.);
#6590 = DIRECTION('',(-1.,1.224646799147E-16,0.));
#6591 = ORIENTED_EDGE('',*,*,#6528,.F.);
#6592 = PLANE('',#6593);
#6593 = AXIS2_PLACEMENT_3D('',#6594,#6595,#6596);
#6594 = CARTESIAN_POINT('',(9.95,3.9,2.85));
#6595 = DIRECTION('',(-1.224646799147E-16,-1.,0.));
#6596 = DIRECTION('',(-0.,0.,-1.));
#6597 = ADVANCED_FACE('',(#6598),#6604,.F.);
#6598 = FACE_BOUND('',#6599,.F.);
#6599 = EDGE_LOOP('',(#6600,#6601,#6602,#6603));
#6600 = ORIENTED_EDGE('',*,*,#6586,.T.);
#6601 = ORIENTED_EDGE('',*,*,#5813,.T.);
#6602 = ORIENTED_EDGE('',*,*,#5878,.F.);
#6603 = ORIENTED_EDGE('',*,*,#6520,.F.);
#6604 = PLANE('',#6605);
#6605 = AXIS2_PLACEMENT_3D('',#6606,#6607,#6608);
#6606 = CARTESIAN_POINT('',(9.95,3.9,0.));
#6607 = DIRECTION('',(0.,0.,1.));
#6608 = DIRECTION('',(-1.224646799147E-16,-1.,0.));
#6609 = ADVANCED_FACE('',(#6610),#6635,.F.);
#6610 = FACE_BOUND('',#6611,.T.);
#6611 = EDGE_LOOP('',(#6612,#6620,#6621,#6629));
#6612 = ORIENTED_EDGE('',*,*,#6613,.F.);
#6613 = EDGE_CURVE('',#5837,#6614,#6616,.T.);
#6614 = VERTEX_POINT('',#6615);
#6615 = CARTESIAN_POINT('',(-1.6,-7.4,4.25));
#6616 = LINE('',#6617,#6618);
#6617 = CARTESIAN_POINT('',(2.025,-3.775,4.25));
#6618 = VECTOR('',#6619,1.);
#6619 = DIRECTION('',(0.707106781187,0.707106781187,-7.850462293414E-17)
  );
#6620 = ORIENTED_EDGE('',*,*,#5836,.T.);
#6621 = ORIENTED_EDGE('',*,*,#6622,.T.);
#6622 = EDGE_CURVE('',#5839,#6623,#6625,.T.);
#6623 = VERTEX_POINT('',#6624);
#6624 = CARTESIAN_POINT('',(-1.6,-7.4,1.1));
#6625 = LINE('',#6626,#6627);
#6626 = CARTESIAN_POINT('',(-1.141666666667,-6.941666666667,
    1.558333333333));
#6627 = VECTOR('',#6628,1.);
#6628 = DIRECTION('',(0.57735026919,0.57735026919,0.57735026919));
#6629 = ORIENTED_EDGE('',*,*,#6630,.F.);
#6630 = EDGE_CURVE('',#6614,#6623,#6631,.T.);
#6631 = LINE('',#6632,#6633);
#6632 = CARTESIAN_POINT('',(-1.6,-7.4,4.25));
#6633 = VECTOR('',#6634,1.);
#6634 = DIRECTION('',(-1.359631073447E-32,-1.110223024625E-16,-1.));
#6635 = PLANE('',#6636);
#6636 = AXIS2_PLACEMENT_3D('',#6637,#6638,#6639);
#6637 = CARTESIAN_POINT('',(-1.7,-7.5,4.25));
#6638 = DIRECTION('',(-0.707106781187,0.707106781187,-7.850462293414E-17
    ));
#6639 = DIRECTION('',(2.682127077751E-29,1.110223024625E-16,1.));
#6640 = ADVANCED_FACE('',(#6641),#6660,.T.);
#6641 = FACE_BOUND('',#6642,.T.);
#6642 = EDGE_LOOP('',(#6643,#6651,#6657,#6658,#6659));
#6643 = ORIENTED_EDGE('',*,*,#6644,.T.);
#6644 = EDGE_CURVE('',#6614,#6645,#6647,.T.);
#6645 = VERTEX_POINT('',#6646);
#6646 = CARTESIAN_POINT('',(-1.6,-4.25,4.25));
#6647 = LINE('',#6648,#6649);
#6648 = CARTESIAN_POINT('',(-1.6,-5.925,4.25));
#6649 = VECTOR('',#6650,1.);
#6650 = DIRECTION('',(1.224646799147E-16,1.,-1.110223024625E-16));
#6651 = ORIENTED_EDGE('',*,*,#6652,.T.);
#6652 = EDGE_CURVE('',#6645,#5999,#6653,.T.);
#6653 = LINE('',#6654,#6655);
#6654 = CARTESIAN_POINT('',(9.95,-4.25,4.25));
#6655 = VECTOR('',#6656,1.);
#6656 = DIRECTION('',(-1.,1.224646799147E-16,0.));
#6657 = ORIENTED_EDGE('',*,*,#5998,.T.);
#6658 = ORIENTED_EDGE('',*,*,#5846,.F.);
#6659 = ORIENTED_EDGE('',*,*,#6613,.T.);
#6660 = PLANE('',#6661);
#6661 = AXIS2_PLACEMENT_3D('',#6662,#6663,#6664);
#6662 = CARTESIAN_POINT('',(9.95,-4.25,4.25));
#6663 = DIRECTION('',(1.359631073447E-32,1.110223024625E-16,1.));
#6664 = DIRECTION('',(-1.224646799147E-16,-1.,1.110223024625E-16));
#6665 = ADVANCED_FACE('',(#6666),#6677,.F.);
#6666 = FACE_BOUND('',#6667,.F.);
#6667 = EDGE_LOOP('',(#6668,#6674,#6675,#6676));
#6668 = ORIENTED_EDGE('',*,*,#6669,.T.);
#6669 = EDGE_CURVE('',#5934,#5984,#6670,.T.);
#6670 = LINE('',#6671,#6672);
#6671 = CARTESIAN_POINT('',(-1.95,3.9,0.));
#6672 = VECTOR('',#6673,1.);
#6673 = DIRECTION('',(-1.,1.224646799147E-16,0.));
#6674 = ORIENTED_EDGE('',*,*,#5991,.T.);
#6675 = ORIENTED_EDGE('',*,*,#5862,.F.);
#6676 = ORIENTED_EDGE('',*,*,#5941,.F.);
#6677 = PLANE('',#6678);
#6678 = AXIS2_PLACEMENT_3D('',#6679,#6680,#6681);
#6679 = CARTESIAN_POINT('',(-1.95,3.9,0.));
#6680 = DIRECTION('',(0.,0.,1.));
#6681 = DIRECTION('',(-1.224646799147E-16,-1.,0.));
#6682 = ADVANCED_FACE('',(#6683),#6709,.T.);
#6683 = FACE_BOUND('',#6684,.T.);
#6684 = EDGE_LOOP('',(#6685,#6686,#6687,#6695,#6703));
#6685 = ORIENTED_EDGE('',*,*,#5894,.F.);
#6686 = ORIENTED_EDGE('',*,*,#6570,.F.);
#6687 = ORIENTED_EDGE('',*,*,#6688,.T.);
#6688 = EDGE_CURVE('',#6563,#6689,#6691,.T.);
#6689 = VERTEX_POINT('',#6690);
#6690 = CARTESIAN_POINT('',(9.1,-4.25,4.25));
#6691 = LINE('',#6692,#6693);
#6692 = CARTESIAN_POINT('',(9.95,-4.25,4.25));
#6693 = VECTOR('',#6694,1.);
#6694 = DIRECTION('',(-1.,1.224646799147E-16,0.));
#6695 = ORIENTED_EDGE('',*,*,#6696,.T.);
#6696 = EDGE_CURVE('',#6689,#6697,#6699,.T.);
#6697 = VERTEX_POINT('',#6698);
#6698 = CARTESIAN_POINT('',(9.1,-7.4,4.25));
#6699 = LINE('',#6700,#6701);
#6700 = CARTESIAN_POINT('',(9.1,-5.925,4.25));
#6701 = VECTOR('',#6702,1.);
#6702 = DIRECTION('',(-1.224646799147E-16,-1.,1.110223024625E-16));
#6703 = ORIENTED_EDGE('',*,*,#6704,.F.);
#6704 = EDGE_CURVE('',#5895,#6697,#6705,.T.);
#6705 = LINE('',#6706,#6707);
#6706 = CARTESIAN_POINT('',(8.575,-6.875,4.25));
#6707 = VECTOR('',#6708,1.);
#6708 = DIRECTION('',(-0.707106781187,0.707106781187,-7.850462293414E-17
    ));
#6709 = PLANE('',#6710);
#6710 = AXIS2_PLACEMENT_3D('',#6711,#6712,#6713);
#6711 = CARTESIAN_POINT('',(9.95,-4.25,4.25));
#6712 = DIRECTION('',(1.359631073447E-32,1.110223024625E-16,1.));
#6713 = DIRECTION('',(-1.224646799147E-16,-1.,1.110223024625E-16));
#6714 = ADVANCED_FACE('',(#6715),#6733,.F.);
#6715 = FACE_BOUND('',#6716,.T.);
#6716 = EDGE_LOOP('',(#6717,#6725,#6726,#6727));
#6717 = ORIENTED_EDGE('',*,*,#6718,.F.);
#6718 = EDGE_CURVE('',#5903,#6719,#6721,.T.);
#6719 = VERTEX_POINT('',#6720);
#6720 = CARTESIAN_POINT('',(9.1,-7.4,1.1));
#6721 = LINE('',#6722,#6723);
#6722 = CARTESIAN_POINT('',(7.383333333333,-5.683333333333,
    2.816666666667));
#6723 = VECTOR('',#6724,1.);
#6724 = DIRECTION('',(-0.57735026919,0.57735026919,0.57735026919));
#6725 = ORIENTED_EDGE('',*,*,#5902,.T.);
#6726 = ORIENTED_EDGE('',*,*,#6704,.T.);
#6727 = ORIENTED_EDGE('',*,*,#6728,.F.);
#6728 = EDGE_CURVE('',#6719,#6697,#6729,.T.);
#6729 = LINE('',#6730,#6731);
#6730 = CARTESIAN_POINT('',(9.1,-7.4,1.1));
#6731 = VECTOR('',#6732,1.);
#6732 = DIRECTION('',(1.359631073447E-32,1.110223024625E-16,1.));
#6733 = PLANE('',#6734);
#6734 = AXIS2_PLACEMENT_3D('',#6735,#6736,#6737);
#6735 = CARTESIAN_POINT('',(9.2,-7.5,1.1));
#6736 = DIRECTION('',(0.707106781187,0.707106781187,-7.850462293414E-17)
  );
#6737 = DIRECTION('',(2.680278185005E-29,-1.110223024625E-16,-1.));
#6738 = ADVANCED_FACE('',(#6739),#6750,.F.);
#6739 = FACE_BOUND('',#6740,.T.);
#6740 = EDGE_LOOP('',(#6741,#6742,#6743,#6744));
#6741 = ORIENTED_EDGE('',*,*,#6622,.F.);
#6742 = ORIENTED_EDGE('',*,*,#5910,.T.);
#6743 = ORIENTED_EDGE('',*,*,#6718,.T.);
#6744 = ORIENTED_EDGE('',*,*,#6745,.F.);
#6745 = EDGE_CURVE('',#6623,#6719,#6746,.T.);
#6746 = LINE('',#6747,#6748);
#6747 = CARTESIAN_POINT('',(-1.6,-7.4,1.1));
#6748 = VECTOR('',#6749,1.);
#6749 = DIRECTION('',(1.,-1.224646799147E-16,0.));
#6750 = PLANE('',#6751);
#6751 = AXIS2_PLACEMENT_3D('',#6752,#6753,#6754);
#6752 = CARTESIAN_POINT('',(-1.6,-7.5,1.));
#6753 = DIRECTION('',(8.659560562349E-17,0.707106781187,-0.707106781187)
  );
#6754 = DIRECTION('',(-1.,1.224646799147E-16,2.105272540809E-29));
#6755 = ADVANCED_FACE('',(#6756),#6762,.F.);
#6756 = FACE_BOUND('',#6757,.F.);
#6757 = EDGE_LOOP('',(#6758,#6759,#6760,#6761));
#6758 = ORIENTED_EDGE('',*,*,#5966,.T.);
#6759 = ORIENTED_EDGE('',*,*,#5983,.T.);
#6760 = ORIENTED_EDGE('',*,*,#6669,.F.);
#6761 = ORIENTED_EDGE('',*,*,#5933,.F.);
#6762 = PLANE('',#6763);
#6763 = AXIS2_PLACEMENT_3D('',#6764,#6765,#6766);
#6764 = CARTESIAN_POINT('',(-1.95,3.9,2.85));
#6765 = DIRECTION('',(-1.224646799147E-16,-1.,0.));
#6766 = DIRECTION('',(-0.,0.,-1.));
#6767 = ADVANCED_FACE('',(#6768),#6786,.T.);
#6768 = FACE_BOUND('',#6769,.T.);
#6769 = EDGE_LOOP('',(#6770,#6778,#6784,#6785));
#6770 = ORIENTED_EDGE('',*,*,#6771,.T.);
#6771 = EDGE_CURVE('',#6645,#6772,#6774,.T.);
#6772 = VERTEX_POINT('',#6773);
#6773 = CARTESIAN_POINT('',(-1.6,-4.25,4.75));
#6774 = LINE('',#6775,#6776);
#6775 = CARTESIAN_POINT('',(-1.6,-4.25,5.));
#6776 = VECTOR('',#6777,1.);
#6777 = DIRECTION('',(1.359631073447E-32,1.110223024625E-16,1.));
#6778 = ORIENTED_EDGE('',*,*,#6779,.T.);
#6779 = EDGE_CURVE('',#6772,#6007,#6780,.T.);
#6780 = LINE('',#6781,#6782);
#6781 = CARTESIAN_POINT('',(9.95,-4.25,4.75));
#6782 = VECTOR('',#6783,1.);
#6783 = DIRECTION('',(-1.,1.224646799147E-16,0.));
#6784 = ORIENTED_EDGE('',*,*,#6006,.T.);
#6785 = ORIENTED_EDGE('',*,*,#6652,.F.);
#6786 = PLANE('',#6787);
#6787 = AXIS2_PLACEMENT_3D('',#6788,#6789,#6790);
#6788 = CARTESIAN_POINT('',(9.95,-4.25,4.75));
#6789 = DIRECTION('',(-1.224646799147E-16,-1.,1.110223024625E-16));
#6790 = DIRECTION('',(-1.359631073447E-32,-1.110223024625E-16,-1.));
#6791 = ADVANCED_FACE('',(#6792),#6811,.F.);
#6792 = FACE_BOUND('',#6793,.F.);
#6793 = EDGE_LOOP('',(#6794,#6795,#6796,#6804));
#6794 = ORIENTED_EDGE('',*,*,#6779,.T.);
#6795 = ORIENTED_EDGE('',*,*,#6014,.T.);
#6796 = ORIENTED_EDGE('',*,*,#6797,.F.);
#6797 = EDGE_CURVE('',#6798,#6015,#6800,.T.);
#6798 = VERTEX_POINT('',#6799);
#6799 = CARTESIAN_POINT('',(-1.6,-4.75,5.25));
#6800 = LINE('',#6801,#6802);
#6801 = CARTESIAN_POINT('',(9.95,-4.75,5.25));
#6802 = VECTOR('',#6803,1.);
#6803 = DIRECTION('',(-1.,1.224646799147E-16,0.));
#6804 = ORIENTED_EDGE('',*,*,#6805,.F.);
#6805 = EDGE_CURVE('',#6772,#6798,#6806,.T.);
#6806 = CIRCLE('',#6807,0.5);
#6807 = AXIS2_PLACEMENT_3D('',#6808,#6809,#6810);
#6808 = CARTESIAN_POINT('',(-1.6,-4.75,4.75));
#6809 = DIRECTION('',(1.,-1.224646799147E-16,0.));
#6810 = DIRECTION('',(1.359631073446E-32,1.110223024625E-16,1.));
#6811 = CYLINDRICAL_SURFACE('',#6812,0.5);
#6812 = AXIS2_PLACEMENT_3D('',#6813,#6814,#6815);
#6813 = CARTESIAN_POINT('',(9.95,-4.75,4.75));
#6814 = DIRECTION('',(1.,-1.224646799147E-16,0.));
#6815 = DIRECTION('',(1.359631073446E-32,1.110223024625E-16,1.));
#6816 = ADVANCED_FACE('',(#6817),#6988,.T.);
#6817 = FACE_BOUND('',#6818,.T.);
#6818 = EDGE_LOOP('',(#6819,#6820,#6828,#6836,#6844,#6852,#6860,#6869,
    #6877,#6885,#6893,#6901,#6909,#6918,#6926,#6934,#6942,#6950,#6956,
    #6957,#6958,#6966,#6974,#6982));
#6819 = ORIENTED_EDGE('',*,*,#6545,.F.);
#6820 = ORIENTED_EDGE('',*,*,#6821,.T.);
#6821 = EDGE_CURVE('',#6538,#6822,#6824,.T.);
#6822 = VERTEX_POINT('',#6823);
#6823 = CARTESIAN_POINT('',(8.,-7.6,5.25));
#6824 = LINE('',#6825,#6826);
#6825 = CARTESIAN_POINT('',(9.95,-7.6,5.25));
#6826 = VECTOR('',#6827,1.);
#6827 = DIRECTION('',(-1.,1.224646799147E-16,0.));
#6828 = ORIENTED_EDGE('',*,*,#6829,.T.);
#6829 = EDGE_CURVE('',#6822,#6830,#6832,.T.);
#6830 = VERTEX_POINT('',#6831);
#6831 = CARTESIAN_POINT('',(8.,-6.7,5.25));
#6832 = LINE('',#6833,#6834);
#6833 = CARTESIAN_POINT('',(8.,-5.918198005698,5.25));
#6834 = VECTOR('',#6835,1.);
#6835 = DIRECTION('',(1.224646799147E-16,1.,-2.61564467313E-17));
#6836 = ORIENTED_EDGE('',*,*,#6837,.T.);
#6837 = EDGE_CURVE('',#6830,#6838,#6840,.T.);
#6838 = VERTEX_POINT('',#6839);
#6839 = CARTESIAN_POINT('',(7.75,-6.45,5.25));
#6840 = LINE('',#6841,#6842);
#6841 = CARTESIAN_POINT('',(6.421599002849,-5.121599002849,5.25));
#6842 = VECTOR('',#6843,1.);
#6843 = DIRECTION('',(-0.707106781187,0.707106781187,-1.849540085544E-17
    ));
#6844 = ORIENTED_EDGE('',*,*,#6845,.T.);
#6845 = EDGE_CURVE('',#6838,#6846,#6848,.T.);
#6846 = VERTEX_POINT('',#6847);
#6847 = CARTESIAN_POINT('',(8.,-6.2,5.25));
#6848 = LINE('',#6849,#6850);
#6849 = CARTESIAN_POINT('',(7.203400997151,-6.996599002849,5.25));
#6850 = VECTOR('',#6851,1.);
#6851 = DIRECTION('',(0.707106781187,0.707106781187,-1.849540085544E-17)
  );
#6852 = ORIENTED_EDGE('',*,*,#6853,.T.);
#6853 = EDGE_CURVE('',#6846,#6854,#6856,.T.);
#6854 = VERTEX_POINT('',#6855);
#6855 = CARTESIAN_POINT('',(8.,-4.45,5.25));
#6856 = LINE('',#6857,#6858);
#6857 = CARTESIAN_POINT('',(8.,-4.418198005698,5.25));
#6858 = VECTOR('',#6859,1.);
#6859 = DIRECTION('',(1.224646799147E-16,1.,-2.61564467313E-17));
#6860 = ORIENTED_EDGE('',*,*,#6861,.F.);
#6861 = EDGE_CURVE('',#6862,#6854,#6864,.T.);
#6862 = VERTEX_POINT('',#6863);
#6863 = CARTESIAN_POINT('',(7.25,-3.7,5.25));
#6864 = CIRCLE('',#6865,0.75);
#6865 = AXIS2_PLACEMENT_3D('',#6866,#6867,#6868);
#6866 = CARTESIAN_POINT('',(7.25,-4.45,5.25));
#6867 = DIRECTION('',(-1.359631073447E-32,-1.110223024625E-16,-1.));
#6868 = DIRECTION('',(1.224646799147E-16,1.,-1.110223024625E-16));
#6869 = ORIENTED_EDGE('',*,*,#6870,.T.);
#6870 = EDGE_CURVE('',#6862,#6871,#6873,.T.);
#6871 = VERTEX_POINT('',#6872);
#6872 = CARTESIAN_POINT('',(6.5,-3.7,5.25));
#6873 = LINE('',#6874,#6875);
#6874 = CARTESIAN_POINT('',(5.125,-3.7,5.25));
#6875 = VECTOR('',#6876,1.);
#6876 = DIRECTION('',(-1.,1.224646799147E-16,5.87588795123E-32));
#6877 = ORIENTED_EDGE('',*,*,#6878,.T.);
#6878 = EDGE_CURVE('',#6871,#6879,#6881,.T.);
#6879 = VERTEX_POINT('',#6880);
#6880 = CARTESIAN_POINT('',(6.5,-7.6,5.25));
#6881 = LINE('',#6882,#6883);
#6882 = CARTESIAN_POINT('',(6.5,-6.368198005698,5.25));
#6883 = VECTOR('',#6884,1.);
#6884 = DIRECTION('',(-1.224646799147E-16,-1.,2.61564467313E-17));
#6885 = ORIENTED_EDGE('',*,*,#6886,.T.);
#6886 = EDGE_CURVE('',#6879,#6887,#6889,.T.);
#6887 = VERTEX_POINT('',#6888);
#6888 = CARTESIAN_POINT('',(1.,-7.6,5.25));
#6889 = LINE('',#6890,#6891);
#6890 = CARTESIAN_POINT('',(9.95,-7.6,5.25));
#6891 = VECTOR('',#6892,1.);
#6892 = DIRECTION('',(-1.,1.224646799147E-16,0.));
#6893 = ORIENTED_EDGE('',*,*,#6894,.F.);
#6894 = EDGE_CURVE('',#6895,#6887,#6897,.T.);
#6895 = VERTEX_POINT('',#6896);
#6896 = CARTESIAN_POINT('',(1.,-3.7,5.25));
#6897 = LINE('',#6898,#6899);
#6898 = CARTESIAN_POINT('',(1.,-6.368198005698,5.25));
#6899 = VECTOR('',#6900,1.);
#6900 = DIRECTION('',(-1.224646799147E-16,-1.,2.61564467313E-17));
#6901 = ORIENTED_EDGE('',*,*,#6902,.F.);
#6902 = EDGE_CURVE('',#6903,#6895,#6905,.T.);
#6903 = VERTEX_POINT('',#6904);
#6904 = CARTESIAN_POINT('',(0.25,-3.7,5.25));
#6905 = LINE('',#6906,#6907);
#6906 = CARTESIAN_POINT('',(2.375,-3.7,5.25));
#6907 = VECTOR('',#6908,1.);
#6908 = DIRECTION('',(1.,-1.224646799147E-16,-5.87588795123E-32));
#6909 = ORIENTED_EDGE('',*,*,#6910,.F.);
#6910 = EDGE_CURVE('',#6911,#6903,#6913,.T.);
#6911 = VERTEX_POINT('',#6912);
#6912 = CARTESIAN_POINT('',(-0.5,-4.45,5.25));
#6913 = CIRCLE('',#6914,0.75);
#6914 = AXIS2_PLACEMENT_3D('',#6915,#6916,#6917);
#6915 = CARTESIAN_POINT('',(0.25,-4.45,5.25));
#6916 = DIRECTION('',(-1.359631073447E-32,-1.110223024625E-16,-1.));
#6917 = DIRECTION('',(1.224646799147E-16,1.,-1.110223024625E-16));
#6918 = ORIENTED_EDGE('',*,*,#6919,.F.);
#6919 = EDGE_CURVE('',#6920,#6911,#6922,.T.);
#6920 = VERTEX_POINT('',#6921);
#6921 = CARTESIAN_POINT('',(-0.5,-6.2,5.25));
#6922 = LINE('',#6923,#6924);
#6923 = CARTESIAN_POINT('',(-0.5,-4.418198005698,5.25));
#6924 = VECTOR('',#6925,1.);
#6925 = DIRECTION('',(1.224646799147E-16,1.,-2.61564467313E-17));
#6926 = ORIENTED_EDGE('',*,*,#6927,.F.);
#6927 = EDGE_CURVE('',#6928,#6920,#6930,.T.);
#6928 = VERTEX_POINT('',#6929);
#6929 = CARTESIAN_POINT('',(-0.25,-6.45,5.25));
#6930 = LINE('',#6931,#6932);
#6931 = CARTESIAN_POINT('',(0.296599002849,-6.996599002849,5.25));
#6932 = VECTOR('',#6933,1.);
#6933 = DIRECTION('',(-0.707106781187,0.707106781187,-1.849540085544E-17
    ));
#6934 = ORIENTED_EDGE('',*,*,#6935,.F.);
#6935 = EDGE_CURVE('',#6936,#6928,#6938,.T.);
#6936 = VERTEX_POINT('',#6937);
#6937 = CARTESIAN_POINT('',(-0.5,-6.7,5.25));
#6938 = LINE('',#6939,#6940);
#6939 = CARTESIAN_POINT('',(1.078400997151,-5.121599002849,5.25));
#6940 = VECTOR('',#6941,1.);
#6941 = DIRECTION('',(0.707106781187,0.707106781187,-1.849540085544E-17)
  );
#6942 = ORIENTED_EDGE('',*,*,#6943,.F.);
#6943 = EDGE_CURVE('',#6944,#6936,#6946,.T.);
#6944 = VERTEX_POINT('',#6945);
#6945 = CARTESIAN_POINT('',(-0.5,-7.6,5.25));
#6946 = LINE('',#6947,#6948);
#6947 = CARTESIAN_POINT('',(-0.5,-5.918198005698,5.25));
#6948 = VECTOR('',#6949,1.);
#6949 = DIRECTION('',(1.224646799147E-16,1.,-2.61564467313E-17));
#6950 = ORIENTED_EDGE('',*,*,#6951,.T.);
#6951 = EDGE_CURVE('',#6944,#6024,#6952,.T.);
#6952 = LINE('',#6953,#6954);
#6953 = CARTESIAN_POINT('',(9.95,-7.6,5.25));
#6954 = VECTOR('',#6955,1.);
#6955 = DIRECTION('',(-1.,1.224646799147E-16,0.));
#6956 = ORIENTED_EDGE('',*,*,#6023,.T.);
#6957 = ORIENTED_EDGE('',*,*,#6797,.F.);
#6958 = ORIENTED_EDGE('',*,*,#6959,.T.);
#6959 = EDGE_CURVE('',#6798,#6960,#6962,.T.);
#6960 = VERTEX_POINT('',#6961);
#6961 = CARTESIAN_POINT('',(-1.6,-2.45,5.25));
#6962 = LINE('',#6963,#6964);
#6963 = CARTESIAN_POINT('',(-1.6,-7.6,5.25));
#6964 = VECTOR('',#6965,1.);
#6965 = DIRECTION('',(1.224646799147E-16,1.,-1.110223024625E-16));
#6966 = ORIENTED_EDGE('',*,*,#6967,.F.);
#6967 = EDGE_CURVE('',#6968,#6960,#6970,.T.);
#6968 = VERTEX_POINT('',#6969);
#6969 = CARTESIAN_POINT('',(9.1,-2.45,5.25));
#6970 = LINE('',#6971,#6972);
#6971 = CARTESIAN_POINT('',(9.1,-2.45,5.25));
#6972 = VECTOR('',#6973,1.);
#6973 = DIRECTION('',(-1.,1.224646799147E-16,0.));
#6974 = ORIENTED_EDGE('',*,*,#6975,.F.);
#6975 = EDGE_CURVE('',#6976,#6968,#6978,.T.);
#6976 = VERTEX_POINT('',#6977);
#6977 = CARTESIAN_POINT('',(9.1,-4.75,5.25));
#6978 = LINE('',#6979,#6980);
#6979 = CARTESIAN_POINT('',(9.1,-7.6,5.25));
#6980 = VECTOR('',#6981,1.);
#6981 = DIRECTION('',(1.224646799147E-16,1.,-1.110223024625E-16));
#6982 = ORIENTED_EDGE('',*,*,#6983,.F.);
#6983 = EDGE_CURVE('',#6546,#6976,#6984,.T.);
#6984 = LINE('',#6985,#6986);
#6985 = CARTESIAN_POINT('',(9.95,-4.75,5.25));
#6986 = VECTOR('',#6987,1.);
#6987 = DIRECTION('',(-1.,1.224646799147E-16,0.));
#6988 = PLANE('',#6989);
#6989 = AXIS2_PLACEMENT_3D('',#6990,#6991,#6992);
#6990 = CARTESIAN_POINT('',(3.75,-5.136396011396,5.25));
#6991 = DIRECTION('',(-6.196212038895E-32,-2.61564467313E-17,-1.));
#6992 = DIRECTION('',(-1.224646799147E-16,-1.,2.61564467313E-17));
#6993 = ADVANCED_FACE('',(#6994),#7005,.T.);
#6994 = FACE_BOUND('',#6995,.T.);
#6995 = EDGE_LOOP('',(#6996,#6997,#7003,#7004));
#6996 = ORIENTED_EDGE('',*,*,#6951,.F.);
#6997 = ORIENTED_EDGE('',*,*,#6998,.F.);
#6998 = EDGE_CURVE('',#6185,#6944,#6999,.T.);
#6999 = LINE('',#7000,#7001);
#7000 = CARTESIAN_POINT('',(-0.5,-7.6,6.1));
#7001 = VECTOR('',#7002,1.);
#7002 = DIRECTION('',(-1.359631073447E-32,-1.110223024625E-16,-1.));
#7003 = ORIENTED_EDGE('',*,*,#6192,.T.);
#7004 = ORIENTED_EDGE('',*,*,#6031,.T.);
#7005 = PLANE('',#7006);
#7006 = AXIS2_PLACEMENT_3D('',#7007,#7008,#7009);
#7007 = CARTESIAN_POINT('',(3.75,-7.6,3.225));
#7008 = DIRECTION('',(-1.224646799147E-16,-1.,1.110223024625E-16));
#7009 = DIRECTION('',(-1.,1.224646799147E-16,0.));
#7010 = ADVANCED_FACE('',(#7011),#7022,.F.);
#7011 = FACE_BOUND('',#7012,.F.);
#7012 = EDGE_LOOP('',(#7013,#7014,#7020,#7021));
#7013 = ORIENTED_EDGE('',*,*,#6184,.F.);
#7014 = ORIENTED_EDGE('',*,*,#7015,.T.);
#7015 = EDGE_CURVE('',#6177,#6936,#7016,.T.);
#7016 = LINE('',#7017,#7018);
#7017 = CARTESIAN_POINT('',(-0.5,-6.7,6.1));
#7018 = VECTOR('',#7019,1.);
#7019 = DIRECTION('',(-1.359631073447E-32,-1.110223024625E-16,-1.));
#7020 = ORIENTED_EDGE('',*,*,#6943,.F.);
#7021 = ORIENTED_EDGE('',*,*,#6998,.F.);
#7022 = PLANE('',#7023);
#7023 = AXIS2_PLACEMENT_3D('',#7024,#7025,#7026);
#7024 = CARTESIAN_POINT('',(-0.5,-6.7,6.1));
#7025 = DIRECTION('',(-1.,1.224646799147E-16,0.));
#7026 = DIRECTION('',(-1.224646799147E-16,-1.,1.110223024625E-16));
#7027 = ADVANCED_FACE('',(#7028),#7039,.F.);
#7028 = FACE_BOUND('',#7029,.F.);
#7029 = EDGE_LOOP('',(#7030,#7031,#7037,#7038));
#7030 = ORIENTED_EDGE('',*,*,#6176,.F.);
#7031 = ORIENTED_EDGE('',*,*,#7032,.T.);
#7032 = EDGE_CURVE('',#6169,#6928,#7033,.T.);
#7033 = LINE('',#7034,#7035);
#7034 = CARTESIAN_POINT('',(-0.25,-6.45,6.1));
#7035 = VECTOR('',#7036,1.);
#7036 = DIRECTION('',(-1.359631073447E-32,-1.110223024625E-16,-1.));
#7037 = ORIENTED_EDGE('',*,*,#6935,.F.);
#7038 = ORIENTED_EDGE('',*,*,#7015,.F.);
#7039 = PLANE('',#7040);
#7040 = AXIS2_PLACEMENT_3D('',#7041,#7042,#7043);
#7041 = CARTESIAN_POINT('',(-0.25,-6.45,6.1));
#7042 = DIRECTION('',(-0.707106781187,0.707106781187,-7.850462293414E-17
    ));
#7043 = DIRECTION('',(-0.707106781187,-0.707106781187,7.850462293414E-17
    ));
#7044 = ADVANCED_FACE('',(#7045),#7056,.F.);
#7045 = FACE_BOUND('',#7046,.F.);
#7046 = EDGE_LOOP('',(#7047,#7048,#7054,#7055));
#7047 = ORIENTED_EDGE('',*,*,#6168,.F.);
#7048 = ORIENTED_EDGE('',*,*,#7049,.T.);
#7049 = EDGE_CURVE('',#6161,#6920,#7050,.T.);
#7050 = LINE('',#7051,#7052);
#7051 = CARTESIAN_POINT('',(-0.5,-6.2,6.1));
#7052 = VECTOR('',#7053,1.);
#7053 = DIRECTION('',(-1.359631073447E-32,-1.110223024625E-16,-1.));
#7054 = ORIENTED_EDGE('',*,*,#6927,.F.);
#7055 = ORIENTED_EDGE('',*,*,#7032,.F.);
#7056 = PLANE('',#7057);
#7057 = AXIS2_PLACEMENT_3D('',#7058,#7059,#7060);
#7058 = CARTESIAN_POINT('',(-0.5,-6.2,6.1));
#7059 = DIRECTION('',(-0.707106781187,-0.707106781187,7.850462293414E-17
    ));
#7060 = DIRECTION('',(0.707106781187,-0.707106781187,7.850462293414E-17)
  );
#7061 = ADVANCED_FACE('',(#7062),#7073,.F.);
#7062 = FACE_BOUND('',#7063,.F.);
#7063 = EDGE_LOOP('',(#7064,#7065,#7071,#7072));
#7064 = ORIENTED_EDGE('',*,*,#6160,.F.);
#7065 = ORIENTED_EDGE('',*,*,#7066,.T.);
#7066 = EDGE_CURVE('',#6152,#6911,#7067,.T.);
#7067 = LINE('',#7068,#7069);
#7068 = CARTESIAN_POINT('',(-0.5,-4.45,6.1));
#7069 = VECTOR('',#7070,1.);
#7070 = DIRECTION('',(-1.359631073447E-32,-1.110223024625E-16,-1.));
#7071 = ORIENTED_EDGE('',*,*,#6919,.F.);
#7072 = ORIENTED_EDGE('',*,*,#7049,.F.);
#7073 = PLANE('',#7074);
#7074 = AXIS2_PLACEMENT_3D('',#7075,#7076,#7077);
#7075 = CARTESIAN_POINT('',(-0.5,-3.7,6.1));
#7076 = DIRECTION('',(-1.,1.224646799147E-16,0.));
#7077 = DIRECTION('',(-1.224646799147E-16,-1.,1.110223024625E-16));
#7078 = ADVANCED_FACE('',(#7079),#7090,.F.);
#7079 = FACE_BOUND('',#7080,.F.);
#7080 = EDGE_LOOP('',(#7081,#7082,#7083,#7084));
#7081 = ORIENTED_EDGE('',*,*,#6910,.F.);
#7082 = ORIENTED_EDGE('',*,*,#7066,.F.);
#7083 = ORIENTED_EDGE('',*,*,#6151,.F.);
#7084 = ORIENTED_EDGE('',*,*,#7085,.T.);
#7085 = EDGE_CURVE('',#6144,#6903,#7086,.T.);
#7086 = LINE('',#7087,#7088);
#7087 = CARTESIAN_POINT('',(0.25,-3.7,6.1));
#7088 = VECTOR('',#7089,1.);
#7089 = DIRECTION('',(-1.359631073447E-32,-1.110223024625E-16,-1.));
#7090 = CYLINDRICAL_SURFACE('',#7091,0.75);
#7091 = AXIS2_PLACEMENT_3D('',#7092,#7093,#7094);
#7092 = CARTESIAN_POINT('',(0.25,-4.45,6.1));
#7093 = DIRECTION('',(-1.359631073447E-32,-1.110223024625E-16,-1.));
#7094 = DIRECTION('',(1.224646799147E-16,1.,-1.110223024625E-16));
#7095 = ADVANCED_FACE('',(#7096),#7107,.F.);
#7096 = FACE_BOUND('',#7097,.F.);
#7097 = EDGE_LOOP('',(#7098,#7099,#7100,#7106));
#7098 = ORIENTED_EDGE('',*,*,#7085,.F.);
#7099 = ORIENTED_EDGE('',*,*,#6143,.F.);
#7100 = ORIENTED_EDGE('',*,*,#7101,.T.);
#7101 = EDGE_CURVE('',#6136,#6895,#7102,.T.);
#7102 = LINE('',#7103,#7104);
#7103 = CARTESIAN_POINT('',(1.,-3.7,6.1));
#7104 = VECTOR('',#7105,1.);
#7105 = DIRECTION('',(-1.359631073447E-32,-1.110223024625E-16,-1.));
#7106 = ORIENTED_EDGE('',*,*,#6902,.F.);
#7107 = PLANE('',#7108);
#7108 = AXIS2_PLACEMENT_3D('',#7109,#7110,#7111);
#7109 = CARTESIAN_POINT('',(1.,-3.7,6.1));
#7110 = DIRECTION('',(1.224646799147E-16,1.,-1.110223024625E-16));
#7111 = DIRECTION('',(-1.,1.224646799147E-16,0.));
#7112 = ADVANCED_FACE('',(#7113),#7124,.F.);
#7113 = FACE_BOUND('',#7114,.F.);
#7114 = EDGE_LOOP('',(#7115,#7116,#7122,#7123));
#7115 = ORIENTED_EDGE('',*,*,#6135,.F.);
#7116 = ORIENTED_EDGE('',*,*,#7117,.T.);
#7117 = EDGE_CURVE('',#6128,#6887,#7118,.T.);
#7118 = LINE('',#7119,#7120);
#7119 = CARTESIAN_POINT('',(1.,-7.6,6.1));
#7120 = VECTOR('',#7121,1.);
#7121 = DIRECTION('',(-1.359631073447E-32,-1.110223024625E-16,-1.));
#7122 = ORIENTED_EDGE('',*,*,#6894,.F.);
#7123 = ORIENTED_EDGE('',*,*,#7101,.F.);
#7124 = PLANE('',#7125);
#7125 = AXIS2_PLACEMENT_3D('',#7126,#7127,#7128);
#7126 = CARTESIAN_POINT('',(1.,-7.6,6.1));
#7127 = DIRECTION('',(1.,-1.224646799147E-16,-0.));
#7128 = DIRECTION('',(1.224646799147E-16,1.,-1.110223024625E-16));
#7129 = ADVANCED_FACE('',(#7130),#7141,.T.);
#7130 = FACE_BOUND('',#7131,.T.);
#7131 = EDGE_LOOP('',(#7132,#7133,#7139,#7140));
#7132 = ORIENTED_EDGE('',*,*,#6886,.F.);
#7133 = ORIENTED_EDGE('',*,*,#7134,.F.);
#7134 = EDGE_CURVE('',#6120,#6879,#7135,.T.);
#7135 = LINE('',#7136,#7137);
#7136 = CARTESIAN_POINT('',(6.5,-7.6,6.1));
#7137 = VECTOR('',#7138,1.);
#7138 = DIRECTION('',(-1.359631073447E-32,-1.110223024625E-16,-1.));
#7139 = ORIENTED_EDGE('',*,*,#6127,.T.);
#7140 = ORIENTED_EDGE('',*,*,#7117,.T.);
#7141 = PLANE('',#7142);
#7142 = AXIS2_PLACEMENT_3D('',#7143,#7144,#7145);
#7143 = CARTESIAN_POINT('',(3.75,-7.6,3.225));
#7144 = DIRECTION('',(-1.224646799147E-16,-1.,1.110223024625E-16));
#7145 = DIRECTION('',(-1.,1.224646799147E-16,0.));
#7146 = ADVANCED_FACE('',(#7147),#7158,.T.);
#7147 = FACE_BOUND('',#7148,.T.);
#7148 = EDGE_LOOP('',(#7149,#7150,#7151,#7152));
#7149 = ORIENTED_EDGE('',*,*,#6119,.F.);
#7150 = ORIENTED_EDGE('',*,*,#7134,.T.);
#7151 = ORIENTED_EDGE('',*,*,#6878,.F.);
#7152 = ORIENTED_EDGE('',*,*,#7153,.F.);
#7153 = EDGE_CURVE('',#6112,#6871,#7154,.T.);
#7154 = LINE('',#7155,#7156);
#7155 = CARTESIAN_POINT('',(6.5,-3.7,6.1));
#7156 = VECTOR('',#7157,1.);
#7157 = DIRECTION('',(-1.359631073447E-32,-1.110223024625E-16,-1.));
#7158 = PLANE('',#7159);
#7159 = AXIS2_PLACEMENT_3D('',#7160,#7161,#7162);
#7160 = CARTESIAN_POINT('',(6.5,-7.6,6.1));
#7161 = DIRECTION('',(1.,-1.224646799147E-16,-0.));
#7162 = DIRECTION('',(1.224646799147E-16,1.,-1.110223024625E-16));
#7163 = ADVANCED_FACE('',(#7164),#7175,.T.);
#7164 = FACE_BOUND('',#7165,.T.);
#7165 = EDGE_LOOP('',(#7166,#7172,#7173,#7174));
#7166 = ORIENTED_EDGE('',*,*,#7167,.F.);
#7167 = EDGE_CURVE('',#6103,#6862,#7168,.T.);
#7168 = LINE('',#7169,#7170);
#7169 = CARTESIAN_POINT('',(7.25,-3.7,6.1));
#7170 = VECTOR('',#7171,1.);
#7171 = DIRECTION('',(-1.359631073447E-32,-1.110223024625E-16,-1.));
#7172 = ORIENTED_EDGE('',*,*,#6111,.F.);
#7173 = ORIENTED_EDGE('',*,*,#7153,.T.);
#7174 = ORIENTED_EDGE('',*,*,#6870,.F.);
#7175 = PLANE('',#7176);
#7176 = AXIS2_PLACEMENT_3D('',#7177,#7178,#7179);
#7177 = CARTESIAN_POINT('',(6.5,-3.7,6.1));
#7178 = DIRECTION('',(-1.224646799147E-16,-1.,1.110223024625E-16));
#7179 = DIRECTION('',(1.,-1.224646799147E-16,0.));
#7180 = ADVANCED_FACE('',(#7181),#7192,.F.);
#7181 = FACE_BOUND('',#7182,.F.);
#7182 = EDGE_LOOP('',(#7183,#7184,#7185,#7191));
#7183 = ORIENTED_EDGE('',*,*,#7167,.F.);
#7184 = ORIENTED_EDGE('',*,*,#6102,.T.);
#7185 = ORIENTED_EDGE('',*,*,#7186,.T.);
#7186 = EDGE_CURVE('',#6095,#6854,#7187,.T.);
#7187 = LINE('',#7188,#7189);
#7188 = CARTESIAN_POINT('',(8.,-4.45,6.1));
#7189 = VECTOR('',#7190,1.);
#7190 = DIRECTION('',(-1.359631073447E-32,-1.110223024625E-16,-1.));
#7191 = ORIENTED_EDGE('',*,*,#6861,.F.);
#7192 = CYLINDRICAL_SURFACE('',#7193,0.75);
#7193 = AXIS2_PLACEMENT_3D('',#7194,#7195,#7196);
#7194 = CARTESIAN_POINT('',(7.25,-4.45,6.1));
#7195 = DIRECTION('',(-1.359631073447E-32,-1.110223024625E-16,-1.));
#7196 = DIRECTION('',(1.224646799147E-16,1.,-1.110223024625E-16));
#7197 = ADVANCED_FACE('',(#7198),#7209,.T.);
#7198 = FACE_BOUND('',#7199,.T.);
#7199 = EDGE_LOOP('',(#7200,#7201,#7202,#7203));
#7200 = ORIENTED_EDGE('',*,*,#6094,.F.);
#7201 = ORIENTED_EDGE('',*,*,#7186,.T.);
#7202 = ORIENTED_EDGE('',*,*,#6853,.F.);
#7203 = ORIENTED_EDGE('',*,*,#7204,.F.);
#7204 = EDGE_CURVE('',#6087,#6846,#7205,.T.);
#7205 = LINE('',#7206,#7207);
#7206 = CARTESIAN_POINT('',(8.,-6.2,6.1));
#7207 = VECTOR('',#7208,1.);
#7208 = DIRECTION('',(-1.359631073447E-32,-1.110223024625E-16,-1.));
#7209 = PLANE('',#7210);
#7210 = AXIS2_PLACEMENT_3D('',#7211,#7212,#7213);
#7211 = CARTESIAN_POINT('',(8.,-3.7,6.1));
#7212 = DIRECTION('',(-1.,1.224646799147E-16,0.));
#7213 = DIRECTION('',(-1.224646799147E-16,-1.,1.110223024625E-16));
#7214 = ADVANCED_FACE('',(#7215),#7226,.T.);
#7215 = FACE_BOUND('',#7216,.T.);
#7216 = EDGE_LOOP('',(#7217,#7218,#7219,#7220));
#7217 = ORIENTED_EDGE('',*,*,#6086,.F.);
#7218 = ORIENTED_EDGE('',*,*,#7204,.T.);
#7219 = ORIENTED_EDGE('',*,*,#6845,.F.);
#7220 = ORIENTED_EDGE('',*,*,#7221,.F.);
#7221 = EDGE_CURVE('',#6079,#6838,#7222,.T.);
#7222 = LINE('',#7223,#7224);
#7223 = CARTESIAN_POINT('',(7.75,-6.45,6.1));
#7224 = VECTOR('',#7225,1.);
#7225 = DIRECTION('',(-1.359631073447E-32,-1.110223024625E-16,-1.));
#7226 = PLANE('',#7227);
#7227 = AXIS2_PLACEMENT_3D('',#7228,#7229,#7230);
#7228 = CARTESIAN_POINT('',(8.,-6.2,6.1));
#7229 = DIRECTION('',(-0.707106781187,0.707106781187,-7.850462293414E-17
    ));
#7230 = DIRECTION('',(-0.707106781187,-0.707106781187,7.850462293414E-17
    ));
#7231 = ADVANCED_FACE('',(#7232),#7243,.T.);
#7232 = FACE_BOUND('',#7233,.T.);
#7233 = EDGE_LOOP('',(#7234,#7235,#7236,#7237));
#7234 = ORIENTED_EDGE('',*,*,#6078,.F.);
#7235 = ORIENTED_EDGE('',*,*,#7221,.T.);
#7236 = ORIENTED_EDGE('',*,*,#6837,.F.);
#7237 = ORIENTED_EDGE('',*,*,#7238,.F.);
#7238 = EDGE_CURVE('',#6071,#6830,#7239,.T.);
#7239 = LINE('',#7240,#7241);
#7240 = CARTESIAN_POINT('',(8.,-6.7,6.1));
#7241 = VECTOR('',#7242,1.);
#7242 = DIRECTION('',(-1.359631073447E-32,-1.110223024625E-16,-1.));
#7243 = PLANE('',#7244);
#7244 = AXIS2_PLACEMENT_3D('',#7245,#7246,#7247);
#7245 = CARTESIAN_POINT('',(7.75,-6.45,6.1));
#7246 = DIRECTION('',(-0.707106781187,-0.707106781187,7.850462293414E-17
    ));
#7247 = DIRECTION('',(0.707106781187,-0.707106781187,7.850462293414E-17)
  );
#7248 = ADVANCED_FACE('',(#7249),#7260,.T.);
#7249 = FACE_BOUND('',#7250,.T.);
#7250 = EDGE_LOOP('',(#7251,#7252,#7253,#7254));
#7251 = ORIENTED_EDGE('',*,*,#6070,.F.);
#7252 = ORIENTED_EDGE('',*,*,#7238,.T.);
#7253 = ORIENTED_EDGE('',*,*,#6829,.F.);
#7254 = ORIENTED_EDGE('',*,*,#7255,.F.);
#7255 = EDGE_CURVE('',#6063,#6822,#7256,.T.);
#7256 = LINE('',#7257,#7258);
#7257 = CARTESIAN_POINT('',(8.,-7.6,6.1));
#7258 = VECTOR('',#7259,1.);
#7259 = DIRECTION('',(-1.359631073447E-32,-1.110223024625E-16,-1.));
#7260 = PLANE('',#7261);
#7261 = AXIS2_PLACEMENT_3D('',#7262,#7263,#7264);
#7262 = CARTESIAN_POINT('',(8.,-6.7,6.1));
#7263 = DIRECTION('',(-1.,1.224646799147E-16,0.));
#7264 = DIRECTION('',(-1.224646799147E-16,-1.,1.110223024625E-16));
#7265 = ADVANCED_FACE('',(#7266),#7272,.T.);
#7266 = FACE_BOUND('',#7267,.T.);
#7267 = EDGE_LOOP('',(#7268,#7269,#7270,#7271));
#7268 = ORIENTED_EDGE('',*,*,#6821,.F.);
#7269 = ORIENTED_EDGE('',*,*,#6537,.T.);
#7270 = ORIENTED_EDGE('',*,*,#6062,.T.);
#7271 = ORIENTED_EDGE('',*,*,#7255,.T.);
#7272 = PLANE('',#7273);
#7273 = AXIS2_PLACEMENT_3D('',#7274,#7275,#7276);
#7274 = CARTESIAN_POINT('',(3.75,-7.6,3.225));
#7275 = DIRECTION('',(-1.224646799147E-16,-1.,1.110223024625E-16));
#7276 = DIRECTION('',(-1.,1.224646799147E-16,0.));
#7277 = ADVANCED_FACE('',(#7278),#7369,.T.);
#7278 = FACE_BOUND('',#7279,.T.);
#7279 = EDGE_LOOP('',(#7280,#7281,#7289,#7298,#7306,#7314,#7322,#7330,
    #7338,#7346,#7354,#7363));
#7280 = ORIENTED_EDGE('',*,*,#6266,.F.);
#7281 = ORIENTED_EDGE('',*,*,#7282,.T.);
#7282 = EDGE_CURVE('',#6267,#7283,#7285,.T.);
#7283 = VERTEX_POINT('',#7284);
#7284 = CARTESIAN_POINT('',(-0.32,-0.37,4.07));
#7285 = LINE('',#7286,#7287);
#7286 = CARTESIAN_POINT('',(-0.32,-7.1,4.07));
#7287 = VECTOR('',#7288,1.);
#7288 = DIRECTION('',(1.224646799147E-16,1.,0.));
#7289 = ORIENTED_EDGE('',*,*,#7290,.T.);
#7290 = EDGE_CURVE('',#7283,#7291,#7293,.T.);
#7291 = VERTEX_POINT('',#7292);
#7292 = CARTESIAN_POINT('',(-0.32,0.32,3.38));
#7293 = CIRCLE('',#7294,0.69);
#7294 = AXIS2_PLACEMENT_3D('',#7295,#7296,#7297);
#7295 = CARTESIAN_POINT('',(-0.32,-0.37,3.38));
#7296 = DIRECTION('',(-1.,1.224646799147E-16,0.));
#7297 = DIRECTION('',(0.,0.,1.));
#7298 = ORIENTED_EDGE('',*,*,#7299,.T.);
#7299 = EDGE_CURVE('',#7291,#7300,#7302,.T.);
#7300 = VERTEX_POINT('',#7301);
#7301 = CARTESIAN_POINT('',(-0.32,0.32,-0.9));
#7302 = LINE('',#7303,#7304);
#7303 = CARTESIAN_POINT('',(-0.32,0.32,4.07));
#7304 = VECTOR('',#7305,1.);
#7305 = DIRECTION('',(-0.,0.,-1.));
#7306 = ORIENTED_EDGE('',*,*,#7307,.T.);
#7307 = EDGE_CURVE('',#7300,#7308,#7310,.T.);
#7308 = VERTEX_POINT('',#7309);
#7309 = CARTESIAN_POINT('',(-0.32,2.E-02,-1.5));
#7310 = LINE('',#7311,#7312);
#7311 = CARTESIAN_POINT('',(-0.32,0.32,-0.9));
#7312 = VECTOR('',#7313,1.);
#7313 = DIRECTION('',(-5.476786982641E-17,-0.4472135955,-0.894427191));
#7314 = ORIENTED_EDGE('',*,*,#7315,.T.);
#7315 = EDGE_CURVE('',#7308,#7316,#7318,.T.);
#7316 = VERTEX_POINT('',#7317);
#7317 = CARTESIAN_POINT('',(-0.32,0.288421052632,-3.2));
#7318 = LINE('',#7319,#7320);
#7319 = CARTESIAN_POINT('',(-0.32,2.E-02,-1.5));
#7320 = VECTOR('',#7321,1.);
#7321 = DIRECTION('',(1.909990663905E-17,0.155962573473,-0.987762965329)
  );
#7322 = ORIENTED_EDGE('',*,*,#7323,.T.);
#7323 = EDGE_CURVE('',#7316,#7324,#7326,.T.);
#7324 = VERTEX_POINT('',#7325);
#7325 = CARTESIAN_POINT('',(-0.32,-0.351578947368,-3.2));
#7326 = LINE('',#7327,#7328);
#7327 = CARTESIAN_POINT('',(-0.32,0.32,-3.2));
#7328 = VECTOR('',#7329,1.);
#7329 = DIRECTION('',(-1.224646799147E-16,-1.,0.));
#7330 = ORIENTED_EDGE('',*,*,#7331,.T.);
#7331 = EDGE_CURVE('',#7324,#7332,#7334,.T.);
#7332 = VERTEX_POINT('',#7333);
#7333 = CARTESIAN_POINT('',(-0.32,-0.62,-1.5));
#7334 = LINE('',#7335,#7336);
#7335 = CARTESIAN_POINT('',(-0.32,-0.32,-3.4));
#7336 = VECTOR('',#7337,1.);
#7337 = DIRECTION('',(-1.909990663905E-17,-0.155962573473,0.987762965329
    ));
#7338 = ORIENTED_EDGE('',*,*,#7339,.T.);
#7339 = EDGE_CURVE('',#7332,#7340,#7342,.T.);
#7340 = VERTEX_POINT('',#7341);
#7341 = CARTESIAN_POINT('',(-0.32,-0.32,-0.9));
#7342 = LINE('',#7343,#7344);
#7343 = CARTESIAN_POINT('',(-0.32,-0.62,-1.5));
#7344 = VECTOR('',#7345,1.);
#7345 = DIRECTION('',(5.476786982641E-17,0.4472135955,0.894427191));
#7346 = ORIENTED_EDGE('',*,*,#7347,.T.);
#7347 = EDGE_CURVE('',#7340,#7348,#7350,.T.);
#7348 = VERTEX_POINT('',#7349);
#7349 = CARTESIAN_POINT('',(-0.32,-0.32,3.38));
#7350 = LINE('',#7351,#7352);
#7351 = CARTESIAN_POINT('',(-0.32,-0.32,-0.9));
#7352 = VECTOR('',#7353,1.);
#7353 = DIRECTION('',(0.,0.,1.));
#7354 = ORIENTED_EDGE('',*,*,#7355,.F.);
#7355 = EDGE_CURVE('',#7356,#7348,#7358,.T.);
#7356 = VERTEX_POINT('',#7357);
#7357 = CARTESIAN_POINT('',(-0.32,-0.37,3.43));
#7358 = CIRCLE('',#7359,5.E-02);
#7359 = AXIS2_PLACEMENT_3D('',#7360,#7361,#7362);
#7360 = CARTESIAN_POINT('',(-0.32,-0.37,3.38));
#7361 = DIRECTION('',(-1.,1.224646799147E-16,0.));
#7362 = DIRECTION('',(0.,0.,1.));
#7363 = ORIENTED_EDGE('',*,*,#7364,.T.);
#7364 = EDGE_CURVE('',#7356,#6269,#7365,.T.);
#7365 = LINE('',#7366,#7367);
#7366 = CARTESIAN_POINT('',(-0.32,-0.32,3.43));
#7367 = VECTOR('',#7368,1.);
#7368 = DIRECTION('',(-1.224646799147E-16,-1.,0.));
#7369 = PLANE('',#7370);
#7370 = AXIS2_PLACEMENT_3D('',#7371,#7372,#7373);
#7371 = CARTESIAN_POINT('',(-0.32,-1.8494320772,1.868561531914));
#7372 = DIRECTION('',(-1.,1.224646799147E-16,0.));
#7373 = DIRECTION('',(0.,0.,1.));
#7374 = ADVANCED_FACE('',(#7375),#7393,.F.);
#7375 = FACE_BOUND('',#7376,.F.);
#7376 = EDGE_LOOP('',(#7377,#7385,#7391,#7392));
#7377 = ORIENTED_EDGE('',*,*,#7378,.F.);
#7378 = EDGE_CURVE('',#7379,#6285,#7381,.T.);
#7379 = VERTEX_POINT('',#7380);
#7380 = CARTESIAN_POINT('',(0.32,-0.37,3.43));
#7381 = LINE('',#7382,#7383);
#7382 = CARTESIAN_POINT('',(0.32,-0.32,3.43));
#7383 = VECTOR('',#7384,1.);
#7384 = DIRECTION('',(-1.224646799147E-16,-1.,0.));
#7385 = ORIENTED_EDGE('',*,*,#7386,.T.);
#7386 = EDGE_CURVE('',#7379,#7356,#7387,.T.);
#7387 = LINE('',#7388,#7389);
#7388 = CARTESIAN_POINT('',(0.32,-0.37,3.43));
#7389 = VECTOR('',#7390,1.);
#7390 = DIRECTION('',(-1.,1.224646799147E-16,0.));
#7391 = ORIENTED_EDGE('',*,*,#7364,.T.);
#7392 = ORIENTED_EDGE('',*,*,#6292,.F.);
#7393 = PLANE('',#7394);
#7394 = AXIS2_PLACEMENT_3D('',#7395,#7396,#7397);
#7395 = CARTESIAN_POINT('',(0.32,-0.32,3.43));
#7396 = DIRECTION('',(0.,0.,1.));
#7397 = DIRECTION('',(-1.224646799147E-16,-1.,0.));
#7398 = ADVANCED_FACE('',(#7399),#7483,.F.);
#7399 = FACE_BOUND('',#7400,.F.);
#7400 = EDGE_LOOP('',(#7401,#7402,#7410,#7419,#7427,#7435,#7443,#7451,
    #7459,#7467,#7475,#7482));
#7401 = ORIENTED_EDGE('',*,*,#6284,.F.);
#7402 = ORIENTED_EDGE('',*,*,#7403,.T.);
#7403 = EDGE_CURVE('',#6277,#7404,#7406,.T.);
#7404 = VERTEX_POINT('',#7405);
#7405 = CARTESIAN_POINT('',(0.32,-0.37,4.07));
#7406 = LINE('',#7407,#7408);
#7407 = CARTESIAN_POINT('',(0.32,-7.1,4.07));
#7408 = VECTOR('',#7409,1.);
#7409 = DIRECTION('',(1.224646799147E-16,1.,0.));
#7410 = ORIENTED_EDGE('',*,*,#7411,.T.);
#7411 = EDGE_CURVE('',#7404,#7412,#7414,.T.);
#7412 = VERTEX_POINT('',#7413);
#7413 = CARTESIAN_POINT('',(0.32,0.32,3.38));
#7414 = CIRCLE('',#7415,0.69);
#7415 = AXIS2_PLACEMENT_3D('',#7416,#7417,#7418);
#7416 = CARTESIAN_POINT('',(0.32,-0.37,3.38));
#7417 = DIRECTION('',(-1.,1.224646799147E-16,0.));
#7418 = DIRECTION('',(0.,0.,1.));
#7419 = ORIENTED_EDGE('',*,*,#7420,.T.);
#7420 = EDGE_CURVE('',#7412,#7421,#7423,.T.);
#7421 = VERTEX_POINT('',#7422);
#7422 = CARTESIAN_POINT('',(0.32,0.32,-0.9));
#7423 = LINE('',#7424,#7425);
#7424 = CARTESIAN_POINT('',(0.32,0.32,4.07));
#7425 = VECTOR('',#7426,1.);
#7426 = DIRECTION('',(-0.,0.,-1.));
#7427 = ORIENTED_EDGE('',*,*,#7428,.T.);
#7428 = EDGE_CURVE('',#7421,#7429,#7431,.T.);
#7429 = VERTEX_POINT('',#7430);
#7430 = CARTESIAN_POINT('',(0.32,2.E-02,-1.5));
#7431 = LINE('',#7432,#7433);
#7432 = CARTESIAN_POINT('',(0.32,0.32,-0.9));
#7433 = VECTOR('',#7434,1.);
#7434 = DIRECTION('',(-5.476786982641E-17,-0.4472135955,-0.894427191));
#7435 = ORIENTED_EDGE('',*,*,#7436,.T.);
#7436 = EDGE_CURVE('',#7429,#7437,#7439,.T.);
#7437 = VERTEX_POINT('',#7438);
#7438 = CARTESIAN_POINT('',(0.32,0.288421052632,-3.2));
#7439 = LINE('',#7440,#7441);
#7440 = CARTESIAN_POINT('',(0.32,2.E-02,-1.5));
#7441 = VECTOR('',#7442,1.);
#7442 = DIRECTION('',(1.909990663905E-17,0.155962573473,-0.987762965329)
  );
#7443 = ORIENTED_EDGE('',*,*,#7444,.T.);
#7444 = EDGE_CURVE('',#7437,#7445,#7447,.T.);
#7445 = VERTEX_POINT('',#7446);
#7446 = CARTESIAN_POINT('',(0.32,-0.351578947368,-3.2));
#7447 = LINE('',#7448,#7449);
#7448 = CARTESIAN_POINT('',(0.32,0.32,-3.2));
#7449 = VECTOR('',#7450,1.);
#7450 = DIRECTION('',(-1.224646799147E-16,-1.,0.));
#7451 = ORIENTED_EDGE('',*,*,#7452,.T.);
#7452 = EDGE_CURVE('',#7445,#7453,#7455,.T.);
#7453 = VERTEX_POINT('',#7454);
#7454 = CARTESIAN_POINT('',(0.32,-0.62,-1.5));
#7455 = LINE('',#7456,#7457);
#7456 = CARTESIAN_POINT('',(0.32,-0.32,-3.4));
#7457 = VECTOR('',#7458,1.);
#7458 = DIRECTION('',(-1.909990663905E-17,-0.155962573473,0.987762965329
    ));
#7459 = ORIENTED_EDGE('',*,*,#7460,.T.);
#7460 = EDGE_CURVE('',#7453,#7461,#7463,.T.);
#7461 = VERTEX_POINT('',#7462);
#7462 = CARTESIAN_POINT('',(0.32,-0.32,-0.9));
#7463 = LINE('',#7464,#7465);
#7464 = CARTESIAN_POINT('',(0.32,-0.62,-1.5));
#7465 = VECTOR('',#7466,1.);
#7466 = DIRECTION('',(5.476786982641E-17,0.4472135955,0.894427191));
#7467 = ORIENTED_EDGE('',*,*,#7468,.T.);
#7468 = EDGE_CURVE('',#7461,#7469,#7471,.T.);
#7469 = VERTEX_POINT('',#7470);
#7470 = CARTESIAN_POINT('',(0.32,-0.32,3.38));
#7471 = LINE('',#7472,#7473);
#7472 = CARTESIAN_POINT('',(0.32,-0.32,-0.9));
#7473 = VECTOR('',#7474,1.);
#7474 = DIRECTION('',(0.,0.,1.));
#7475 = ORIENTED_EDGE('',*,*,#7476,.F.);
#7476 = EDGE_CURVE('',#7379,#7469,#7477,.T.);
#7477 = CIRCLE('',#7478,5.E-02);
#7478 = AXIS2_PLACEMENT_3D('',#7479,#7480,#7481);
#7479 = CARTESIAN_POINT('',(0.32,-0.37,3.38));
#7480 = DIRECTION('',(-1.,1.224646799147E-16,0.));
#7481 = DIRECTION('',(0.,0.,1.));
#7482 = ORIENTED_EDGE('',*,*,#7378,.T.);
#7483 = PLANE('',#7484);
#7484 = AXIS2_PLACEMENT_3D('',#7485,#7486,#7487);
#7485 = CARTESIAN_POINT('',(0.32,-1.8494320772,1.868561531914));
#7486 = DIRECTION('',(-1.,1.224646799147E-16,0.));
#7487 = DIRECTION('',(0.,0.,1.));
#7488 = ADVANCED_FACE('',(#7489),#7500,.F.);
#7489 = FACE_BOUND('',#7490,.F.);
#7490 = EDGE_LOOP('',(#7491,#7492,#7493,#7494));
#7491 = ORIENTED_EDGE('',*,*,#7403,.F.);
#7492 = ORIENTED_EDGE('',*,*,#6276,.F.);
#7493 = ORIENTED_EDGE('',*,*,#7282,.T.);
#7494 = ORIENTED_EDGE('',*,*,#7495,.F.);
#7495 = EDGE_CURVE('',#7404,#7283,#7496,.T.);
#7496 = LINE('',#7497,#7498);
#7497 = CARTESIAN_POINT('',(0.32,-0.37,4.07));
#7498 = VECTOR('',#7499,1.);
#7499 = DIRECTION('',(-1.,1.224646799147E-16,0.));
#7500 = PLANE('',#7501);
#7501 = AXIS2_PLACEMENT_3D('',#7502,#7503,#7504);
#7502 = CARTESIAN_POINT('',(0.32,-7.1,4.07));
#7503 = DIRECTION('',(-0.,0.,-1.));
#7504 = DIRECTION('',(1.224646799147E-16,1.,0.));
#7505 = ADVANCED_FACE('',(#7506),#7531,.F.);
#7506 = FACE_BOUND('',#7507,.F.);
#7507 = EDGE_LOOP('',(#7508,#7516,#7517,#7525));
#7508 = ORIENTED_EDGE('',*,*,#7509,.F.);
#7509 = EDGE_CURVE('',#6332,#7510,#7512,.T.);
#7510 = VERTEX_POINT('',#7511);
#7511 = CARTESIAN_POINT('',(2.82,-0.37,4.07));
#7512 = LINE('',#7513,#7514);
#7513 = CARTESIAN_POINT('',(2.82,-7.1,4.07));
#7514 = VECTOR('',#7515,1.);
#7515 = DIRECTION('',(1.224646799147E-16,1.,0.));
#7516 = ORIENTED_EDGE('',*,*,#6329,.F.);
#7517 = ORIENTED_EDGE('',*,*,#7518,.T.);
#7518 = EDGE_CURVE('',#6330,#7519,#7521,.T.);
#7519 = VERTEX_POINT('',#7520);
#7520 = CARTESIAN_POINT('',(2.18,-0.37,4.07));
#7521 = LINE('',#7522,#7523);
#7522 = CARTESIAN_POINT('',(2.18,-7.1,4.07));
#7523 = VECTOR('',#7524,1.);
#7524 = DIRECTION('',(1.224646799147E-16,1.,0.));
#7525 = ORIENTED_EDGE('',*,*,#7526,.F.);
#7526 = EDGE_CURVE('',#7510,#7519,#7527,.T.);
#7527 = LINE('',#7528,#7529);
#7528 = CARTESIAN_POINT('',(2.82,-0.37,4.07));
#7529 = VECTOR('',#7530,1.);
#7530 = DIRECTION('',(-1.,1.224646799147E-16,0.));
#7531 = PLANE('',#7532);
#7532 = AXIS2_PLACEMENT_3D('',#7533,#7534,#7535);
#7533 = CARTESIAN_POINT('',(2.82,-7.1,4.07));
#7534 = DIRECTION('',(-0.,0.,-1.));
#7535 = DIRECTION('',(1.224646799147E-16,1.,0.));
#7536 = ADVANCED_FACE('',(#7537),#7589,.T.);
#7537 = FACE_BOUND('',#7538,.T.);
#7538 = EDGE_LOOP('',(#7539,#7540,#7541,#7550,#7558,#7566,#7574,#7583));
#7539 = ORIENTED_EDGE('',*,*,#6355,.F.);
#7540 = ORIENTED_EDGE('',*,*,#7518,.T.);
#7541 = ORIENTED_EDGE('',*,*,#7542,.T.);
#7542 = EDGE_CURVE('',#7519,#7543,#7545,.T.);
#7543 = VERTEX_POINT('',#7544);
#7544 = CARTESIAN_POINT('',(2.18,0.32,3.38));
#7545 = CIRCLE('',#7546,0.69);
#7546 = AXIS2_PLACEMENT_3D('',#7547,#7548,#7549);
#7547 = CARTESIAN_POINT('',(2.18,-0.37,3.38));
#7548 = DIRECTION('',(-1.,1.224646799147E-16,0.));
#7549 = DIRECTION('',(0.,0.,1.));
#7550 = ORIENTED_EDGE('',*,*,#7551,.T.);
#7551 = EDGE_CURVE('',#7543,#7552,#7554,.T.);
#7552 = VERTEX_POINT('',#7553);
#7553 = CARTESIAN_POINT('',(2.18,0.32,-3.2));
#7554 = LINE('',#7555,#7556);
#7555 = CARTESIAN_POINT('',(2.18,0.32,4.07));
#7556 = VECTOR('',#7557,1.);
#7557 = DIRECTION('',(-4.550304797346E-33,-3.715605838772E-17,-1.));
#7558 = ORIENTED_EDGE('',*,*,#7559,.T.);
#7559 = EDGE_CURVE('',#7552,#7560,#7562,.T.);
#7560 = VERTEX_POINT('',#7561);
#7561 = CARTESIAN_POINT('',(2.18,-0.32,-3.2));
#7562 = LINE('',#7563,#7564);
#7563 = CARTESIAN_POINT('',(2.18,0.32,-3.2));
#7564 = VECTOR('',#7565,1.);
#7565 = DIRECTION('',(-1.224646799147E-16,-1.,0.));
#7566 = ORIENTED_EDGE('',*,*,#7567,.T.);
#7567 = EDGE_CURVE('',#7560,#7568,#7570,.T.);
#7568 = VERTEX_POINT('',#7569);
#7569 = CARTESIAN_POINT('',(2.18,-0.32,3.38));
#7570 = LINE('',#7571,#7572);
#7571 = CARTESIAN_POINT('',(2.18,-0.32,-3.4));
#7572 = VECTOR('',#7573,1.);
#7573 = DIRECTION('',(0.,0.,1.));
#7574 = ORIENTED_EDGE('',*,*,#7575,.F.);
#7575 = EDGE_CURVE('',#7576,#7568,#7578,.T.);
#7576 = VERTEX_POINT('',#7577);
#7577 = CARTESIAN_POINT('',(2.18,-0.37,3.43));
#7578 = CIRCLE('',#7579,5.E-02);
#7579 = AXIS2_PLACEMENT_3D('',#7580,#7581,#7582);
#7580 = CARTESIAN_POINT('',(2.18,-0.37,3.38));
#7581 = DIRECTION('',(-1.,1.224646799147E-16,0.));
#7582 = DIRECTION('',(0.,0.,1.));
#7583 = ORIENTED_EDGE('',*,*,#7584,.T.);
#7584 = EDGE_CURVE('',#7576,#6348,#7585,.T.);
#7585 = LINE('',#7586,#7587);
#7586 = CARTESIAN_POINT('',(2.18,-0.32,3.43));
#7587 = VECTOR('',#7588,1.);
#7588 = DIRECTION('',(-1.224646799147E-16,-1.,0.));
#7589 = PLANE('',#7590);
#7590 = AXIS2_PLACEMENT_3D('',#7591,#7592,#7593);
#7591 = CARTESIAN_POINT('',(2.18,-1.835016789792,1.889983210208));
#7592 = DIRECTION('',(-1.,1.224646799147E-16,0.));
#7593 = DIRECTION('',(0.,0.,1.));
#7594 = ADVANCED_FACE('',(#7595),#7613,.F.);
#7595 = FACE_BOUND('',#7596,.F.);
#7596 = EDGE_LOOP('',(#7597,#7605,#7611,#7612));
#7597 = ORIENTED_EDGE('',*,*,#7598,.F.);
#7598 = EDGE_CURVE('',#7599,#6340,#7601,.T.);
#7599 = VERTEX_POINT('',#7600);
#7600 = CARTESIAN_POINT('',(2.82,-0.37,3.43));
#7601 = LINE('',#7602,#7603);
#7602 = CARTESIAN_POINT('',(2.82,-0.32,3.43));
#7603 = VECTOR('',#7604,1.);
#7604 = DIRECTION('',(-1.224646799147E-16,-1.,0.));
#7605 = ORIENTED_EDGE('',*,*,#7606,.T.);
#7606 = EDGE_CURVE('',#7599,#7576,#7607,.T.);
#7607 = LINE('',#7608,#7609);
#7608 = CARTESIAN_POINT('',(2.82,-0.37,3.43));
#7609 = VECTOR('',#7610,1.);
#7610 = DIRECTION('',(-1.,1.224646799147E-16,0.));
#7611 = ORIENTED_EDGE('',*,*,#7584,.T.);
#7612 = ORIENTED_EDGE('',*,*,#6347,.F.);
#7613 = PLANE('',#7614);
#7614 = AXIS2_PLACEMENT_3D('',#7615,#7616,#7617);
#7615 = CARTESIAN_POINT('',(2.82,-0.32,3.43));
#7616 = DIRECTION('',(0.,0.,1.));
#7617 = DIRECTION('',(-1.224646799147E-16,-1.,0.));
#7618 = ADVANCED_FACE('',(#7619),#7664,.F.);
#7619 = FACE_BOUND('',#7620,.F.);
#7620 = EDGE_LOOP('',(#7621,#7622,#7623,#7632,#7640,#7648,#7656,#7663));
#7621 = ORIENTED_EDGE('',*,*,#6339,.F.);
#7622 = ORIENTED_EDGE('',*,*,#7509,.T.);
#7623 = ORIENTED_EDGE('',*,*,#7624,.T.);
#7624 = EDGE_CURVE('',#7510,#7625,#7627,.T.);
#7625 = VERTEX_POINT('',#7626);
#7626 = CARTESIAN_POINT('',(2.82,0.32,3.38));
#7627 = CIRCLE('',#7628,0.69);
#7628 = AXIS2_PLACEMENT_3D('',#7629,#7630,#7631);
#7629 = CARTESIAN_POINT('',(2.82,-0.37,3.38));
#7630 = DIRECTION('',(-1.,1.224646799147E-16,0.));
#7631 = DIRECTION('',(0.,0.,1.));
#7632 = ORIENTED_EDGE('',*,*,#7633,.T.);
#7633 = EDGE_CURVE('',#7625,#7634,#7636,.T.);
#7634 = VERTEX_POINT('',#7635);
#7635 = CARTESIAN_POINT('',(2.82,0.32,-3.2));
#7636 = LINE('',#7637,#7638);
#7637 = CARTESIAN_POINT('',(2.82,0.32,4.07));
#7638 = VECTOR('',#7639,1.);
#7639 = DIRECTION('',(-4.550304797346E-33,-3.715605838772E-17,-1.));
#7640 = ORIENTED_EDGE('',*,*,#7641,.T.);
#7641 = EDGE_CURVE('',#7634,#7642,#7644,.T.);
#7642 = VERTEX_POINT('',#7643);
#7643 = CARTESIAN_POINT('',(2.82,-0.32,-3.2));
#7644 = LINE('',#7645,#7646);
#7645 = CARTESIAN_POINT('',(2.82,0.32,-3.2));
#7646 = VECTOR('',#7647,1.);
#7647 = DIRECTION('',(-1.224646799147E-16,-1.,0.));
#7648 = ORIENTED_EDGE('',*,*,#7649,.T.);
#7649 = EDGE_CURVE('',#7642,#7650,#7652,.T.);
#7650 = VERTEX_POINT('',#7651);
#7651 = CARTESIAN_POINT('',(2.82,-0.32,3.38));
#7652 = LINE('',#7653,#7654);
#7653 = CARTESIAN_POINT('',(2.82,-0.32,-3.4));
#7654 = VECTOR('',#7655,1.);
#7655 = DIRECTION('',(0.,0.,1.));
#7656 = ORIENTED_EDGE('',*,*,#7657,.F.);
#7657 = EDGE_CURVE('',#7599,#7650,#7658,.T.);
#7658 = CIRCLE('',#7659,5.E-02);
#7659 = AXIS2_PLACEMENT_3D('',#7660,#7661,#7662);
#7660 = CARTESIAN_POINT('',(2.82,-0.37,3.38));
#7661 = DIRECTION('',(-1.,1.224646799147E-16,0.));
#7662 = DIRECTION('',(0.,0.,1.));
#7663 = ORIENTED_EDGE('',*,*,#7598,.T.);
#7664 = PLANE('',#7665);
#7665 = AXIS2_PLACEMENT_3D('',#7666,#7667,#7668);
#7666 = CARTESIAN_POINT('',(2.82,-1.835016789792,1.889983210208));
#7667 = DIRECTION('',(-1.,1.224646799147E-16,0.));
#7668 = DIRECTION('',(0.,0.,1.));
#7669 = ADVANCED_FACE('',(#7670),#7695,.F.);
#7670 = FACE_BOUND('',#7671,.F.);
#7671 = EDGE_LOOP('',(#7672,#7680,#7681,#7689));
#7672 = ORIENTED_EDGE('',*,*,#7673,.F.);
#7673 = EDGE_CURVE('',#6395,#7674,#7676,.T.);
#7674 = VERTEX_POINT('',#7675);
#7675 = CARTESIAN_POINT('',(5.32,-0.37,4.07));
#7676 = LINE('',#7677,#7678);
#7677 = CARTESIAN_POINT('',(5.32,-7.1,4.07));
#7678 = VECTOR('',#7679,1.);
#7679 = DIRECTION('',(1.224646799147E-16,1.,0.));
#7680 = ORIENTED_EDGE('',*,*,#6392,.F.);
#7681 = ORIENTED_EDGE('',*,*,#7682,.T.);
#7682 = EDGE_CURVE('',#6393,#7683,#7685,.T.);
#7683 = VERTEX_POINT('',#7684);
#7684 = CARTESIAN_POINT('',(4.68,-0.37,4.07));
#7685 = LINE('',#7686,#7687);
#7686 = CARTESIAN_POINT('',(4.68,-7.1,4.07));
#7687 = VECTOR('',#7688,1.);
#7688 = DIRECTION('',(1.224646799147E-16,1.,0.));
#7689 = ORIENTED_EDGE('',*,*,#7690,.F.);
#7690 = EDGE_CURVE('',#7674,#7683,#7691,.T.);
#7691 = LINE('',#7692,#7693);
#7692 = CARTESIAN_POINT('',(5.32,-0.37,4.07));
#7693 = VECTOR('',#7694,1.);
#7694 = DIRECTION('',(-1.,1.224646799147E-16,0.));
#7695 = PLANE('',#7696);
#7696 = AXIS2_PLACEMENT_3D('',#7697,#7698,#7699);
#7697 = CARTESIAN_POINT('',(5.32,-7.1,4.07));
#7698 = DIRECTION('',(-0.,0.,-1.));
#7699 = DIRECTION('',(1.224646799147E-16,1.,0.));
#7700 = ADVANCED_FACE('',(#7701),#7753,.T.);
#7701 = FACE_BOUND('',#7702,.T.);
#7702 = EDGE_LOOP('',(#7703,#7704,#7705,#7714,#7722,#7730,#7738,#7747));
#7703 = ORIENTED_EDGE('',*,*,#6418,.F.);
#7704 = ORIENTED_EDGE('',*,*,#7682,.T.);
#7705 = ORIENTED_EDGE('',*,*,#7706,.T.);
#7706 = EDGE_CURVE('',#7683,#7707,#7709,.T.);
#7707 = VERTEX_POINT('',#7708);
#7708 = CARTESIAN_POINT('',(4.68,0.32,3.38));
#7709 = CIRCLE('',#7710,0.69);
#7710 = AXIS2_PLACEMENT_3D('',#7711,#7712,#7713);
#7711 = CARTESIAN_POINT('',(4.68,-0.37,3.38));
#7712 = DIRECTION('',(-1.,1.224646799147E-16,0.));
#7713 = DIRECTION('',(0.,0.,1.));
#7714 = ORIENTED_EDGE('',*,*,#7715,.T.);
#7715 = EDGE_CURVE('',#7707,#7716,#7718,.T.);
#7716 = VERTEX_POINT('',#7717);
#7717 = CARTESIAN_POINT('',(4.68,0.32,-3.2));
#7718 = LINE('',#7719,#7720);
#7719 = CARTESIAN_POINT('',(4.68,0.32,4.07));
#7720 = VECTOR('',#7721,1.);
#7721 = DIRECTION('',(-4.550304797346E-33,-3.715605838772E-17,-1.));
#7722 = ORIENTED_EDGE('',*,*,#7723,.T.);
#7723 = EDGE_CURVE('',#7716,#7724,#7726,.T.);
#7724 = VERTEX_POINT('',#7725);
#7725 = CARTESIAN_POINT('',(4.68,-0.32,-3.2));
#7726 = LINE('',#7727,#7728);
#7727 = CARTESIAN_POINT('',(4.68,0.32,-3.2));
#7728 = VECTOR('',#7729,1.);
#7729 = DIRECTION('',(-1.224646799147E-16,-1.,0.));
#7730 = ORIENTED_EDGE('',*,*,#7731,.T.);
#7731 = EDGE_CURVE('',#7724,#7732,#7734,.T.);
#7732 = VERTEX_POINT('',#7733);
#7733 = CARTESIAN_POINT('',(4.68,-0.32,3.38));
#7734 = LINE('',#7735,#7736);
#7735 = CARTESIAN_POINT('',(4.68,-0.32,-3.4));
#7736 = VECTOR('',#7737,1.);
#7737 = DIRECTION('',(0.,0.,1.));
#7738 = ORIENTED_EDGE('',*,*,#7739,.F.);
#7739 = EDGE_CURVE('',#7740,#7732,#7742,.T.);
#7740 = VERTEX_POINT('',#7741);
#7741 = CARTESIAN_POINT('',(4.68,-0.37,3.43));
#7742 = CIRCLE('',#7743,5.E-02);
#7743 = AXIS2_PLACEMENT_3D('',#7744,#7745,#7746);
#7744 = CARTESIAN_POINT('',(4.68,-0.37,3.38));
#7745 = DIRECTION('',(-1.,1.224646799147E-16,0.));
#7746 = DIRECTION('',(0.,0.,1.));
#7747 = ORIENTED_EDGE('',*,*,#7748,.T.);
#7748 = EDGE_CURVE('',#7740,#6411,#7749,.T.);
#7749 = LINE('',#7750,#7751);
#7750 = CARTESIAN_POINT('',(4.68,-0.32,3.43));
#7751 = VECTOR('',#7752,1.);
#7752 = DIRECTION('',(-1.224646799147E-16,-1.,0.));
#7753 = PLANE('',#7754);
#7754 = AXIS2_PLACEMENT_3D('',#7755,#7756,#7757);
#7755 = CARTESIAN_POINT('',(4.68,-1.835016789792,1.889983210208));
#7756 = DIRECTION('',(-1.,1.224646799147E-16,0.));
#7757 = DIRECTION('',(0.,0.,1.));
#7758 = ADVANCED_FACE('',(#7759),#7777,.F.);
#7759 = FACE_BOUND('',#7760,.F.);
#7760 = EDGE_LOOP('',(#7761,#7769,#7775,#7776));
#7761 = ORIENTED_EDGE('',*,*,#7762,.F.);
#7762 = EDGE_CURVE('',#7763,#6403,#7765,.T.);
#7763 = VERTEX_POINT('',#7764);
#7764 = CARTESIAN_POINT('',(5.32,-0.37,3.43));
#7765 = LINE('',#7766,#7767);
#7766 = CARTESIAN_POINT('',(5.32,-0.32,3.43));
#7767 = VECTOR('',#7768,1.);
#7768 = DIRECTION('',(-1.224646799147E-16,-1.,0.));
#7769 = ORIENTED_EDGE('',*,*,#7770,.T.);
#7770 = EDGE_CURVE('',#7763,#7740,#7771,.T.);
#7771 = LINE('',#7772,#7773);
#7772 = CARTESIAN_POINT('',(5.32,-0.37,3.43));
#7773 = VECTOR('',#7774,1.);
#7774 = DIRECTION('',(-1.,1.224646799147E-16,0.));
#7775 = ORIENTED_EDGE('',*,*,#7748,.T.);
#7776 = ORIENTED_EDGE('',*,*,#6410,.F.);
#7777 = PLANE('',#7778);
#7778 = AXIS2_PLACEMENT_3D('',#7779,#7780,#7781);
#7779 = CARTESIAN_POINT('',(5.32,-0.32,3.43));
#7780 = DIRECTION('',(0.,0.,1.));
#7781 = DIRECTION('',(-1.224646799147E-16,-1.,0.));
#7782 = ADVANCED_FACE('',(#7783),#7828,.F.);
#7783 = FACE_BOUND('',#7784,.F.);
#7784 = EDGE_LOOP('',(#7785,#7786,#7787,#7796,#7804,#7812,#7820,#7827));
#7785 = ORIENTED_EDGE('',*,*,#6402,.F.);
#7786 = ORIENTED_EDGE('',*,*,#7673,.T.);
#7787 = ORIENTED_EDGE('',*,*,#7788,.T.);
#7788 = EDGE_CURVE('',#7674,#7789,#7791,.T.);
#7789 = VERTEX_POINT('',#7790);
#7790 = CARTESIAN_POINT('',(5.32,0.32,3.38));
#7791 = CIRCLE('',#7792,0.69);
#7792 = AXIS2_PLACEMENT_3D('',#7793,#7794,#7795);
#7793 = CARTESIAN_POINT('',(5.32,-0.37,3.38));
#7794 = DIRECTION('',(-1.,1.224646799147E-16,0.));
#7795 = DIRECTION('',(0.,0.,1.));
#7796 = ORIENTED_EDGE('',*,*,#7797,.T.);
#7797 = EDGE_CURVE('',#7789,#7798,#7800,.T.);
#7798 = VERTEX_POINT('',#7799);
#7799 = CARTESIAN_POINT('',(5.32,0.32,-3.2));
#7800 = LINE('',#7801,#7802);
#7801 = CARTESIAN_POINT('',(5.32,0.32,4.07));
#7802 = VECTOR('',#7803,1.);
#7803 = DIRECTION('',(-4.550304797346E-33,-3.715605838772E-17,-1.));
#7804 = ORIENTED_EDGE('',*,*,#7805,.T.);
#7805 = EDGE_CURVE('',#7798,#7806,#7808,.T.);
#7806 = VERTEX_POINT('',#7807);
#7807 = CARTESIAN_POINT('',(5.32,-0.32,-3.2));
#7808 = LINE('',#7809,#7810);
#7809 = CARTESIAN_POINT('',(5.32,0.32,-3.2));
#7810 = VECTOR('',#7811,1.);
#7811 = DIRECTION('',(-1.224646799147E-16,-1.,0.));
#7812 = ORIENTED_EDGE('',*,*,#7813,.T.);
#7813 = EDGE_CURVE('',#7806,#7814,#7816,.T.);
#7814 = VERTEX_POINT('',#7815);
#7815 = CARTESIAN_POINT('',(5.32,-0.32,3.38));
#7816 = LINE('',#7817,#7818);
#7817 = CARTESIAN_POINT('',(5.32,-0.32,-3.4));
#7818 = VECTOR('',#7819,1.);
#7819 = DIRECTION('',(0.,0.,1.));
#7820 = ORIENTED_EDGE('',*,*,#7821,.F.);
#7821 = EDGE_CURVE('',#7763,#7814,#7822,.T.);
#7822 = CIRCLE('',#7823,5.E-02);
#7823 = AXIS2_PLACEMENT_3D('',#7824,#7825,#7826);
#7824 = CARTESIAN_POINT('',(5.32,-0.37,3.38));
#7825 = DIRECTION('',(-1.,1.224646799147E-16,0.));
#7826 = DIRECTION('',(0.,0.,1.));
#7827 = ORIENTED_EDGE('',*,*,#7762,.T.);
#7828 = PLANE('',#7829);
#7829 = AXIS2_PLACEMENT_3D('',#7830,#7831,#7832);
#7830 = CARTESIAN_POINT('',(5.32,-1.835016789792,1.889983210208));
#7831 = DIRECTION('',(-1.,1.224646799147E-16,0.));
#7832 = DIRECTION('',(0.,0.,1.));
#7833 = ADVANCED_FACE('',(#7834),#7925,.F.);
#7834 = FACE_BOUND('',#7835,.F.);
#7835 = EDGE_LOOP('',(#7836,#7837,#7845,#7854,#7862,#7870,#7878,#7886,
    #7894,#7902,#7910,#7919));
#7836 = ORIENTED_EDGE('',*,*,#6455,.F.);
#7837 = ORIENTED_EDGE('',*,*,#7838,.T.);
#7838 = EDGE_CURVE('',#6456,#7839,#7841,.T.);
#7839 = VERTEX_POINT('',#7840);
#7840 = CARTESIAN_POINT('',(7.82,-0.37,4.07));
#7841 = LINE('',#7842,#7843);
#7842 = CARTESIAN_POINT('',(7.82,-7.1,4.07));
#7843 = VECTOR('',#7844,1.);
#7844 = DIRECTION('',(1.224646799147E-16,1.,0.));
#7845 = ORIENTED_EDGE('',*,*,#7846,.T.);
#7846 = EDGE_CURVE('',#7839,#7847,#7849,.T.);
#7847 = VERTEX_POINT('',#7848);
#7848 = CARTESIAN_POINT('',(7.82,0.32,3.38));
#7849 = CIRCLE('',#7850,0.69);
#7850 = AXIS2_PLACEMENT_3D('',#7851,#7852,#7853);
#7851 = CARTESIAN_POINT('',(7.82,-0.37,3.38));
#7852 = DIRECTION('',(-1.,1.224646799147E-16,0.));
#7853 = DIRECTION('',(0.,0.,1.));
#7854 = ORIENTED_EDGE('',*,*,#7855,.T.);
#7855 = EDGE_CURVE('',#7847,#7856,#7858,.T.);
#7856 = VERTEX_POINT('',#7857);
#7857 = CARTESIAN_POINT('',(7.82,0.32,-0.9));
#7858 = LINE('',#7859,#7860);
#7859 = CARTESIAN_POINT('',(7.82,0.32,4.07));
#7860 = VECTOR('',#7861,1.);
#7861 = DIRECTION('',(-0.,0.,-1.));
#7862 = ORIENTED_EDGE('',*,*,#7863,.T.);
#7863 = EDGE_CURVE('',#7856,#7864,#7866,.T.);
#7864 = VERTEX_POINT('',#7865);
#7865 = CARTESIAN_POINT('',(7.82,2.E-02,-1.5));
#7866 = LINE('',#7867,#7868);
#7867 = CARTESIAN_POINT('',(7.82,0.32,-0.9));
#7868 = VECTOR('',#7869,1.);
#7869 = DIRECTION('',(-5.476786982641E-17,-0.4472135955,-0.894427191));
#7870 = ORIENTED_EDGE('',*,*,#7871,.T.);
#7871 = EDGE_CURVE('',#7864,#7872,#7874,.T.);
#7872 = VERTEX_POINT('',#7873);
#7873 = CARTESIAN_POINT('',(7.82,0.288421052632,-3.2));
#7874 = LINE('',#7875,#7876);
#7875 = CARTESIAN_POINT('',(7.82,2.E-02,-1.5));
#7876 = VECTOR('',#7877,1.);
#7877 = DIRECTION('',(1.909990663905E-17,0.155962573473,-0.987762965329)
  );
#7878 = ORIENTED_EDGE('',*,*,#7879,.T.);
#7879 = EDGE_CURVE('',#7872,#7880,#7882,.T.);
#7880 = VERTEX_POINT('',#7881);
#7881 = CARTESIAN_POINT('',(7.82,-0.351578947368,-3.2));
#7882 = LINE('',#7883,#7884);
#7883 = CARTESIAN_POINT('',(7.82,0.32,-3.2));
#7884 = VECTOR('',#7885,1.);
#7885 = DIRECTION('',(-1.224646799147E-16,-1.,0.));
#7886 = ORIENTED_EDGE('',*,*,#7887,.T.);
#7887 = EDGE_CURVE('',#7880,#7888,#7890,.T.);
#7888 = VERTEX_POINT('',#7889);
#7889 = CARTESIAN_POINT('',(7.82,-0.62,-1.5));
#7890 = LINE('',#7891,#7892);
#7891 = CARTESIAN_POINT('',(7.82,-0.32,-3.4));
#7892 = VECTOR('',#7893,1.);
#7893 = DIRECTION('',(-1.909990663905E-17,-0.155962573473,0.987762965329
    ));
#7894 = ORIENTED_EDGE('',*,*,#7895,.T.);
#7895 = EDGE_CURVE('',#7888,#7896,#7898,.T.);
#7896 = VERTEX_POINT('',#7897);
#7897 = CARTESIAN_POINT('',(7.82,-0.32,-0.9));
#7898 = LINE('',#7899,#7900);
#7899 = CARTESIAN_POINT('',(7.82,-0.62,-1.5));
#7900 = VECTOR('',#7901,1.);
#7901 = DIRECTION('',(5.476786982641E-17,0.4472135955,0.894427191));
#7902 = ORIENTED_EDGE('',*,*,#7903,.T.);
#7903 = EDGE_CURVE('',#7896,#7904,#7906,.T.);
#7904 = VERTEX_POINT('',#7905);
#7905 = CARTESIAN_POINT('',(7.82,-0.32,3.38));
#7906 = LINE('',#7907,#7908);
#7907 = CARTESIAN_POINT('',(7.82,-0.32,-0.9));
#7908 = VECTOR('',#7909,1.);
#7909 = DIRECTION('',(0.,0.,1.));
#7910 = ORIENTED_EDGE('',*,*,#7911,.F.);
#7911 = EDGE_CURVE('',#7912,#7904,#7914,.T.);
#7912 = VERTEX_POINT('',#7913);
#7913 = CARTESIAN_POINT('',(7.82,-0.37,3.43));
#7914 = CIRCLE('',#7915,5.E-02);
#7915 = AXIS2_PLACEMENT_3D('',#7916,#7917,#7918);
#7916 = CARTESIAN_POINT('',(7.82,-0.37,3.38));
#7917 = DIRECTION('',(-1.,1.224646799147E-16,0.));
#7918 = DIRECTION('',(0.,0.,1.));
#7919 = ORIENTED_EDGE('',*,*,#7920,.T.);
#7920 = EDGE_CURVE('',#7912,#6458,#7921,.T.);
#7921 = LINE('',#7922,#7923);
#7922 = CARTESIAN_POINT('',(7.82,-0.32,3.43));
#7923 = VECTOR('',#7924,1.);
#7924 = DIRECTION('',(-1.224646799147E-16,-1.,0.));
#7925 = PLANE('',#7926);
#7926 = AXIS2_PLACEMENT_3D('',#7927,#7928,#7929);
#7927 = CARTESIAN_POINT('',(7.82,-1.8494320772,1.868561531914));
#7928 = DIRECTION('',(-1.,1.224646799147E-16,0.));
#7929 = DIRECTION('',(0.,0.,1.));
#7930 = ADVANCED_FACE('',(#7931),#7949,.F.);
#7931 = FACE_BOUND('',#7932,.F.);
#7932 = EDGE_LOOP('',(#7933,#7934,#7935,#7943));
#7933 = ORIENTED_EDGE('',*,*,#7838,.F.);
#7934 = ORIENTED_EDGE('',*,*,#6481,.F.);
#7935 = ORIENTED_EDGE('',*,*,#7936,.T.);
#7936 = EDGE_CURVE('',#6474,#7937,#7939,.T.);
#7937 = VERTEX_POINT('',#7938);
#7938 = CARTESIAN_POINT('',(7.18,-0.37,4.07));
#7939 = LINE('',#7940,#7941);
#7940 = CARTESIAN_POINT('',(7.18,-7.1,4.07));
#7941 = VECTOR('',#7942,1.);
#7942 = DIRECTION('',(1.224646799147E-16,1.,0.));
#7943 = ORIENTED_EDGE('',*,*,#7944,.F.);
#7944 = EDGE_CURVE('',#7839,#7937,#7945,.T.);
#7945 = LINE('',#7946,#7947);
#7946 = CARTESIAN_POINT('',(7.82,-0.37,4.07));
#7947 = VECTOR('',#7948,1.);
#7948 = DIRECTION('',(-1.,1.224646799147E-16,0.));
#7949 = PLANE('',#7950);
#7950 = AXIS2_PLACEMENT_3D('',#7951,#7952,#7953);
#7951 = CARTESIAN_POINT('',(7.82,-7.1,4.07));
#7952 = DIRECTION('',(-0.,0.,-1.));
#7953 = DIRECTION('',(1.224646799147E-16,1.,0.));
#7954 = ADVANCED_FACE('',(#7955),#8039,.T.);
#7955 = FACE_BOUND('',#7956,.T.);
#7956 = EDGE_LOOP('',(#7957,#7958,#7959,#7968,#7976,#7984,#7992,#8000,
    #8008,#8016,#8024,#8033));
#7957 = ORIENTED_EDGE('',*,*,#6473,.F.);
#7958 = ORIENTED_EDGE('',*,*,#7936,.T.);
#7959 = ORIENTED_EDGE('',*,*,#7960,.T.);
#7960 = EDGE_CURVE('',#7937,#7961,#7963,.T.);
#7961 = VERTEX_POINT('',#7962);
#7962 = CARTESIAN_POINT('',(7.18,0.32,3.38));
#7963 = CIRCLE('',#7964,0.69);
#7964 = AXIS2_PLACEMENT_3D('',#7965,#7966,#7967);
#7965 = CARTESIAN_POINT('',(7.18,-0.37,3.38));
#7966 = DIRECTION('',(-1.,1.224646799147E-16,0.));
#7967 = DIRECTION('',(0.,0.,1.));
#7968 = ORIENTED_EDGE('',*,*,#7969,.T.);
#7969 = EDGE_CURVE('',#7961,#7970,#7972,.T.);
#7970 = VERTEX_POINT('',#7971);
#7971 = CARTESIAN_POINT('',(7.18,0.32,-0.9));
#7972 = LINE('',#7973,#7974);
#7973 = CARTESIAN_POINT('',(7.18,0.32,4.07));
#7974 = VECTOR('',#7975,1.);
#7975 = DIRECTION('',(-0.,0.,-1.));
#7976 = ORIENTED_EDGE('',*,*,#7977,.T.);
#7977 = EDGE_CURVE('',#7970,#7978,#7980,.T.);
#7978 = VERTEX_POINT('',#7979);
#7979 = CARTESIAN_POINT('',(7.18,2.E-02,-1.5));
#7980 = LINE('',#7981,#7982);
#7981 = CARTESIAN_POINT('',(7.18,0.32,-0.9));
#7982 = VECTOR('',#7983,1.);
#7983 = DIRECTION('',(-5.476786982641E-17,-0.4472135955,-0.894427191));
#7984 = ORIENTED_EDGE('',*,*,#7985,.T.);
#7985 = EDGE_CURVE('',#7978,#7986,#7988,.T.);
#7986 = VERTEX_POINT('',#7987);
#7987 = CARTESIAN_POINT('',(7.18,0.288421052632,-3.2));
#7988 = LINE('',#7989,#7990);
#7989 = CARTESIAN_POINT('',(7.18,2.E-02,-1.5));
#7990 = VECTOR('',#7991,1.);
#7991 = DIRECTION('',(1.909990663905E-17,0.155962573473,-0.987762965329)
  );
#7992 = ORIENTED_EDGE('',*,*,#7993,.T.);
#7993 = EDGE_CURVE('',#7986,#7994,#7996,.T.);
#7994 = VERTEX_POINT('',#7995);
#7995 = CARTESIAN_POINT('',(7.18,-0.351578947368,-3.2));
#7996 = LINE('',#7997,#7998);
#7997 = CARTESIAN_POINT('',(7.18,0.32,-3.2));
#7998 = VECTOR('',#7999,1.);
#7999 = DIRECTION('',(-1.224646799147E-16,-1.,0.));
#8000 = ORIENTED_EDGE('',*,*,#8001,.T.);
#8001 = EDGE_CURVE('',#7994,#8002,#8004,.T.);
#8002 = VERTEX_POINT('',#8003);
#8003 = CARTESIAN_POINT('',(7.18,-0.62,-1.5));
#8004 = LINE('',#8005,#8006);
#8005 = CARTESIAN_POINT('',(7.18,-0.32,-3.4));
#8006 = VECTOR('',#8007,1.);
#8007 = DIRECTION('',(-1.909990663905E-17,-0.155962573473,0.987762965329
    ));
#8008 = ORIENTED_EDGE('',*,*,#8009,.T.);
#8009 = EDGE_CURVE('',#8002,#8010,#8012,.T.);
#8010 = VERTEX_POINT('',#8011);
#8011 = CARTESIAN_POINT('',(7.18,-0.32,-0.9));
#8012 = LINE('',#8013,#8014);
#8013 = CARTESIAN_POINT('',(7.18,-0.62,-1.5));
#8014 = VECTOR('',#8015,1.);
#8015 = DIRECTION('',(5.476786982641E-17,0.4472135955,0.894427191));
#8016 = ORIENTED_EDGE('',*,*,#8017,.T.);
#8017 = EDGE_CURVE('',#8010,#8018,#8020,.T.);
#8018 = VERTEX_POINT('',#8019);
#8019 = CARTESIAN_POINT('',(7.18,-0.32,3.38));
#8020 = LINE('',#8021,#8022);
#8021 = CARTESIAN_POINT('',(7.18,-0.32,-0.9));
#8022 = VECTOR('',#8023,1.);
#8023 = DIRECTION('',(0.,0.,1.));
#8024 = ORIENTED_EDGE('',*,*,#8025,.F.);
#8025 = EDGE_CURVE('',#8026,#8018,#8028,.T.);
#8026 = VERTEX_POINT('',#8027);
#8027 = CARTESIAN_POINT('',(7.18,-0.37,3.43));
#8028 = CIRCLE('',#8029,5.E-02);
#8029 = AXIS2_PLACEMENT_3D('',#8030,#8031,#8032);
#8030 = CARTESIAN_POINT('',(7.18,-0.37,3.38));
#8031 = DIRECTION('',(-1.,1.224646799147E-16,0.));
#8032 = DIRECTION('',(0.,0.,1.));
#8033 = ORIENTED_EDGE('',*,*,#8034,.T.);
#8034 = EDGE_CURVE('',#8026,#6466,#8035,.T.);
#8035 = LINE('',#8036,#8037);
#8036 = CARTESIAN_POINT('',(7.18,-0.32,3.43));
#8037 = VECTOR('',#8038,1.);
#8038 = DIRECTION('',(-1.224646799147E-16,-1.,0.));
#8039 = PLANE('',#8040);
#8040 = AXIS2_PLACEMENT_3D('',#8041,#8042,#8043);
#8041 = CARTESIAN_POINT('',(7.18,-1.8494320772,1.868561531914));
#8042 = DIRECTION('',(-1.,1.224646799147E-16,0.));
#8043 = DIRECTION('',(0.,0.,1.));
#8044 = ADVANCED_FACE('',(#8045),#8056,.F.);
#8045 = FACE_BOUND('',#8046,.F.);
#8046 = EDGE_LOOP('',(#8047,#8048,#8054,#8055));
#8047 = ORIENTED_EDGE('',*,*,#7920,.F.);
#8048 = ORIENTED_EDGE('',*,*,#8049,.T.);
#8049 = EDGE_CURVE('',#7912,#8026,#8050,.T.);
#8050 = LINE('',#8051,#8052);
#8051 = CARTESIAN_POINT('',(7.82,-0.37,3.43));
#8052 = VECTOR('',#8053,1.);
#8053 = DIRECTION('',(-1.,1.224646799147E-16,0.));
#8054 = ORIENTED_EDGE('',*,*,#8034,.T.);
#8055 = ORIENTED_EDGE('',*,*,#6465,.F.);
#8056 = PLANE('',#8057);
#8057 = AXIS2_PLACEMENT_3D('',#8058,#8059,#8060);
#8058 = CARTESIAN_POINT('',(7.82,-0.32,3.43));
#8059 = DIRECTION('',(0.,0.,1.));
#8060 = DIRECTION('',(-1.224646799147E-16,-1.,0.));
#8061 = ADVANCED_FACE('',(#8062),#8081,.F.);
#8062 = FACE_BOUND('',#8063,.F.);
#8063 = EDGE_LOOP('',(#8064,#8072,#8079,#8080));
#8064 = ORIENTED_EDGE('',*,*,#8065,.T.);
#8065 = EDGE_CURVE('',#6554,#8066,#8068,.T.);
#8066 = VERTEX_POINT('',#8067);
#8067 = CARTESIAN_POINT('',(9.1,-4.25,4.75));
#8068 = LINE('',#8069,#8070);
#8069 = CARTESIAN_POINT('',(9.95,-4.25,4.75));
#8070 = VECTOR('',#8071,1.);
#8071 = DIRECTION('',(-1.,1.224646799147E-16,0.));
#8072 = ORIENTED_EDGE('',*,*,#8073,.T.);
#8073 = EDGE_CURVE('',#8066,#6976,#8074,.T.);
#8074 = CIRCLE('',#8075,0.5);
#8075 = AXIS2_PLACEMENT_3D('',#8076,#8077,#8078);
#8076 = CARTESIAN_POINT('',(9.1,-4.75,4.75));
#8077 = DIRECTION('',(1.,-1.224646799147E-16,0.));
#8078 = DIRECTION('',(1.359631073446E-32,1.110223024625E-16,1.));
#8079 = ORIENTED_EDGE('',*,*,#6983,.F.);
#8080 = ORIENTED_EDGE('',*,*,#6553,.T.);
#8081 = CYLINDRICAL_SURFACE('',#8082,0.5);
#8082 = AXIS2_PLACEMENT_3D('',#8083,#8084,#8085);
#8083 = CARTESIAN_POINT('',(9.95,-4.75,4.75));
#8084 = DIRECTION('',(1.,-1.224646799147E-16,0.));
#8085 = DIRECTION('',(1.359631073446E-32,1.110223024625E-16,1.));
#8086 = ADVANCED_FACE('',(#8087),#8098,.T.);
#8087 = FACE_BOUND('',#8088,.T.);
#8088 = EDGE_LOOP('',(#8089,#8090,#8091,#8097));
#8089 = ORIENTED_EDGE('',*,*,#6562,.F.);
#8090 = ORIENTED_EDGE('',*,*,#8065,.T.);
#8091 = ORIENTED_EDGE('',*,*,#8092,.T.);
#8092 = EDGE_CURVE('',#8066,#6689,#8093,.T.);
#8093 = LINE('',#8094,#8095);
#8094 = CARTESIAN_POINT('',(9.1,-4.25,2.925));
#8095 = VECTOR('',#8096,1.);
#8096 = DIRECTION('',(-1.359631073447E-32,-1.110223024625E-16,-1.));
#8097 = ORIENTED_EDGE('',*,*,#6688,.F.);
#8098 = PLANE('',#8099);
#8099 = AXIS2_PLACEMENT_3D('',#8100,#8101,#8102);
#8100 = CARTESIAN_POINT('',(9.95,-4.25,4.75));
#8101 = DIRECTION('',(-1.224646799147E-16,-1.,1.110223024625E-16));
#8102 = DIRECTION('',(-1.359631073447E-32,-1.110223024625E-16,-1.));
#8103 = ADVANCED_FACE('',(#8104),#8125,.F.);
#8104 = FACE_BOUND('',#8105,.F.);
#8105 = EDGE_LOOP('',(#8106,#8107,#8108,#8109,#8110,#8118,#8124));
#8106 = ORIENTED_EDGE('',*,*,#6644,.T.);
#8107 = ORIENTED_EDGE('',*,*,#6771,.T.);
#8108 = ORIENTED_EDGE('',*,*,#6805,.T.);
#8109 = ORIENTED_EDGE('',*,*,#6959,.T.);
#8110 = ORIENTED_EDGE('',*,*,#8111,.T.);
#8111 = EDGE_CURVE('',#6960,#8112,#8114,.T.);
#8112 = VERTEX_POINT('',#8113);
#8113 = CARTESIAN_POINT('',(-1.6,-2.45,1.1));
#8114 = LINE('',#8115,#8116);
#8115 = CARTESIAN_POINT('',(-1.6,-2.45,5.25));
#8116 = VECTOR('',#8117,1.);
#8117 = DIRECTION('',(-1.359631073447E-32,-1.110223024625E-16,-1.));
#8118 = ORIENTED_EDGE('',*,*,#8119,.F.);
#8119 = EDGE_CURVE('',#6623,#8112,#8120,.T.);
#8120 = LINE('',#8121,#8122);
#8121 = CARTESIAN_POINT('',(-1.6,-7.6,1.1));
#8122 = VECTOR('',#8123,1.);
#8123 = DIRECTION('',(1.224646799147E-16,1.,-1.110223024625E-16));
#8124 = ORIENTED_EDGE('',*,*,#6630,.F.);
#8125 = PLANE('',#8126);
#8126 = AXIS2_PLACEMENT_3D('',#8127,#8128,#8129);
#8127 = CARTESIAN_POINT('',(-1.6,-7.6,5.25));
#8128 = DIRECTION('',(-1.,1.224646799147E-16,0.));
#8129 = DIRECTION('',(-1.359631073446E-32,-1.110223024625E-16,-1.));
#8130 = ADVANCED_FACE('',(#8131),#8152,.F.);
#8131 = FACE_BOUND('',#8132,.F.);
#8132 = EDGE_LOOP('',(#8133,#8134,#8135,#8143,#8149,#8150,#8151));
#8133 = ORIENTED_EDGE('',*,*,#6696,.T.);
#8134 = ORIENTED_EDGE('',*,*,#6728,.F.);
#8135 = ORIENTED_EDGE('',*,*,#8136,.T.);
#8136 = EDGE_CURVE('',#6719,#8137,#8139,.T.);
#8137 = VERTEX_POINT('',#8138);
#8138 = CARTESIAN_POINT('',(9.1,-2.45,1.1));
#8139 = LINE('',#8140,#8141);
#8140 = CARTESIAN_POINT('',(9.1,-7.6,1.1));
#8141 = VECTOR('',#8142,1.);
#8142 = DIRECTION('',(1.224646799147E-16,1.,-1.110223024625E-16));
#8143 = ORIENTED_EDGE('',*,*,#8144,.T.);
#8144 = EDGE_CURVE('',#8137,#6968,#8145,.T.);
#8145 = LINE('',#8146,#8147);
#8146 = CARTESIAN_POINT('',(9.1,-2.45,1.1));
#8147 = VECTOR('',#8148,1.);
#8148 = DIRECTION('',(1.359631073447E-32,1.110223024625E-16,1.));
#8149 = ORIENTED_EDGE('',*,*,#6975,.F.);
#8150 = ORIENTED_EDGE('',*,*,#8073,.F.);
#8151 = ORIENTED_EDGE('',*,*,#8092,.T.);
#8152 = PLANE('',#8153);
#8153 = AXIS2_PLACEMENT_3D('',#8154,#8155,#8156);
#8154 = CARTESIAN_POINT('',(9.1,-7.6,1.1));
#8155 = DIRECTION('',(1.,-1.224646799147E-16,0.));
#8156 = DIRECTION('',(1.359631073446E-32,1.110223024625E-16,1.));
#8157 = ADVANCED_FACE('',(#8158),#8169,.F.);
#8158 = FACE_BOUND('',#8159,.F.);
#8159 = EDGE_LOOP('',(#8160,#8161,#8167,#8168));
#8160 = ORIENTED_EDGE('',*,*,#8119,.T.);
#8161 = ORIENTED_EDGE('',*,*,#8162,.T.);
#8162 = EDGE_CURVE('',#8112,#8137,#8163,.T.);
#8163 = LINE('',#8164,#8165);
#8164 = CARTESIAN_POINT('',(-1.6,-2.45,1.1));
#8165 = VECTOR('',#8166,1.);
#8166 = DIRECTION('',(1.,-1.224646799147E-16,0.));
#8167 = ORIENTED_EDGE('',*,*,#8136,.F.);
#8168 = ORIENTED_EDGE('',*,*,#6745,.F.);
#8169 = PLANE('',#8170);
#8170 = AXIS2_PLACEMENT_3D('',#8171,#8172,#8173);
#8171 = CARTESIAN_POINT('',(-1.6,-7.6,1.1));
#8172 = DIRECTION('',(-1.359631073447E-32,-1.110223024625E-16,-1.));
#8173 = DIRECTION('',(1.,-1.224646799147E-16,-6.927121900793E-45));
#8174 = ADVANCED_FACE('',(#8175,#8181,#8215,#8249,#8283),#8317,.T.);
#8175 = FACE_BOUND('',#8176,.T.);
#8176 = EDGE_LOOP('',(#8177,#8178,#8179,#8180));
#8177 = ORIENTED_EDGE('',*,*,#6967,.T.);
#8178 = ORIENTED_EDGE('',*,*,#8111,.T.);
#8179 = ORIENTED_EDGE('',*,*,#8162,.T.);
#8180 = ORIENTED_EDGE('',*,*,#8144,.T.);
#8181 = FACE_BOUND('',#8182,.T.);
#8182 = EDGE_LOOP('',(#8183,#8193,#8201,#8209));
#8183 = ORIENTED_EDGE('',*,*,#8184,.T.);
#8184 = EDGE_CURVE('',#8185,#8187,#8189,.T.);
#8185 = VERTEX_POINT('',#8186);
#8186 = CARTESIAN_POINT('',(2.18,-2.45,4.07));
#8187 = VERTEX_POINT('',#8188);
#8188 = CARTESIAN_POINT('',(2.82,-2.45,4.07));
#8189 = LINE('',#8190,#8191);
#8190 = CARTESIAN_POINT('',(3.285,-2.45,4.07));
#8191 = VECTOR('',#8192,1.);
#8192 = DIRECTION('',(1.,-1.224646799147E-16,0.));
#8193 = ORIENTED_EDGE('',*,*,#8194,.T.);
#8194 = EDGE_CURVE('',#8187,#8195,#8197,.T.);
#8195 = VERTEX_POINT('',#8196);
#8196 = CARTESIAN_POINT('',(2.82,-2.45,3.43));
#8197 = LINE('',#8198,#8199);
#8198 = CARTESIAN_POINT('',(2.82,-2.45,2.532491605104));
#8199 = VECTOR('',#8200,1.);
#8200 = DIRECTION('',(-1.359631073447E-32,-1.110223024625E-16,-1.));
#8201 = ORIENTED_EDGE('',*,*,#8202,.T.);
#8202 = EDGE_CURVE('',#8195,#8203,#8205,.T.);
#8203 = VERTEX_POINT('',#8204);
#8204 = CARTESIAN_POINT('',(2.18,-2.45,3.43));
#8205 = LINE('',#8206,#8207);
#8206 = CARTESIAN_POINT('',(3.285,-2.45,3.43));
#8207 = VECTOR('',#8208,1.);
#8208 = DIRECTION('',(-1.,1.224646799147E-16,0.));
#8209 = ORIENTED_EDGE('',*,*,#8210,.F.);
#8210 = EDGE_CURVE('',#8185,#8203,#8211,.T.);
#8211 = LINE('',#8212,#8213);
#8212 = CARTESIAN_POINT('',(2.18,-2.45,2.532491605104));
#8213 = VECTOR('',#8214,1.);
#8214 = DIRECTION('',(-1.359631073447E-32,-1.110223024625E-16,-1.));
#8215 = FACE_BOUND('',#8216,.T.);
#8216 = EDGE_LOOP('',(#8217,#8227,#8235,#8243));
#8217 = ORIENTED_EDGE('',*,*,#8218,.T.);
#8218 = EDGE_CURVE('',#8219,#8221,#8223,.T.);
#8219 = VERTEX_POINT('',#8220);
#8220 = CARTESIAN_POINT('',(7.82,-2.45,4.07));
#8221 = VERTEX_POINT('',#8222);
#8222 = CARTESIAN_POINT('',(7.82,-2.45,3.43));
#8223 = LINE('',#8224,#8225);
#8224 = CARTESIAN_POINT('',(7.82,-2.45,2.521780765957));
#8225 = VECTOR('',#8226,1.);
#8226 = DIRECTION('',(-1.359631073447E-32,-1.110223024625E-16,-1.));
#8227 = ORIENTED_EDGE('',*,*,#8228,.T.);
#8228 = EDGE_CURVE('',#8221,#8229,#8231,.T.);
#8229 = VERTEX_POINT('',#8230);
#8230 = CARTESIAN_POINT('',(7.18,-2.45,3.43));
#8231 = LINE('',#8232,#8233);
#8232 = CARTESIAN_POINT('',(5.785,-2.45,3.43));
#8233 = VECTOR('',#8234,1.);
#8234 = DIRECTION('',(-1.,1.224646799147E-16,0.));
#8235 = ORIENTED_EDGE('',*,*,#8236,.F.);
#8236 = EDGE_CURVE('',#8237,#8229,#8239,.T.);
#8237 = VERTEX_POINT('',#8238);
#8238 = CARTESIAN_POINT('',(7.18,-2.45,4.07));
#8239 = LINE('',#8240,#8241);
#8240 = CARTESIAN_POINT('',(7.18,-2.45,2.521780765957));
#8241 = VECTOR('',#8242,1.);
#8242 = DIRECTION('',(-1.359631073447E-32,-1.110223024625E-16,-1.));
#8243 = ORIENTED_EDGE('',*,*,#8244,.T.);
#8244 = EDGE_CURVE('',#8237,#8219,#8245,.T.);
#8245 = LINE('',#8246,#8247);
#8246 = CARTESIAN_POINT('',(5.785,-2.45,4.07));
#8247 = VECTOR('',#8248,1.);
#8248 = DIRECTION('',(1.,-1.224646799147E-16,0.));
#8249 = FACE_BOUND('',#8250,.T.);
#8250 = EDGE_LOOP('',(#8251,#8261,#8269,#8277));
#8251 = ORIENTED_EDGE('',*,*,#8252,.T.);
#8252 = EDGE_CURVE('',#8253,#8255,#8257,.T.);
#8253 = VERTEX_POINT('',#8254);
#8254 = CARTESIAN_POINT('',(4.68,-2.45,4.07));
#8255 = VERTEX_POINT('',#8256);
#8256 = CARTESIAN_POINT('',(5.32,-2.45,4.07));
#8257 = LINE('',#8258,#8259);
#8258 = CARTESIAN_POINT('',(4.535,-2.45,4.07));
#8259 = VECTOR('',#8260,1.);
#8260 = DIRECTION('',(1.,-1.224646799147E-16,0.));
#8261 = ORIENTED_EDGE('',*,*,#8262,.T.);
#8262 = EDGE_CURVE('',#8255,#8263,#8265,.T.);
#8263 = VERTEX_POINT('',#8264);
#8264 = CARTESIAN_POINT('',(5.32,-2.45,3.43));
#8265 = LINE('',#8266,#8267);
#8266 = CARTESIAN_POINT('',(5.32,-2.45,2.532491605104));
#8267 = VECTOR('',#8268,1.);
#8268 = DIRECTION('',(-1.359631073447E-32,-1.110223024625E-16,-1.));
#8269 = ORIENTED_EDGE('',*,*,#8270,.T.);
#8270 = EDGE_CURVE('',#8263,#8271,#8273,.T.);
#8271 = VERTEX_POINT('',#8272);
#8272 = CARTESIAN_POINT('',(4.68,-2.45,3.43));
#8273 = LINE('',#8274,#8275);
#8274 = CARTESIAN_POINT('',(4.535,-2.45,3.43));
#8275 = VECTOR('',#8276,1.);
#8276 = DIRECTION('',(-1.,1.224646799147E-16,0.));
#8277 = ORIENTED_EDGE('',*,*,#8278,.F.);
#8278 = EDGE_CURVE('',#8253,#8271,#8279,.T.);
#8279 = LINE('',#8280,#8281);
#8280 = CARTESIAN_POINT('',(4.68,-2.45,2.532491605104));
#8281 = VECTOR('',#8282,1.);
#8282 = DIRECTION('',(-1.359631073447E-32,-1.110223024625E-16,-1.));
#8283 = FACE_BOUND('',#8284,.T.);
#8284 = EDGE_LOOP('',(#8285,#8295,#8303,#8311));
#8285 = ORIENTED_EDGE('',*,*,#8286,.F.);
#8286 = EDGE_CURVE('',#8287,#8289,#8291,.T.);
#8287 = VERTEX_POINT('',#8288);
#8288 = CARTESIAN_POINT('',(-0.32,-2.45,4.07));
#8289 = VERTEX_POINT('',#8290);
#8290 = CARTESIAN_POINT('',(-0.32,-2.45,3.43));
#8291 = LINE('',#8292,#8293);
#8292 = CARTESIAN_POINT('',(-0.32,-2.45,2.521780765957));
#8293 = VECTOR('',#8294,1.);
#8294 = DIRECTION('',(-1.359631073447E-32,-1.110223024625E-16,-1.));
#8295 = ORIENTED_EDGE('',*,*,#8296,.T.);
#8296 = EDGE_CURVE('',#8287,#8297,#8299,.T.);
#8297 = VERTEX_POINT('',#8298);
#8298 = CARTESIAN_POINT('',(0.32,-2.45,4.07));
#8299 = LINE('',#8300,#8301);
#8300 = CARTESIAN_POINT('',(2.035,-2.45,4.07));
#8301 = VECTOR('',#8302,1.);
#8302 = DIRECTION('',(1.,-1.224646799147E-16,0.));
#8303 = ORIENTED_EDGE('',*,*,#8304,.T.);
#8304 = EDGE_CURVE('',#8297,#8305,#8307,.T.);
#8305 = VERTEX_POINT('',#8306);
#8306 = CARTESIAN_POINT('',(0.32,-2.45,3.43));
#8307 = LINE('',#8308,#8309);
#8308 = CARTESIAN_POINT('',(0.32,-2.45,2.521780765957));
#8309 = VECTOR('',#8310,1.);
#8310 = DIRECTION('',(-1.359631073447E-32,-1.110223024625E-16,-1.));
#8311 = ORIENTED_EDGE('',*,*,#8312,.T.);
#8312 = EDGE_CURVE('',#8305,#8289,#8313,.T.);
#8313 = LINE('',#8314,#8315);
#8314 = CARTESIAN_POINT('',(2.035,-2.45,3.43));
#8315 = VECTOR('',#8316,1.);
#8316 = DIRECTION('',(-1.,1.224646799147E-16,0.));
#8317 = PLANE('',#8318);
#8318 = AXIS2_PLACEMENT_3D('',#8319,#8320,#8321);
#8319 = CARTESIAN_POINT('',(3.75,-2.45,3.175));
#8320 = DIRECTION('',(-1.224646799147E-16,-1.,1.110223024625E-16));
#8321 = DIRECTION('',(-1.,1.224646799147E-16,0.));
#8322 = ADVANCED_FACE('',(#8323),#8334,.F.);
#8323 = FACE_BOUND('',#8324,.F.);
#8324 = EDGE_LOOP('',(#8325,#8326,#8332,#8333));
#8325 = ORIENTED_EDGE('',*,*,#7476,.T.);
#8326 = ORIENTED_EDGE('',*,*,#8327,.T.);
#8327 = EDGE_CURVE('',#7469,#7348,#8328,.T.);
#8328 = LINE('',#8329,#8330);
#8329 = CARTESIAN_POINT('',(0.32,-0.32,3.38));
#8330 = VECTOR('',#8331,1.);
#8331 = DIRECTION('',(-1.,1.224646799147E-16,0.));
#8332 = ORIENTED_EDGE('',*,*,#7355,.F.);
#8333 = ORIENTED_EDGE('',*,*,#7386,.F.);
#8334 = CYLINDRICAL_SURFACE('',#8335,5.E-02);
#8335 = AXIS2_PLACEMENT_3D('',#8336,#8337,#8338);
#8336 = CARTESIAN_POINT('',(0.32,-0.37,3.38));
#8337 = DIRECTION('',(-1.,1.224646799147E-16,0.));
#8338 = DIRECTION('',(0.,0.,1.));
#8339 = ADVANCED_FACE('',(#8340),#8351,.F.);
#8340 = FACE_BOUND('',#8341,.F.);
#8341 = EDGE_LOOP('',(#8342,#8343,#8349,#8350));
#8342 = ORIENTED_EDGE('',*,*,#7468,.F.);
#8343 = ORIENTED_EDGE('',*,*,#8344,.T.);
#8344 = EDGE_CURVE('',#7461,#7340,#8345,.T.);
#8345 = LINE('',#8346,#8347);
#8346 = CARTESIAN_POINT('',(0.32,-0.32,-0.9));
#8347 = VECTOR('',#8348,1.);
#8348 = DIRECTION('',(-1.,1.224646799147E-16,0.));
#8349 = ORIENTED_EDGE('',*,*,#7347,.T.);
#8350 = ORIENTED_EDGE('',*,*,#8327,.F.);
#8351 = PLANE('',#8352);
#8352 = AXIS2_PLACEMENT_3D('',#8353,#8354,#8355);
#8353 = CARTESIAN_POINT('',(0.32,-0.32,-0.9));
#8354 = DIRECTION('',(1.224646799147E-16,1.,0.));
#8355 = DIRECTION('',(0.,-0.,1.));
#8356 = ADVANCED_FACE('',(#8357),#8368,.F.);
#8357 = FACE_BOUND('',#8358,.F.);
#8358 = EDGE_LOOP('',(#8359,#8365,#8366,#8367));
#8359 = ORIENTED_EDGE('',*,*,#8360,.T.);
#8360 = EDGE_CURVE('',#7453,#7332,#8361,.T.);
#8361 = LINE('',#8362,#8363);
#8362 = CARTESIAN_POINT('',(0.32,-0.62,-1.5));
#8363 = VECTOR('',#8364,1.);
#8364 = DIRECTION('',(-1.,1.224646799147E-16,0.));
#8365 = ORIENTED_EDGE('',*,*,#7339,.T.);
#8366 = ORIENTED_EDGE('',*,*,#8344,.F.);
#8367 = ORIENTED_EDGE('',*,*,#7460,.F.);
#8368 = PLANE('',#8369);
#8369 = AXIS2_PLACEMENT_3D('',#8370,#8371,#8372);
#8370 = CARTESIAN_POINT('',(0.32,-0.62,-1.5));
#8371 = DIRECTION('',(1.095357396528E-16,0.894427191,-0.4472135955));
#8372 = DIRECTION('',(5.476786982641E-17,0.4472135955,0.894427191));
#8373 = ADVANCED_FACE('',(#8374),#8401,.F.);
#8374 = FACE_BOUND('',#8375,.F.);
#8375 = EDGE_LOOP('',(#8376,#8377,#8385,#8393,#8399,#8400));
#8376 = ORIENTED_EDGE('',*,*,#7452,.F.);
#8377 = ORIENTED_EDGE('',*,*,#8378,.F.);
#8378 = EDGE_CURVE('',#8379,#7445,#8381,.T.);
#8379 = VERTEX_POINT('',#8380);
#8380 = CARTESIAN_POINT('',(0.317552593066,-0.351192514695,
    -3.202447406934));
#8381 = LINE('',#8382,#8383);
#8382 = CARTESIAN_POINT('',(0.193816689466,-0.331655266758,
    -3.326183310534));
#8383 = VECTOR('',#8384,1.);
#8384 = DIRECTION('',(0.702740385383,-0.110959008218,0.702740385383));
#8385 = ORIENTED_EDGE('',*,*,#8386,.T.);
#8386 = EDGE_CURVE('',#8379,#8387,#8389,.T.);
#8387 = VERTEX_POINT('',#8388);
#8388 = CARTESIAN_POINT('',(-0.317552593066,-0.351192514695,
    -3.202447406934));
#8389 = LINE('',#8390,#8391);
#8390 = CARTESIAN_POINT('',(0.32,-0.351192514695,-3.202447406934));
#8391 = VECTOR('',#8392,1.);
#8392 = DIRECTION('',(-1.,1.224646799147E-16,0.));
#8393 = ORIENTED_EDGE('',*,*,#8394,.T.);
#8394 = EDGE_CURVE('',#8387,#7324,#8395,.T.);
#8395 = LINE('',#8396,#8397);
#8396 = CARTESIAN_POINT('',(-3.578659370725E-02,-0.306703146375,
    -3.484213406293));
#8397 = VECTOR('',#8398,1.);
#8398 = DIRECTION('',(-0.702740385383,-0.110959008218,0.702740385383));
#8399 = ORIENTED_EDGE('',*,*,#7331,.T.);
#8400 = ORIENTED_EDGE('',*,*,#8360,.F.);
#8401 = PLANE('',#8402);
#8402 = AXIS2_PLACEMENT_3D('',#8403,#8404,#8405);
#8403 = CARTESIAN_POINT('',(0.32,-0.32,-3.4));
#8404 = DIRECTION('',(1.209660753807E-16,0.987762965329,0.155962573473)
  );
#8405 = DIRECTION('',(-1.909990663905E-17,-0.155962573473,0.987762965329
    ));
#8406 = ADVANCED_FACE('',(#8407),#8441,.F.);
#8407 = FACE_BOUND('',#8408,.T.);
#8408 = EDGE_LOOP('',(#8409,#8419,#8427,#8433,#8434,#8435));
#8409 = ORIENTED_EDGE('',*,*,#8410,.F.);
#8410 = EDGE_CURVE('',#8411,#8413,#8415,.T.);
#8411 = VERTEX_POINT('',#8412);
#8412 = CARTESIAN_POINT('',(-0.12,0.12,-3.4));
#8413 = VERTEX_POINT('',#8414);
#8414 = CARTESIAN_POINT('',(-0.317552593066,0.288807485305,
    -3.202447406934));
#8415 = LINE('',#8416,#8417);
#8416 = CARTESIAN_POINT('',(-0.138643150189,0.135930458076,
    -3.381356849811));
#8417 = VECTOR('',#8418,1.);
#8418 = DIRECTION('',(-0.605209817607,0.517148096144,0.605209817607));
#8419 = ORIENTED_EDGE('',*,*,#8420,.T.);
#8420 = EDGE_CURVE('',#8411,#8421,#8423,.T.);
#8421 = VERTEX_POINT('',#8422);
#8422 = CARTESIAN_POINT('',(-0.12,-0.12,-3.4));
#8423 = LINE('',#8424,#8425);
#8424 = CARTESIAN_POINT('',(-0.12,0.32,-3.4));
#8425 = VECTOR('',#8426,1.);
#8426 = DIRECTION('',(-1.224646799147E-16,-1.,0.));
#8427 = ORIENTED_EDGE('',*,*,#8428,.T.);
#8428 = EDGE_CURVE('',#8421,#8387,#8429,.T.);
#8429 = LINE('',#8430,#8431);
#8430 = CARTESIAN_POINT('',(-4.270986134977E-02,-2.95486359438E-02,
    -3.47729013865));
#8431 = VECTOR('',#8432,1.);
#8432 = DIRECTION('',(-0.544770019249,-0.63753529491,0.544770019249));
#8433 = ORIENTED_EDGE('',*,*,#8394,.T.);
#8434 = ORIENTED_EDGE('',*,*,#7323,.F.);
#8435 = ORIENTED_EDGE('',*,*,#8436,.F.);
#8436 = EDGE_CURVE('',#8413,#7316,#8437,.T.);
#8437 = LINE('',#8438,#8439);
#8438 = CARTESIAN_POINT('',(-0.541586867305,0.253433652531,
    -2.978413132695));
#8439 = VECTOR('',#8440,1.);
#8440 = DIRECTION('',(-0.702740385383,-0.110959008218,0.702740385383));
#8441 = PLANE('',#8442);
#8442 = AXIS2_PLACEMENT_3D('',#8443,#8444,#8445);
#8443 = CARTESIAN_POINT('',(-0.22,0.32,-3.3));
#8444 = DIRECTION('',(0.707106781187,-8.833102285013E-17,0.707106781187)
  );
#8445 = DIRECTION('',(1.236918052038E-16,1.,1.227125289097E-18));
#8446 = ADVANCED_FACE('',(#8447),#8472,.F.);
#8447 = FACE_BOUND('',#8448,.F.);
#8448 = EDGE_LOOP('',(#8449,#8450,#8456,#8457,#8458,#8466));
#8449 = ORIENTED_EDGE('',*,*,#7436,.F.);
#8450 = ORIENTED_EDGE('',*,*,#8451,.T.);
#8451 = EDGE_CURVE('',#7429,#7308,#8452,.T.);
#8452 = LINE('',#8453,#8454);
#8453 = CARTESIAN_POINT('',(0.32,2.E-02,-1.5));
#8454 = VECTOR('',#8455,1.);
#8455 = DIRECTION('',(-1.,1.224646799147E-16,0.));
#8456 = ORIENTED_EDGE('',*,*,#7315,.T.);
#8457 = ORIENTED_EDGE('',*,*,#8436,.F.);
#8458 = ORIENTED_EDGE('',*,*,#8459,.F.);
#8459 = EDGE_CURVE('',#8460,#8413,#8462,.T.);
#8460 = VERTEX_POINT('',#8461);
#8461 = CARTESIAN_POINT('',(0.317552593066,0.288807485305,
    -3.202447406934));
#8462 = LINE('',#8463,#8464);
#8463 = CARTESIAN_POINT('',(0.32,0.288807485305,-3.202447406934));
#8464 = VECTOR('',#8465,1.);
#8465 = DIRECTION('',(-1.,1.224646799147E-16,0.));
#8466 = ORIENTED_EDGE('',*,*,#8467,.T.);
#8467 = EDGE_CURVE('',#8460,#7437,#8468,.T.);
#8468 = LINE('',#8469,#8470);
#8469 = CARTESIAN_POINT('',(0.699616963064,0.228481532148,
    -2.820383036936));
#8470 = VECTOR('',#8471,1.);
#8471 = DIRECTION('',(0.702740385383,-0.110959008218,0.702740385383));
#8472 = PLANE('',#8473);
#8473 = AXIS2_PLACEMENT_3D('',#8474,#8475,#8476);
#8474 = CARTESIAN_POINT('',(0.32,2.E-02,-1.5));
#8475 = DIRECTION('',(-1.209660753807E-16,-0.987762965329,
    -0.155962573473));
#8476 = DIRECTION('',(1.909990663905E-17,0.155962573473,-0.987762965329)
  );
#8477 = ADVANCED_FACE('',(#8478),#8489,.F.);
#8478 = FACE_BOUND('',#8479,.F.);
#8479 = EDGE_LOOP('',(#8480,#8486,#8487,#8488));
#8480 = ORIENTED_EDGE('',*,*,#8481,.T.);
#8481 = EDGE_CURVE('',#7421,#7300,#8482,.T.);
#8482 = LINE('',#8483,#8484);
#8483 = CARTESIAN_POINT('',(0.32,0.32,-0.9));
#8484 = VECTOR('',#8485,1.);
#8485 = DIRECTION('',(-1.,1.224646799147E-16,0.));
#8486 = ORIENTED_EDGE('',*,*,#7307,.T.);
#8487 = ORIENTED_EDGE('',*,*,#8451,.F.);
#8488 = ORIENTED_EDGE('',*,*,#7428,.F.);
#8489 = PLANE('',#8490);
#8490 = AXIS2_PLACEMENT_3D('',#8491,#8492,#8493);
#8491 = CARTESIAN_POINT('',(0.32,0.32,-0.9));
#8492 = DIRECTION('',(-1.095357396528E-16,-0.894427191,0.4472135955));
#8493 = DIRECTION('',(-5.476786982641E-17,-0.4472135955,-0.894427191));
#8494 = ADVANCED_FACE('',(#8495),#8506,.F.);
#8495 = FACE_BOUND('',#8496,.F.);
#8496 = EDGE_LOOP('',(#8497,#8498,#8504,#8505));
#8497 = ORIENTED_EDGE('',*,*,#7420,.F.);
#8498 = ORIENTED_EDGE('',*,*,#8499,.T.);
#8499 = EDGE_CURVE('',#7412,#7291,#8500,.T.);
#8500 = LINE('',#8501,#8502);
#8501 = CARTESIAN_POINT('',(0.32,0.32,3.38));
#8502 = VECTOR('',#8503,1.);
#8503 = DIRECTION('',(-1.,1.224646799147E-16,0.));
#8504 = ORIENTED_EDGE('',*,*,#7299,.T.);
#8505 = ORIENTED_EDGE('',*,*,#8481,.F.);
#8506 = PLANE('',#8507);
#8507 = AXIS2_PLACEMENT_3D('',#8508,#8509,#8510);
#8508 = CARTESIAN_POINT('',(0.32,0.32,4.07));
#8509 = DIRECTION('',(-1.224646799147E-16,-1.,0.));
#8510 = DIRECTION('',(-0.,0.,-1.));
#8511 = ADVANCED_FACE('',(#8512),#8518,.T.);
#8512 = FACE_BOUND('',#8513,.T.);
#8513 = EDGE_LOOP('',(#8514,#8515,#8516,#8517));
#8514 = ORIENTED_EDGE('',*,*,#7411,.T.);
#8515 = ORIENTED_EDGE('',*,*,#8499,.T.);
#8516 = ORIENTED_EDGE('',*,*,#7290,.F.);
#8517 = ORIENTED_EDGE('',*,*,#7495,.F.);
#8518 = CYLINDRICAL_SURFACE('',#8519,0.69);
#8519 = AXIS2_PLACEMENT_3D('',#8520,#8521,#8522);
#8520 = CARTESIAN_POINT('',(0.32,-0.37,3.38));
#8521 = DIRECTION('',(-1.,1.224646799147E-16,0.));
#8522 = DIRECTION('',(0.,0.,1.));
#8523 = ADVANCED_FACE('',(#8524),#8551,.T.);
#8524 = FACE_BOUND('',#8525,.F.);
#8525 = EDGE_LOOP('',(#8526,#8534,#8542,#8548,#8549,#8550));
#8526 = ORIENTED_EDGE('',*,*,#8527,.F.);
#8527 = EDGE_CURVE('',#8528,#8460,#8530,.T.);
#8528 = VERTEX_POINT('',#8529);
#8529 = CARTESIAN_POINT('',(0.12,0.12,-3.4));
#8530 = LINE('',#8531,#8532);
#8531 = CARTESIAN_POINT('',(0.255852405654,0.236085051658,
    -3.264147594346));
#8532 = VECTOR('',#8533,1.);
#8533 = DIRECTION('',(0.605209817607,0.517148096144,0.605209817607));
#8534 = ORIENTED_EDGE('',*,*,#8535,.T.);
#8535 = EDGE_CURVE('',#8528,#8536,#8538,.T.);
#8536 = VERTEX_POINT('',#8537);
#8537 = CARTESIAN_POINT('',(0.12,-0.12,-3.4));
#8538 = LINE('',#8539,#8540);
#8539 = CARTESIAN_POINT('',(0.12,0.32,-3.4));
#8540 = VECTOR('',#8541,1.);
#8541 = DIRECTION('',(-1.224646799147E-16,-1.,0.));
#8542 = ORIENTED_EDGE('',*,*,#8543,.T.);
#8543 = EDGE_CURVE('',#8536,#8379,#8544,.T.);
#8544 = LINE('',#8545,#8546);
#8545 = CARTESIAN_POINT('',(0.137677660989,-0.140687872705,
    -3.382322339011));
#8546 = VECTOR('',#8547,1.);
#8547 = DIRECTION('',(0.544770019249,-0.63753529491,0.544770019249));
#8548 = ORIENTED_EDGE('',*,*,#8378,.T.);
#8549 = ORIENTED_EDGE('',*,*,#7444,.F.);
#8550 = ORIENTED_EDGE('',*,*,#8467,.F.);
#8551 = PLANE('',#8552);
#8552 = AXIS2_PLACEMENT_3D('',#8553,#8554,#8555);
#8553 = CARTESIAN_POINT('',(0.22,0.32,-3.3));
#8554 = DIRECTION('',(0.707106781187,-8.486018839685E-17,-0.707106781187
    ));
#8555 = DIRECTION('',(1.212375546256E-16,1.,1.227125289196E-18));
#8556 = ADVANCED_FACE('',(#8557),#8568,.T.);
#8557 = FACE_BOUND('',#8558,.T.);
#8558 = EDGE_LOOP('',(#8559,#8560,#8566,#8567));
#8559 = ORIENTED_EDGE('',*,*,#7624,.T.);
#8560 = ORIENTED_EDGE('',*,*,#8561,.T.);
#8561 = EDGE_CURVE('',#7625,#7543,#8562,.T.);
#8562 = LINE('',#8563,#8564);
#8563 = CARTESIAN_POINT('',(2.82,0.32,3.38));
#8564 = VECTOR('',#8565,1.);
#8565 = DIRECTION('',(-1.,1.224646799147E-16,0.));
#8566 = ORIENTED_EDGE('',*,*,#7542,.F.);
#8567 = ORIENTED_EDGE('',*,*,#7526,.F.);
#8568 = CYLINDRICAL_SURFACE('',#8569,0.69);
#8569 = AXIS2_PLACEMENT_3D('',#8570,#8571,#8572);
#8570 = CARTESIAN_POINT('',(2.82,-0.37,3.38));
#8571 = DIRECTION('',(-1.,1.224646799147E-16,0.));
#8572 = DIRECTION('',(0.,0.,1.));
#8573 = ADVANCED_FACE('',(#8574),#8585,.F.);
#8574 = FACE_BOUND('',#8575,.F.);
#8575 = EDGE_LOOP('',(#8576,#8577,#8583,#8584));
#8576 = ORIENTED_EDGE('',*,*,#7657,.T.);
#8577 = ORIENTED_EDGE('',*,*,#8578,.T.);
#8578 = EDGE_CURVE('',#7650,#7568,#8579,.T.);
#8579 = LINE('',#8580,#8581);
#8580 = CARTESIAN_POINT('',(2.82,-0.32,3.38));
#8581 = VECTOR('',#8582,1.);
#8582 = DIRECTION('',(-1.,1.224646799147E-16,0.));
#8583 = ORIENTED_EDGE('',*,*,#7575,.F.);
#8584 = ORIENTED_EDGE('',*,*,#7606,.F.);
#8585 = CYLINDRICAL_SURFACE('',#8586,5.E-02);
#8586 = AXIS2_PLACEMENT_3D('',#8587,#8588,#8589);
#8587 = CARTESIAN_POINT('',(2.82,-0.37,3.38));
#8588 = DIRECTION('',(-1.,1.224646799147E-16,0.));
#8589 = DIRECTION('',(0.,0.,1.));
#8590 = ADVANCED_FACE('',(#8591),#8602,.F.);
#8591 = FACE_BOUND('',#8592,.F.);
#8592 = EDGE_LOOP('',(#8593,#8594,#8600,#8601));
#8593 = ORIENTED_EDGE('',*,*,#7649,.F.);
#8594 = ORIENTED_EDGE('',*,*,#8595,.T.);
#8595 = EDGE_CURVE('',#7642,#7560,#8596,.T.);
#8596 = LINE('',#8597,#8598);
#8597 = CARTESIAN_POINT('',(2.82,-0.32,-3.2));
#8598 = VECTOR('',#8599,1.);
#8599 = DIRECTION('',(-1.,1.224646799147E-16,0.));
#8600 = ORIENTED_EDGE('',*,*,#7567,.T.);
#8601 = ORIENTED_EDGE('',*,*,#8578,.F.);
#8602 = PLANE('',#8603);
#8603 = AXIS2_PLACEMENT_3D('',#8604,#8605,#8606);
#8604 = CARTESIAN_POINT('',(2.82,-0.32,-3.4));
#8605 = DIRECTION('',(1.224646799147E-16,1.,0.));
#8606 = DIRECTION('',(0.,-0.,1.));
#8607 = ADVANCED_FACE('',(#8608),#8633,.F.);
#8608 = FACE_BOUND('',#8609,.T.);
#8609 = EDGE_LOOP('',(#8610,#8618,#8626,#8632));
#8610 = ORIENTED_EDGE('',*,*,#8611,.F.);
#8611 = EDGE_CURVE('',#8612,#7552,#8614,.T.);
#8612 = VERTEX_POINT('',#8613);
#8613 = CARTESIAN_POINT('',(2.38,0.12,-3.4));
#8614 = LINE('',#8615,#8616);
#8615 = CARTESIAN_POINT('',(2.353333333333,0.146666666667,
    -3.373333333333));
#8616 = VECTOR('',#8617,1.);
#8617 = DIRECTION('',(-0.57735026919,0.57735026919,0.57735026919));
#8618 = ORIENTED_EDGE('',*,*,#8619,.T.);
#8619 = EDGE_CURVE('',#8612,#8620,#8622,.T.);
#8620 = VERTEX_POINT('',#8621);
#8621 = CARTESIAN_POINT('',(2.38,-0.12,-3.4));
#8622 = LINE('',#8623,#8624);
#8623 = CARTESIAN_POINT('',(2.38,0.32,-3.4));
#8624 = VECTOR('',#8625,1.);
#8625 = DIRECTION('',(-1.224646799147E-16,-1.,0.));
#8626 = ORIENTED_EDGE('',*,*,#8627,.T.);
#8627 = EDGE_CURVE('',#8620,#7560,#8628,.T.);
#8628 = LINE('',#8629,#8630);
#8629 = CARTESIAN_POINT('',(2.46,-4.E-02,-3.48));
#8630 = VECTOR('',#8631,1.);
#8631 = DIRECTION('',(-0.57735026919,-0.57735026919,0.57735026919));
#8632 = ORIENTED_EDGE('',*,*,#7559,.F.);
#8633 = PLANE('',#8634);
#8634 = AXIS2_PLACEMENT_3D('',#8635,#8636,#8637);
#8635 = CARTESIAN_POINT('',(2.28,0.32,-3.3));
#8636 = DIRECTION('',(0.707106781187,-8.833102285013E-17,0.707106781187)
  );
#8637 = DIRECTION('',(1.236918052038E-16,1.,1.227125289097E-18));
#8638 = ADVANCED_FACE('',(#8639),#8650,.F.);
#8639 = FACE_BOUND('',#8640,.F.);
#8640 = EDGE_LOOP('',(#8641,#8642,#8643,#8644));
#8641 = ORIENTED_EDGE('',*,*,#7633,.F.);
#8642 = ORIENTED_EDGE('',*,*,#8561,.T.);
#8643 = ORIENTED_EDGE('',*,*,#7551,.T.);
#8644 = ORIENTED_EDGE('',*,*,#8645,.F.);
#8645 = EDGE_CURVE('',#7634,#7552,#8646,.T.);
#8646 = LINE('',#8647,#8648);
#8647 = CARTESIAN_POINT('',(2.82,0.32,-3.2));
#8648 = VECTOR('',#8649,1.);
#8649 = DIRECTION('',(-1.,1.224646799147E-16,0.));
#8650 = PLANE('',#8651);
#8651 = AXIS2_PLACEMENT_3D('',#8652,#8653,#8654);
#8652 = CARTESIAN_POINT('',(2.82,0.32,4.07));
#8653 = DIRECTION('',(-1.224646799147E-16,-1.,3.715605838772E-17));
#8654 = DIRECTION('',(-4.550304797346E-33,-3.715605838772E-17,-1.));
#8655 = ADVANCED_FACE('',(#8656),#8681,.T.);
#8656 = FACE_BOUND('',#8657,.F.);
#8657 = EDGE_LOOP('',(#8658,#8666,#8674,#8680));
#8658 = ORIENTED_EDGE('',*,*,#8659,.F.);
#8659 = EDGE_CURVE('',#8660,#7634,#8662,.T.);
#8660 = VERTEX_POINT('',#8661);
#8661 = CARTESIAN_POINT('',(2.62,0.12,-3.4));
#8662 = LINE('',#8663,#8664);
#8663 = CARTESIAN_POINT('',(2.753333333333,0.253333333333,
    -3.266666666667));
#8664 = VECTOR('',#8665,1.);
#8665 = DIRECTION('',(0.57735026919,0.57735026919,0.57735026919));
#8666 = ORIENTED_EDGE('',*,*,#8667,.T.);
#8667 = EDGE_CURVE('',#8660,#8668,#8670,.T.);
#8668 = VERTEX_POINT('',#8669);
#8669 = CARTESIAN_POINT('',(2.62,-0.12,-3.4));
#8670 = LINE('',#8671,#8672);
#8671 = CARTESIAN_POINT('',(2.62,0.32,-3.4));
#8672 = VECTOR('',#8673,1.);
#8673 = DIRECTION('',(-1.224646799147E-16,-1.,0.));
#8674 = ORIENTED_EDGE('',*,*,#8675,.T.);
#8675 = EDGE_CURVE('',#8668,#7642,#8676,.T.);
#8676 = LINE('',#8677,#8678);
#8677 = CARTESIAN_POINT('',(2.646666666667,-0.146666666667,
    -3.373333333333));
#8678 = VECTOR('',#8679,1.);
#8679 = DIRECTION('',(0.57735026919,-0.57735026919,0.57735026919));
#8680 = ORIENTED_EDGE('',*,*,#7641,.F.);
#8681 = PLANE('',#8682);
#8682 = AXIS2_PLACEMENT_3D('',#8683,#8684,#8685);
#8683 = CARTESIAN_POINT('',(2.72,0.32,-3.3));
#8684 = DIRECTION('',(0.707106781187,-8.486018839685E-17,-0.707106781187
    ));
#8685 = DIRECTION('',(1.212375546256E-16,1.,1.227125289196E-18));
#8686 = ADVANCED_FACE('',(#8687),#8698,.T.);
#8687 = FACE_BOUND('',#8688,.T.);
#8688 = EDGE_LOOP('',(#8689,#8690,#8696,#8697));
#8689 = ORIENTED_EDGE('',*,*,#7788,.T.);
#8690 = ORIENTED_EDGE('',*,*,#8691,.T.);
#8691 = EDGE_CURVE('',#7789,#7707,#8692,.T.);
#8692 = LINE('',#8693,#8694);
#8693 = CARTESIAN_POINT('',(5.32,0.32,3.38));
#8694 = VECTOR('',#8695,1.);
#8695 = DIRECTION('',(-1.,1.224646799147E-16,0.));
#8696 = ORIENTED_EDGE('',*,*,#7706,.F.);
#8697 = ORIENTED_EDGE('',*,*,#7690,.F.);
#8698 = CYLINDRICAL_SURFACE('',#8699,0.69);
#8699 = AXIS2_PLACEMENT_3D('',#8700,#8701,#8702);
#8700 = CARTESIAN_POINT('',(5.32,-0.37,3.38));
#8701 = DIRECTION('',(-1.,1.224646799147E-16,0.));
#8702 = DIRECTION('',(0.,0.,1.));
#8703 = ADVANCED_FACE('',(#8704),#8715,.F.);
#8704 = FACE_BOUND('',#8705,.F.);
#8705 = EDGE_LOOP('',(#8706,#8707,#8713,#8714));
#8706 = ORIENTED_EDGE('',*,*,#7821,.T.);
#8707 = ORIENTED_EDGE('',*,*,#8708,.T.);
#8708 = EDGE_CURVE('',#7814,#7732,#8709,.T.);
#8709 = LINE('',#8710,#8711);
#8710 = CARTESIAN_POINT('',(5.32,-0.32,3.38));
#8711 = VECTOR('',#8712,1.);
#8712 = DIRECTION('',(-1.,1.224646799147E-16,0.));
#8713 = ORIENTED_EDGE('',*,*,#7739,.F.);
#8714 = ORIENTED_EDGE('',*,*,#7770,.F.);
#8715 = CYLINDRICAL_SURFACE('',#8716,5.E-02);
#8716 = AXIS2_PLACEMENT_3D('',#8717,#8718,#8719);
#8717 = CARTESIAN_POINT('',(5.32,-0.37,3.38));
#8718 = DIRECTION('',(-1.,1.224646799147E-16,0.));
#8719 = DIRECTION('',(0.,0.,1.));
#8720 = ADVANCED_FACE('',(#8721),#8732,.F.);
#8721 = FACE_BOUND('',#8722,.F.);
#8722 = EDGE_LOOP('',(#8723,#8724,#8730,#8731));
#8723 = ORIENTED_EDGE('',*,*,#7813,.F.);
#8724 = ORIENTED_EDGE('',*,*,#8725,.T.);
#8725 = EDGE_CURVE('',#7806,#7724,#8726,.T.);
#8726 = LINE('',#8727,#8728);
#8727 = CARTESIAN_POINT('',(5.32,-0.32,-3.2));
#8728 = VECTOR('',#8729,1.);
#8729 = DIRECTION('',(-1.,1.224646799147E-16,0.));
#8730 = ORIENTED_EDGE('',*,*,#7731,.T.);
#8731 = ORIENTED_EDGE('',*,*,#8708,.F.);
#8732 = PLANE('',#8733);
#8733 = AXIS2_PLACEMENT_3D('',#8734,#8735,#8736);
#8734 = CARTESIAN_POINT('',(5.32,-0.32,-3.4));
#8735 = DIRECTION('',(1.224646799147E-16,1.,0.));
#8736 = DIRECTION('',(0.,-0.,1.));
#8737 = ADVANCED_FACE('',(#8738),#8763,.F.);
#8738 = FACE_BOUND('',#8739,.T.);
#8739 = EDGE_LOOP('',(#8740,#8748,#8756,#8762));
#8740 = ORIENTED_EDGE('',*,*,#8741,.F.);
#8741 = EDGE_CURVE('',#8742,#7716,#8744,.T.);
#8742 = VERTEX_POINT('',#8743);
#8743 = CARTESIAN_POINT('',(4.88,0.12,-3.4));
#8744 = LINE('',#8745,#8746);
#8745 = CARTESIAN_POINT('',(4.853333333333,0.146666666667,
    -3.373333333333));
#8746 = VECTOR('',#8747,1.);
#8747 = DIRECTION('',(-0.57735026919,0.57735026919,0.57735026919));
#8748 = ORIENTED_EDGE('',*,*,#8749,.T.);
#8749 = EDGE_CURVE('',#8742,#8750,#8752,.T.);
#8750 = VERTEX_POINT('',#8751);
#8751 = CARTESIAN_POINT('',(4.88,-0.12,-3.4));
#8752 = LINE('',#8753,#8754);
#8753 = CARTESIAN_POINT('',(4.88,0.32,-3.4));
#8754 = VECTOR('',#8755,1.);
#8755 = DIRECTION('',(-1.224646799147E-16,-1.,0.));
#8756 = ORIENTED_EDGE('',*,*,#8757,.T.);
#8757 = EDGE_CURVE('',#8750,#7724,#8758,.T.);
#8758 = LINE('',#8759,#8760);
#8759 = CARTESIAN_POINT('',(4.96,-4.E-02,-3.48));
#8760 = VECTOR('',#8761,1.);
#8761 = DIRECTION('',(-0.57735026919,-0.57735026919,0.57735026919));
#8762 = ORIENTED_EDGE('',*,*,#7723,.F.);
#8763 = PLANE('',#8764);
#8764 = AXIS2_PLACEMENT_3D('',#8765,#8766,#8767);
#8765 = CARTESIAN_POINT('',(4.78,0.32,-3.3));
#8766 = DIRECTION('',(0.707106781187,-8.833102285013E-17,0.707106781187)
  );
#8767 = DIRECTION('',(1.236918052038E-16,1.,1.227125289097E-18));
#8768 = ADVANCED_FACE('',(#8769),#8780,.F.);
#8769 = FACE_BOUND('',#8770,.F.);
#8770 = EDGE_LOOP('',(#8771,#8772,#8773,#8774));
#8771 = ORIENTED_EDGE('',*,*,#7797,.F.);
#8772 = ORIENTED_EDGE('',*,*,#8691,.T.);
#8773 = ORIENTED_EDGE('',*,*,#7715,.T.);
#8774 = ORIENTED_EDGE('',*,*,#8775,.F.);
#8775 = EDGE_CURVE('',#7798,#7716,#8776,.T.);
#8776 = LINE('',#8777,#8778);
#8777 = CARTESIAN_POINT('',(5.32,0.32,-3.2));
#8778 = VECTOR('',#8779,1.);
#8779 = DIRECTION('',(-1.,1.224646799147E-16,0.));
#8780 = PLANE('',#8781);
#8781 = AXIS2_PLACEMENT_3D('',#8782,#8783,#8784);
#8782 = CARTESIAN_POINT('',(5.32,0.32,4.07));
#8783 = DIRECTION('',(-1.224646799147E-16,-1.,3.715605838772E-17));
#8784 = DIRECTION('',(-4.550304797346E-33,-3.715605838772E-17,-1.));
#8785 = ADVANCED_FACE('',(#8786),#8811,.T.);
#8786 = FACE_BOUND('',#8787,.F.);
#8787 = EDGE_LOOP('',(#8788,#8796,#8804,#8810));
#8788 = ORIENTED_EDGE('',*,*,#8789,.F.);
#8789 = EDGE_CURVE('',#8790,#7798,#8792,.T.);
#8790 = VERTEX_POINT('',#8791);
#8791 = CARTESIAN_POINT('',(5.12,0.12,-3.4));
#8792 = LINE('',#8793,#8794);
#8793 = CARTESIAN_POINT('',(5.253333333333,0.253333333333,
    -3.266666666667));
#8794 = VECTOR('',#8795,1.);
#8795 = DIRECTION('',(0.57735026919,0.57735026919,0.57735026919));
#8796 = ORIENTED_EDGE('',*,*,#8797,.T.);
#8797 = EDGE_CURVE('',#8790,#8798,#8800,.T.);
#8798 = VERTEX_POINT('',#8799);
#8799 = CARTESIAN_POINT('',(5.12,-0.12,-3.4));
#8800 = LINE('',#8801,#8802);
#8801 = CARTESIAN_POINT('',(5.12,0.32,-3.4));
#8802 = VECTOR('',#8803,1.);
#8803 = DIRECTION('',(-1.224646799147E-16,-1.,0.));
#8804 = ORIENTED_EDGE('',*,*,#8805,.T.);
#8805 = EDGE_CURVE('',#8798,#7806,#8806,.T.);
#8806 = LINE('',#8807,#8808);
#8807 = CARTESIAN_POINT('',(5.146666666667,-0.146666666667,
    -3.373333333333));
#8808 = VECTOR('',#8809,1.);
#8809 = DIRECTION('',(0.57735026919,-0.57735026919,0.57735026919));
#8810 = ORIENTED_EDGE('',*,*,#7805,.F.);
#8811 = PLANE('',#8812);
#8812 = AXIS2_PLACEMENT_3D('',#8813,#8814,#8815);
#8813 = CARTESIAN_POINT('',(5.22,0.32,-3.3));
#8814 = DIRECTION('',(0.707106781187,-8.486018839685E-17,-0.707106781187
    ));
#8815 = DIRECTION('',(1.212375546256E-16,1.,1.227125289196E-18));
#8816 = ADVANCED_FACE('',(#8817),#8828,.F.);
#8817 = FACE_BOUND('',#8818,.F.);
#8818 = EDGE_LOOP('',(#8819,#8820,#8826,#8827));
#8819 = ORIENTED_EDGE('',*,*,#7911,.T.);
#8820 = ORIENTED_EDGE('',*,*,#8821,.T.);
#8821 = EDGE_CURVE('',#7904,#8018,#8822,.T.);
#8822 = LINE('',#8823,#8824);
#8823 = CARTESIAN_POINT('',(7.82,-0.32,3.38));
#8824 = VECTOR('',#8825,1.);
#8825 = DIRECTION('',(-1.,1.224646799147E-16,0.));
#8826 = ORIENTED_EDGE('',*,*,#8025,.F.);
#8827 = ORIENTED_EDGE('',*,*,#8049,.F.);
#8828 = CYLINDRICAL_SURFACE('',#8829,5.E-02);
#8829 = AXIS2_PLACEMENT_3D('',#8830,#8831,#8832);
#8830 = CARTESIAN_POINT('',(7.82,-0.37,3.38));
#8831 = DIRECTION('',(-1.,1.224646799147E-16,0.));
#8832 = DIRECTION('',(0.,0.,1.));
#8833 = ADVANCED_FACE('',(#8834),#8845,.F.);
#8834 = FACE_BOUND('',#8835,.F.);
#8835 = EDGE_LOOP('',(#8836,#8837,#8843,#8844));
#8836 = ORIENTED_EDGE('',*,*,#7903,.F.);
#8837 = ORIENTED_EDGE('',*,*,#8838,.T.);
#8838 = EDGE_CURVE('',#7896,#8010,#8839,.T.);
#8839 = LINE('',#8840,#8841);
#8840 = CARTESIAN_POINT('',(7.82,-0.32,-0.9));
#8841 = VECTOR('',#8842,1.);
#8842 = DIRECTION('',(-1.,1.224646799147E-16,0.));
#8843 = ORIENTED_EDGE('',*,*,#8017,.T.);
#8844 = ORIENTED_EDGE('',*,*,#8821,.F.);
#8845 = PLANE('',#8846);
#8846 = AXIS2_PLACEMENT_3D('',#8847,#8848,#8849);
#8847 = CARTESIAN_POINT('',(7.82,-0.32,-0.9));
#8848 = DIRECTION('',(1.224646799147E-16,1.,0.));
#8849 = DIRECTION('',(0.,-0.,1.));
#8850 = ADVANCED_FACE('',(#8851),#8862,.F.);
#8851 = FACE_BOUND('',#8852,.F.);
#8852 = EDGE_LOOP('',(#8853,#8859,#8860,#8861));
#8853 = ORIENTED_EDGE('',*,*,#8854,.T.);
#8854 = EDGE_CURVE('',#7888,#8002,#8855,.T.);
#8855 = LINE('',#8856,#8857);
#8856 = CARTESIAN_POINT('',(7.82,-0.62,-1.5));
#8857 = VECTOR('',#8858,1.);
#8858 = DIRECTION('',(-1.,1.224646799147E-16,0.));
#8859 = ORIENTED_EDGE('',*,*,#8009,.T.);
#8860 = ORIENTED_EDGE('',*,*,#8838,.F.);
#8861 = ORIENTED_EDGE('',*,*,#7895,.F.);
#8862 = PLANE('',#8863);
#8863 = AXIS2_PLACEMENT_3D('',#8864,#8865,#8866);
#8864 = CARTESIAN_POINT('',(7.82,-0.62,-1.5));
#8865 = DIRECTION('',(1.095357396528E-16,0.894427191,-0.4472135955));
#8866 = DIRECTION('',(5.476786982641E-17,0.4472135955,0.894427191));
#8867 = ADVANCED_FACE('',(#8868),#8895,.F.);
#8868 = FACE_BOUND('',#8869,.F.);
#8869 = EDGE_LOOP('',(#8870,#8871,#8879,#8887,#8893,#8894));
#8870 = ORIENTED_EDGE('',*,*,#7887,.F.);
#8871 = ORIENTED_EDGE('',*,*,#8872,.F.);
#8872 = EDGE_CURVE('',#8873,#7880,#8875,.T.);
#8873 = VERTEX_POINT('',#8874);
#8874 = CARTESIAN_POINT('',(7.817552593066,-0.351192514695,
    -3.202447406934));
#8875 = LINE('',#8876,#8877);
#8876 = CARTESIAN_POINT('',(7.693816689466,-0.331655266758,
    -3.326183310534));
#8877 = VECTOR('',#8878,1.);
#8878 = DIRECTION('',(0.702740385383,-0.110959008218,0.702740385383));
#8879 = ORIENTED_EDGE('',*,*,#8880,.T.);
#8880 = EDGE_CURVE('',#8873,#8881,#8883,.T.);
#8881 = VERTEX_POINT('',#8882);
#8882 = CARTESIAN_POINT('',(7.182447406934,-0.351192514695,
    -3.202447406934));
#8883 = LINE('',#8884,#8885);
#8884 = CARTESIAN_POINT('',(7.82,-0.351192514695,-3.202447406934));
#8885 = VECTOR('',#8886,1.);
#8886 = DIRECTION('',(-1.,1.224646799147E-16,0.));
#8887 = ORIENTED_EDGE('',*,*,#8888,.T.);
#8888 = EDGE_CURVE('',#8881,#7994,#8889,.T.);
#8889 = LINE('',#8890,#8891);
#8890 = CARTESIAN_POINT('',(7.464213406293,-0.306703146375,
    -3.484213406293));
#8891 = VECTOR('',#8892,1.);
#8892 = DIRECTION('',(-0.702740385383,-0.110959008218,0.702740385383));
#8893 = ORIENTED_EDGE('',*,*,#8001,.T.);
#8894 = ORIENTED_EDGE('',*,*,#8854,.F.);
#8895 = PLANE('',#8896);
#8896 = AXIS2_PLACEMENT_3D('',#8897,#8898,#8899);
#8897 = CARTESIAN_POINT('',(7.82,-0.32,-3.4));
#8898 = DIRECTION('',(1.209660753807E-16,0.987762965329,0.155962573473)
  );
#8899 = DIRECTION('',(-1.909990663905E-17,-0.155962573473,0.987762965329
    ));
#8900 = ADVANCED_FACE('',(#8901),#8935,.T.);
#8901 = FACE_BOUND('',#8902,.F.);
#8902 = EDGE_LOOP('',(#8903,#8913,#8921,#8927,#8928,#8929));
#8903 = ORIENTED_EDGE('',*,*,#8904,.F.);
#8904 = EDGE_CURVE('',#8905,#8907,#8909,.T.);
#8905 = VERTEX_POINT('',#8906);
#8906 = CARTESIAN_POINT('',(7.62,0.12,-3.4));
#8907 = VERTEX_POINT('',#8908);
#8908 = CARTESIAN_POINT('',(7.817552593066,0.288807485305,
    -3.202447406934));
#8909 = LINE('',#8910,#8911);
#8910 = CARTESIAN_POINT('',(7.755852405654,0.236085051658,
    -3.264147594346));
#8911 = VECTOR('',#8912,1.);
#8912 = DIRECTION('',(0.605209817607,0.517148096144,0.605209817607));
#8913 = ORIENTED_EDGE('',*,*,#8914,.T.);
#8914 = EDGE_CURVE('',#8905,#8915,#8917,.T.);
#8915 = VERTEX_POINT('',#8916);
#8916 = CARTESIAN_POINT('',(7.62,-0.12,-3.4));
#8917 = LINE('',#8918,#8919);
#8918 = CARTESIAN_POINT('',(7.62,0.32,-3.4));
#8919 = VECTOR('',#8920,1.);
#8920 = DIRECTION('',(-1.224646799147E-16,-1.,0.));
#8921 = ORIENTED_EDGE('',*,*,#8922,.T.);
#8922 = EDGE_CURVE('',#8915,#8873,#8923,.T.);
#8923 = LINE('',#8924,#8925);
#8924 = CARTESIAN_POINT('',(7.637677660989,-0.140687872705,
    -3.382322339011));
#8925 = VECTOR('',#8926,1.);
#8926 = DIRECTION('',(0.544770019249,-0.63753529491,0.544770019249));
#8927 = ORIENTED_EDGE('',*,*,#8872,.T.);
#8928 = ORIENTED_EDGE('',*,*,#7879,.F.);
#8929 = ORIENTED_EDGE('',*,*,#8930,.F.);
#8930 = EDGE_CURVE('',#8907,#7872,#8931,.T.);
#8931 = LINE('',#8932,#8933);
#8932 = CARTESIAN_POINT('',(8.199616963064,0.228481532148,
    -2.820383036936));
#8933 = VECTOR('',#8934,1.);
#8934 = DIRECTION('',(0.702740385383,-0.110959008218,0.702740385383));
#8935 = PLANE('',#8936);
#8936 = AXIS2_PLACEMENT_3D('',#8937,#8938,#8939);
#8937 = CARTESIAN_POINT('',(7.72,0.32,-3.3));
#8938 = DIRECTION('',(0.707106781187,-8.486018839685E-17,-0.707106781187
    ));
#8939 = DIRECTION('',(1.212375546256E-16,1.,1.227125289196E-18));
#8940 = ADVANCED_FACE('',(#8941),#8966,.F.);
#8941 = FACE_BOUND('',#8942,.F.);
#8942 = EDGE_LOOP('',(#8943,#8944,#8950,#8951,#8959,#8965));
#8943 = ORIENTED_EDGE('',*,*,#7871,.F.);
#8944 = ORIENTED_EDGE('',*,*,#8945,.T.);
#8945 = EDGE_CURVE('',#7864,#7978,#8946,.T.);
#8946 = LINE('',#8947,#8948);
#8947 = CARTESIAN_POINT('',(7.82,2.E-02,-1.5));
#8948 = VECTOR('',#8949,1.);
#8949 = DIRECTION('',(-1.,1.224646799147E-16,0.));
#8950 = ORIENTED_EDGE('',*,*,#7985,.T.);
#8951 = ORIENTED_EDGE('',*,*,#8952,.F.);
#8952 = EDGE_CURVE('',#8953,#7986,#8955,.T.);
#8953 = VERTEX_POINT('',#8954);
#8954 = CARTESIAN_POINT('',(7.182447406934,0.288807485305,
    -3.202447406934));
#8955 = LINE('',#8956,#8957);
#8956 = CARTESIAN_POINT('',(6.958413132695,0.253433652531,
    -2.978413132695));
#8957 = VECTOR('',#8958,1.);
#8958 = DIRECTION('',(-0.702740385383,-0.110959008218,0.702740385383));
#8959 = ORIENTED_EDGE('',*,*,#8960,.F.);
#8960 = EDGE_CURVE('',#8907,#8953,#8961,.T.);
#8961 = LINE('',#8962,#8963);
#8962 = CARTESIAN_POINT('',(7.82,0.288807485305,-3.202447406934));
#8963 = VECTOR('',#8964,1.);
#8964 = DIRECTION('',(-1.,1.224646799147E-16,0.));
#8965 = ORIENTED_EDGE('',*,*,#8930,.T.);
#8966 = PLANE('',#8967);
#8967 = AXIS2_PLACEMENT_3D('',#8968,#8969,#8970);
#8968 = CARTESIAN_POINT('',(7.82,2.E-02,-1.5));
#8969 = DIRECTION('',(-1.209660753807E-16,-0.987762965329,
    -0.155962573473));
#8970 = DIRECTION('',(1.909990663905E-17,0.155962573473,-0.987762965329)
  );
#8971 = ADVANCED_FACE('',(#8972),#8983,.F.);
#8972 = FACE_BOUND('',#8973,.F.);
#8973 = EDGE_LOOP('',(#8974,#8980,#8981,#8982));
#8974 = ORIENTED_EDGE('',*,*,#8975,.T.);
#8975 = EDGE_CURVE('',#7856,#7970,#8976,.T.);
#8976 = LINE('',#8977,#8978);
#8977 = CARTESIAN_POINT('',(7.82,0.32,-0.9));
#8978 = VECTOR('',#8979,1.);
#8979 = DIRECTION('',(-1.,1.224646799147E-16,0.));
#8980 = ORIENTED_EDGE('',*,*,#7977,.T.);
#8981 = ORIENTED_EDGE('',*,*,#8945,.F.);
#8982 = ORIENTED_EDGE('',*,*,#7863,.F.);
#8983 = PLANE('',#8984);
#8984 = AXIS2_PLACEMENT_3D('',#8985,#8986,#8987);
#8985 = CARTESIAN_POINT('',(7.82,0.32,-0.9));
#8986 = DIRECTION('',(-1.095357396528E-16,-0.894427191,0.4472135955));
#8987 = DIRECTION('',(-5.476786982641E-17,-0.4472135955,-0.894427191));
#8988 = ADVANCED_FACE('',(#8989),#9000,.F.);
#8989 = FACE_BOUND('',#8990,.F.);
#8990 = EDGE_LOOP('',(#8991,#8992,#8998,#8999));
#8991 = ORIENTED_EDGE('',*,*,#7855,.F.);
#8992 = ORIENTED_EDGE('',*,*,#8993,.T.);
#8993 = EDGE_CURVE('',#7847,#7961,#8994,.T.);
#8994 = LINE('',#8995,#8996);
#8995 = CARTESIAN_POINT('',(7.82,0.32,3.38));
#8996 = VECTOR('',#8997,1.);
#8997 = DIRECTION('',(-1.,1.224646799147E-16,0.));
#8998 = ORIENTED_EDGE('',*,*,#7969,.T.);
#8999 = ORIENTED_EDGE('',*,*,#8975,.F.);
#9000 = PLANE('',#9001);
#9001 = AXIS2_PLACEMENT_3D('',#9002,#9003,#9004);
#9002 = CARTESIAN_POINT('',(7.82,0.32,4.07));
#9003 = DIRECTION('',(-1.224646799147E-16,-1.,0.));
#9004 = DIRECTION('',(-0.,0.,-1.));
#9005 = ADVANCED_FACE('',(#9006),#9012,.T.);
#9006 = FACE_BOUND('',#9007,.T.);
#9007 = EDGE_LOOP('',(#9008,#9009,#9010,#9011));
#9008 = ORIENTED_EDGE('',*,*,#7846,.T.);
#9009 = ORIENTED_EDGE('',*,*,#8993,.T.);
#9010 = ORIENTED_EDGE('',*,*,#7960,.F.);
#9011 = ORIENTED_EDGE('',*,*,#7944,.F.);
#9012 = CYLINDRICAL_SURFACE('',#9013,0.69);
#9013 = AXIS2_PLACEMENT_3D('',#9014,#9015,#9016);
#9014 = CARTESIAN_POINT('',(7.82,-0.37,3.38));
#9015 = DIRECTION('',(-1.,1.224646799147E-16,0.));
#9016 = DIRECTION('',(0.,0.,1.));
#9017 = ADVANCED_FACE('',(#9018),#9045,.F.);
#9018 = FACE_BOUND('',#9019,.T.);
#9019 = EDGE_LOOP('',(#9020,#9028,#9036,#9042,#9043,#9044));
#9020 = ORIENTED_EDGE('',*,*,#9021,.F.);
#9021 = EDGE_CURVE('',#9022,#8953,#9024,.T.);
#9022 = VERTEX_POINT('',#9023);
#9023 = CARTESIAN_POINT('',(7.38,0.12,-3.4));
#9024 = LINE('',#9025,#9026);
#9025 = CARTESIAN_POINT('',(7.361356849811,0.135930458076,
    -3.381356849811));
#9026 = VECTOR('',#9027,1.);
#9027 = DIRECTION('',(-0.605209817607,0.517148096144,0.605209817607));
#9028 = ORIENTED_EDGE('',*,*,#9029,.T.);
#9029 = EDGE_CURVE('',#9022,#9030,#9032,.T.);
#9030 = VERTEX_POINT('',#9031);
#9031 = CARTESIAN_POINT('',(7.38,-0.12,-3.4));
#9032 = LINE('',#9033,#9034);
#9033 = CARTESIAN_POINT('',(7.38,0.32,-3.4));
#9034 = VECTOR('',#9035,1.);
#9035 = DIRECTION('',(-1.224646799147E-16,-1.,0.));
#9036 = ORIENTED_EDGE('',*,*,#9037,.T.);
#9037 = EDGE_CURVE('',#9030,#8881,#9038,.T.);
#9038 = LINE('',#9039,#9040);
#9039 = CARTESIAN_POINT('',(7.45729013865,-2.95486359438E-02,
    -3.47729013865));
#9040 = VECTOR('',#9041,1.);
#9041 = DIRECTION('',(-0.544770019249,-0.63753529491,0.544770019249));
#9042 = ORIENTED_EDGE('',*,*,#8888,.T.);
#9043 = ORIENTED_EDGE('',*,*,#7993,.F.);
#9044 = ORIENTED_EDGE('',*,*,#8952,.F.);
#9045 = PLANE('',#9046);
#9046 = AXIS2_PLACEMENT_3D('',#9047,#9048,#9049);
#9047 = CARTESIAN_POINT('',(7.28,0.32,-3.3));
#9048 = DIRECTION('',(0.707106781187,-8.833102285013E-17,0.707106781187)
  );
#9049 = DIRECTION('',(1.236918052038E-16,1.,1.227125289097E-18));
#9050 = ADVANCED_FACE('',(#9051),#9076,.F.);
#9051 = FACE_BOUND('',#9052,.F.);
#9052 = EDGE_LOOP('',(#9053,#9061,#9069,#9075));
#9053 = ORIENTED_EDGE('',*,*,#9054,.F.);
#9054 = EDGE_CURVE('',#9055,#8187,#9057,.T.);
#9055 = VERTEX_POINT('',#9056);
#9056 = CARTESIAN_POINT('',(2.82,-6.9,4.07));
#9057 = LINE('',#9058,#9059);
#9058 = CARTESIAN_POINT('',(2.82,-7.1,4.07));
#9059 = VECTOR('',#9060,1.);
#9060 = DIRECTION('',(1.224646799147E-16,1.,0.));
#9061 = ORIENTED_EDGE('',*,*,#9062,.T.);
#9062 = EDGE_CURVE('',#9055,#9063,#9065,.T.);
#9063 = VERTEX_POINT('',#9064);
#9064 = CARTESIAN_POINT('',(2.18,-6.9,4.07));
#9065 = LINE('',#9066,#9067);
#9066 = CARTESIAN_POINT('',(2.82,-6.9,4.07));
#9067 = VECTOR('',#9068,1.);
#9068 = DIRECTION('',(-1.,1.224646799147E-16,0.));
#9069 = ORIENTED_EDGE('',*,*,#9070,.T.);
#9070 = EDGE_CURVE('',#9063,#8185,#9071,.T.);
#9071 = LINE('',#9072,#9073);
#9072 = CARTESIAN_POINT('',(2.18,-7.1,4.07));
#9073 = VECTOR('',#9074,1.);
#9074 = DIRECTION('',(1.224646799147E-16,1.,0.));
#9075 = ORIENTED_EDGE('',*,*,#8184,.T.);
#9076 = PLANE('',#9077);
#9077 = AXIS2_PLACEMENT_3D('',#9078,#9079,#9080);
#9078 = CARTESIAN_POINT('',(2.82,-7.1,4.07));
#9079 = DIRECTION('',(-0.,0.,-1.));
#9080 = DIRECTION('',(1.224646799147E-16,1.,0.));
#9081 = ADVANCED_FACE('',(#9082),#9100,.T.);
#9082 = FACE_BOUND('',#9083,.T.);
#9083 = EDGE_LOOP('',(#9084,#9092,#9093,#9094));
#9084 = ORIENTED_EDGE('',*,*,#9085,.T.);
#9085 = EDGE_CURVE('',#9086,#9063,#9088,.T.);
#9086 = VERTEX_POINT('',#9087);
#9087 = CARTESIAN_POINT('',(2.18,-6.9,3.43));
#9088 = LINE('',#9089,#9090);
#9089 = CARTESIAN_POINT('',(2.18,-6.9,3.43));
#9090 = VECTOR('',#9091,1.);
#9091 = DIRECTION('',(0.,0.,1.));
#9092 = ORIENTED_EDGE('',*,*,#9070,.T.);
#9093 = ORIENTED_EDGE('',*,*,#8210,.T.);
#9094 = ORIENTED_EDGE('',*,*,#9095,.T.);
#9095 = EDGE_CURVE('',#8203,#9086,#9096,.T.);
#9096 = LINE('',#9097,#9098);
#9097 = CARTESIAN_POINT('',(2.18,-0.32,3.43));
#9098 = VECTOR('',#9099,1.);
#9099 = DIRECTION('',(-1.224646799147E-16,-1.,0.));
#9100 = PLANE('',#9101);
#9101 = AXIS2_PLACEMENT_3D('',#9102,#9103,#9104);
#9102 = CARTESIAN_POINT('',(2.18,-1.835016789792,1.889983210208));
#9103 = DIRECTION('',(-1.,1.224646799147E-16,0.));
#9104 = DIRECTION('',(0.,0.,1.));
#9105 = ADVANCED_FACE('',(#9106),#9124,.F.);
#9106 = FACE_BOUND('',#9107,.F.);
#9107 = EDGE_LOOP('',(#9108,#9116,#9117,#9118));
#9108 = ORIENTED_EDGE('',*,*,#9109,.F.);
#9109 = EDGE_CURVE('',#8195,#9110,#9112,.T.);
#9110 = VERTEX_POINT('',#9111);
#9111 = CARTESIAN_POINT('',(2.82,-6.9,3.43));
#9112 = LINE('',#9113,#9114);
#9113 = CARTESIAN_POINT('',(2.82,-0.32,3.43));
#9114 = VECTOR('',#9115,1.);
#9115 = DIRECTION('',(-1.224646799147E-16,-1.,0.));
#9116 = ORIENTED_EDGE('',*,*,#8202,.T.);
#9117 = ORIENTED_EDGE('',*,*,#9095,.T.);
#9118 = ORIENTED_EDGE('',*,*,#9119,.F.);
#9119 = EDGE_CURVE('',#9110,#9086,#9120,.T.);
#9120 = LINE('',#9121,#9122);
#9121 = CARTESIAN_POINT('',(2.82,-6.9,3.43));
#9122 = VECTOR('',#9123,1.);
#9123 = DIRECTION('',(-1.,1.224646799147E-16,0.));
#9124 = PLANE('',#9125);
#9125 = AXIS2_PLACEMENT_3D('',#9126,#9127,#9128);
#9126 = CARTESIAN_POINT('',(2.82,-0.32,3.43));
#9127 = DIRECTION('',(0.,0.,1.));
#9128 = DIRECTION('',(-1.224646799147E-16,-1.,0.));
#9129 = ADVANCED_FACE('',(#9130),#9141,.F.);
#9130 = FACE_BOUND('',#9131,.F.);
#9131 = EDGE_LOOP('',(#9132,#9138,#9139,#9140));
#9132 = ORIENTED_EDGE('',*,*,#9133,.T.);
#9133 = EDGE_CURVE('',#9110,#9055,#9134,.T.);
#9134 = LINE('',#9135,#9136);
#9135 = CARTESIAN_POINT('',(2.82,-6.9,3.43));
#9136 = VECTOR('',#9137,1.);
#9137 = DIRECTION('',(0.,0.,1.));
#9138 = ORIENTED_EDGE('',*,*,#9054,.T.);
#9139 = ORIENTED_EDGE('',*,*,#8194,.T.);
#9140 = ORIENTED_EDGE('',*,*,#9109,.T.);
#9141 = PLANE('',#9142);
#9142 = AXIS2_PLACEMENT_3D('',#9143,#9144,#9145);
#9143 = CARTESIAN_POINT('',(2.82,-1.835016789792,1.889983210208));
#9144 = DIRECTION('',(-1.,1.224646799147E-16,0.));
#9145 = DIRECTION('',(0.,0.,1.));
#9146 = ADVANCED_FACE('',(#9147),#9172,.F.);
#9147 = FACE_BOUND('',#9148,.F.);
#9148 = EDGE_LOOP('',(#9149,#9159,#9165,#9166));
#9149 = ORIENTED_EDGE('',*,*,#9150,.T.);
#9150 = EDGE_CURVE('',#9151,#9153,#9155,.T.);
#9151 = VERTEX_POINT('',#9152);
#9152 = CARTESIAN_POINT('',(7.82,-6.9,3.43));
#9153 = VERTEX_POINT('',#9154);
#9154 = CARTESIAN_POINT('',(7.82,-6.9,4.07));
#9155 = LINE('',#9156,#9157);
#9156 = CARTESIAN_POINT('',(7.82,-6.9,3.43));
#9157 = VECTOR('',#9158,1.);
#9158 = DIRECTION('',(0.,0.,1.));
#9159 = ORIENTED_EDGE('',*,*,#9160,.T.);
#9160 = EDGE_CURVE('',#9153,#8219,#9161,.T.);
#9161 = LINE('',#9162,#9163);
#9162 = CARTESIAN_POINT('',(7.82,-7.1,4.07));
#9163 = VECTOR('',#9164,1.);
#9164 = DIRECTION('',(1.224646799147E-16,1.,0.));
#9165 = ORIENTED_EDGE('',*,*,#8218,.T.);
#9166 = ORIENTED_EDGE('',*,*,#9167,.T.);
#9167 = EDGE_CURVE('',#8221,#9151,#9168,.T.);
#9168 = LINE('',#9169,#9170);
#9169 = CARTESIAN_POINT('',(7.82,-0.32,3.43));
#9170 = VECTOR('',#9171,1.);
#9171 = DIRECTION('',(-1.224646799147E-16,-1.,0.));
#9172 = PLANE('',#9173);
#9173 = AXIS2_PLACEMENT_3D('',#9174,#9175,#9176);
#9174 = CARTESIAN_POINT('',(7.82,-1.8494320772,1.868561531914));
#9175 = DIRECTION('',(-1.,1.224646799147E-16,0.));
#9176 = DIRECTION('',(0.,0.,1.));
#9177 = ADVANCED_FACE('',(#9178),#9196,.F.);
#9178 = FACE_BOUND('',#9179,.F.);
#9179 = EDGE_LOOP('',(#9180,#9181,#9189,#9195));
#9180 = ORIENTED_EDGE('',*,*,#9160,.F.);
#9181 = ORIENTED_EDGE('',*,*,#9182,.T.);
#9182 = EDGE_CURVE('',#9153,#9183,#9185,.T.);
#9183 = VERTEX_POINT('',#9184);
#9184 = CARTESIAN_POINT('',(7.18,-6.9,4.07));
#9185 = LINE('',#9186,#9187);
#9186 = CARTESIAN_POINT('',(7.82,-6.9,4.07));
#9187 = VECTOR('',#9188,1.);
#9188 = DIRECTION('',(-1.,1.224646799147E-16,0.));
#9189 = ORIENTED_EDGE('',*,*,#9190,.T.);
#9190 = EDGE_CURVE('',#9183,#8237,#9191,.T.);
#9191 = LINE('',#9192,#9193);
#9192 = CARTESIAN_POINT('',(7.18,-7.1,4.07));
#9193 = VECTOR('',#9194,1.);
#9194 = DIRECTION('',(1.224646799147E-16,1.,0.));
#9195 = ORIENTED_EDGE('',*,*,#8244,.T.);
#9196 = PLANE('',#9197);
#9197 = AXIS2_PLACEMENT_3D('',#9198,#9199,#9200);
#9198 = CARTESIAN_POINT('',(7.82,-7.1,4.07));
#9199 = DIRECTION('',(-0.,0.,-1.));
#9200 = DIRECTION('',(1.224646799147E-16,1.,0.));
#9201 = ADVANCED_FACE('',(#9202),#9220,.T.);
#9202 = FACE_BOUND('',#9203,.T.);
#9203 = EDGE_LOOP('',(#9204,#9212,#9213,#9214));
#9204 = ORIENTED_EDGE('',*,*,#9205,.T.);
#9205 = EDGE_CURVE('',#9206,#9183,#9208,.T.);
#9206 = VERTEX_POINT('',#9207);
#9207 = CARTESIAN_POINT('',(7.18,-6.9,3.43));
#9208 = LINE('',#9209,#9210);
#9209 = CARTESIAN_POINT('',(7.18,-6.9,3.43));
#9210 = VECTOR('',#9211,1.);
#9211 = DIRECTION('',(0.,0.,1.));
#9212 = ORIENTED_EDGE('',*,*,#9190,.T.);
#9213 = ORIENTED_EDGE('',*,*,#8236,.T.);
#9214 = ORIENTED_EDGE('',*,*,#9215,.T.);
#9215 = EDGE_CURVE('',#8229,#9206,#9216,.T.);
#9216 = LINE('',#9217,#9218);
#9217 = CARTESIAN_POINT('',(7.18,-0.32,3.43));
#9218 = VECTOR('',#9219,1.);
#9219 = DIRECTION('',(-1.224646799147E-16,-1.,0.));
#9220 = PLANE('',#9221);
#9221 = AXIS2_PLACEMENT_3D('',#9222,#9223,#9224);
#9222 = CARTESIAN_POINT('',(7.18,-1.8494320772,1.868561531914));
#9223 = DIRECTION('',(-1.,1.224646799147E-16,0.));
#9224 = DIRECTION('',(0.,0.,1.));
#9225 = ADVANCED_FACE('',(#9226),#9237,.F.);
#9226 = FACE_BOUND('',#9227,.F.);
#9227 = EDGE_LOOP('',(#9228,#9229,#9230,#9231));
#9228 = ORIENTED_EDGE('',*,*,#9167,.F.);
#9229 = ORIENTED_EDGE('',*,*,#8228,.T.);
#9230 = ORIENTED_EDGE('',*,*,#9215,.T.);
#9231 = ORIENTED_EDGE('',*,*,#9232,.F.);
#9232 = EDGE_CURVE('',#9151,#9206,#9233,.T.);
#9233 = LINE('',#9234,#9235);
#9234 = CARTESIAN_POINT('',(7.82,-6.9,3.43));
#9235 = VECTOR('',#9236,1.);
#9236 = DIRECTION('',(-1.,1.224646799147E-16,0.));
#9237 = PLANE('',#9238);
#9238 = AXIS2_PLACEMENT_3D('',#9239,#9240,#9241);
#9239 = CARTESIAN_POINT('',(7.82,-0.32,3.43));
#9240 = DIRECTION('',(0.,0.,1.));
#9241 = DIRECTION('',(-1.224646799147E-16,-1.,0.));
#9242 = ADVANCED_FACE('',(#9243),#9268,.F.);
#9243 = FACE_BOUND('',#9244,.F.);
#9244 = EDGE_LOOP('',(#9245,#9253,#9261,#9267));
#9245 = ORIENTED_EDGE('',*,*,#9246,.F.);
#9246 = EDGE_CURVE('',#9247,#8255,#9249,.T.);
#9247 = VERTEX_POINT('',#9248);
#9248 = CARTESIAN_POINT('',(5.32,-6.9,4.07));
#9249 = LINE('',#9250,#9251);
#9250 = CARTESIAN_POINT('',(5.32,-7.1,4.07));
#9251 = VECTOR('',#9252,1.);
#9252 = DIRECTION('',(1.224646799147E-16,1.,0.));
#9253 = ORIENTED_EDGE('',*,*,#9254,.T.);
#9254 = EDGE_CURVE('',#9247,#9255,#9257,.T.);
#9255 = VERTEX_POINT('',#9256);
#9256 = CARTESIAN_POINT('',(4.68,-6.9,4.07));
#9257 = LINE('',#9258,#9259);
#9258 = CARTESIAN_POINT('',(5.32,-6.9,4.07));
#9259 = VECTOR('',#9260,1.);
#9260 = DIRECTION('',(-1.,1.224646799147E-16,0.));
#9261 = ORIENTED_EDGE('',*,*,#9262,.T.);
#9262 = EDGE_CURVE('',#9255,#8253,#9263,.T.);
#9263 = LINE('',#9264,#9265);
#9264 = CARTESIAN_POINT('',(4.68,-7.1,4.07));
#9265 = VECTOR('',#9266,1.);
#9266 = DIRECTION('',(1.224646799147E-16,1.,0.));
#9267 = ORIENTED_EDGE('',*,*,#8252,.T.);
#9268 = PLANE('',#9269);
#9269 = AXIS2_PLACEMENT_3D('',#9270,#9271,#9272);
#9270 = CARTESIAN_POINT('',(5.32,-7.1,4.07));
#9271 = DIRECTION('',(-0.,0.,-1.));
#9272 = DIRECTION('',(1.224646799147E-16,1.,0.));
#9273 = ADVANCED_FACE('',(#9274),#9292,.T.);
#9274 = FACE_BOUND('',#9275,.T.);
#9275 = EDGE_LOOP('',(#9276,#9284,#9285,#9286));
#9276 = ORIENTED_EDGE('',*,*,#9277,.T.);
#9277 = EDGE_CURVE('',#9278,#9255,#9280,.T.);
#9278 = VERTEX_POINT('',#9279);
#9279 = CARTESIAN_POINT('',(4.68,-6.9,3.43));
#9280 = LINE('',#9281,#9282);
#9281 = CARTESIAN_POINT('',(4.68,-6.9,3.43));
#9282 = VECTOR('',#9283,1.);
#9283 = DIRECTION('',(0.,0.,1.));
#9284 = ORIENTED_EDGE('',*,*,#9262,.T.);
#9285 = ORIENTED_EDGE('',*,*,#8278,.T.);
#9286 = ORIENTED_EDGE('',*,*,#9287,.T.);
#9287 = EDGE_CURVE('',#8271,#9278,#9288,.T.);
#9288 = LINE('',#9289,#9290);
#9289 = CARTESIAN_POINT('',(4.68,-0.32,3.43));
#9290 = VECTOR('',#9291,1.);
#9291 = DIRECTION('',(-1.224646799147E-16,-1.,0.));
#9292 = PLANE('',#9293);
#9293 = AXIS2_PLACEMENT_3D('',#9294,#9295,#9296);
#9294 = CARTESIAN_POINT('',(4.68,-1.835016789792,1.889983210208));
#9295 = DIRECTION('',(-1.,1.224646799147E-16,0.));
#9296 = DIRECTION('',(0.,0.,1.));
#9297 = ADVANCED_FACE('',(#9298),#9316,.F.);
#9298 = FACE_BOUND('',#9299,.F.);
#9299 = EDGE_LOOP('',(#9300,#9308,#9309,#9310));
#9300 = ORIENTED_EDGE('',*,*,#9301,.F.);
#9301 = EDGE_CURVE('',#8263,#9302,#9304,.T.);
#9302 = VERTEX_POINT('',#9303);
#9303 = CARTESIAN_POINT('',(5.32,-6.9,3.43));
#9304 = LINE('',#9305,#9306);
#9305 = CARTESIAN_POINT('',(5.32,-0.32,3.43));
#9306 = VECTOR('',#9307,1.);
#9307 = DIRECTION('',(-1.224646799147E-16,-1.,0.));
#9308 = ORIENTED_EDGE('',*,*,#8270,.T.);
#9309 = ORIENTED_EDGE('',*,*,#9287,.T.);
#9310 = ORIENTED_EDGE('',*,*,#9311,.F.);
#9311 = EDGE_CURVE('',#9302,#9278,#9312,.T.);
#9312 = LINE('',#9313,#9314);
#9313 = CARTESIAN_POINT('',(5.32,-6.9,3.43));
#9314 = VECTOR('',#9315,1.);
#9315 = DIRECTION('',(-1.,1.224646799147E-16,0.));
#9316 = PLANE('',#9317);
#9317 = AXIS2_PLACEMENT_3D('',#9318,#9319,#9320);
#9318 = CARTESIAN_POINT('',(5.32,-0.32,3.43));
#9319 = DIRECTION('',(0.,0.,1.));
#9320 = DIRECTION('',(-1.224646799147E-16,-1.,0.));
#9321 = ADVANCED_FACE('',(#9322),#9333,.F.);
#9322 = FACE_BOUND('',#9323,.F.);
#9323 = EDGE_LOOP('',(#9324,#9330,#9331,#9332));
#9324 = ORIENTED_EDGE('',*,*,#9325,.T.);
#9325 = EDGE_CURVE('',#9302,#9247,#9326,.T.);
#9326 = LINE('',#9327,#9328);
#9327 = CARTESIAN_POINT('',(5.32,-6.9,3.43));
#9328 = VECTOR('',#9329,1.);
#9329 = DIRECTION('',(0.,0.,1.));
#9330 = ORIENTED_EDGE('',*,*,#9246,.T.);
#9331 = ORIENTED_EDGE('',*,*,#8262,.T.);
#9332 = ORIENTED_EDGE('',*,*,#9301,.T.);
#9333 = PLANE('',#9334);
#9334 = AXIS2_PLACEMENT_3D('',#9335,#9336,#9337);
#9335 = CARTESIAN_POINT('',(5.32,-1.835016789792,1.889983210208));
#9336 = DIRECTION('',(-1.,1.224646799147E-16,0.));
#9337 = DIRECTION('',(0.,0.,1.));
#9338 = ADVANCED_FACE('',(#9339),#9364,.T.);
#9339 = FACE_BOUND('',#9340,.T.);
#9340 = EDGE_LOOP('',(#9341,#9351,#9357,#9358));
#9341 = ORIENTED_EDGE('',*,*,#9342,.T.);
#9342 = EDGE_CURVE('',#9343,#9345,#9347,.T.);
#9343 = VERTEX_POINT('',#9344);
#9344 = CARTESIAN_POINT('',(-0.32,-6.9,3.43));
#9345 = VERTEX_POINT('',#9346);
#9346 = CARTESIAN_POINT('',(-0.32,-6.9,4.07));
#9347 = LINE('',#9348,#9349);
#9348 = CARTESIAN_POINT('',(-0.32,-6.9,3.43));
#9349 = VECTOR('',#9350,1.);
#9350 = DIRECTION('',(0.,0.,1.));
#9351 = ORIENTED_EDGE('',*,*,#9352,.T.);
#9352 = EDGE_CURVE('',#9345,#8287,#9353,.T.);
#9353 = LINE('',#9354,#9355);
#9354 = CARTESIAN_POINT('',(-0.32,-7.1,4.07));
#9355 = VECTOR('',#9356,1.);
#9356 = DIRECTION('',(1.224646799147E-16,1.,0.));
#9357 = ORIENTED_EDGE('',*,*,#8286,.T.);
#9358 = ORIENTED_EDGE('',*,*,#9359,.T.);
#9359 = EDGE_CURVE('',#8289,#9343,#9360,.T.);
#9360 = LINE('',#9361,#9362);
#9361 = CARTESIAN_POINT('',(-0.32,-0.32,3.43));
#9362 = VECTOR('',#9363,1.);
#9363 = DIRECTION('',(-1.224646799147E-16,-1.,0.));
#9364 = PLANE('',#9365);
#9365 = AXIS2_PLACEMENT_3D('',#9366,#9367,#9368);
#9366 = CARTESIAN_POINT('',(-0.32,-1.8494320772,1.868561531914));
#9367 = DIRECTION('',(-1.,1.224646799147E-16,0.));
#9368 = DIRECTION('',(0.,0.,1.));
#9369 = ADVANCED_FACE('',(#9370),#9388,.F.);
#9370 = FACE_BOUND('',#9371,.F.);
#9371 = EDGE_LOOP('',(#9372,#9380,#9381,#9382));
#9372 = ORIENTED_EDGE('',*,*,#9373,.F.);
#9373 = EDGE_CURVE('',#8305,#9374,#9376,.T.);
#9374 = VERTEX_POINT('',#9375);
#9375 = CARTESIAN_POINT('',(0.32,-6.9,3.43));
#9376 = LINE('',#9377,#9378);
#9377 = CARTESIAN_POINT('',(0.32,-0.32,3.43));
#9378 = VECTOR('',#9379,1.);
#9379 = DIRECTION('',(-1.224646799147E-16,-1.,0.));
#9380 = ORIENTED_EDGE('',*,*,#8312,.T.);
#9381 = ORIENTED_EDGE('',*,*,#9359,.T.);
#9382 = ORIENTED_EDGE('',*,*,#9383,.F.);
#9383 = EDGE_CURVE('',#9374,#9343,#9384,.T.);
#9384 = LINE('',#9385,#9386);
#9385 = CARTESIAN_POINT('',(0.32,-6.9,3.43));
#9386 = VECTOR('',#9387,1.);
#9387 = DIRECTION('',(-1.,1.224646799147E-16,0.));
#9388 = PLANE('',#9389);
#9389 = AXIS2_PLACEMENT_3D('',#9390,#9391,#9392);
#9390 = CARTESIAN_POINT('',(0.32,-0.32,3.43));
#9391 = DIRECTION('',(0.,0.,1.));
#9392 = DIRECTION('',(-1.224646799147E-16,-1.,0.));
#9393 = ADVANCED_FACE('',(#9394),#9412,.F.);
#9394 = FACE_BOUND('',#9395,.F.);
#9395 = EDGE_LOOP('',(#9396,#9404,#9410,#9411));
#9396 = ORIENTED_EDGE('',*,*,#9397,.T.);
#9397 = EDGE_CURVE('',#9374,#9398,#9400,.T.);
#9398 = VERTEX_POINT('',#9399);
#9399 = CARTESIAN_POINT('',(0.32,-6.9,4.07));
#9400 = LINE('',#9401,#9402);
#9401 = CARTESIAN_POINT('',(0.32,-6.9,3.43));
#9402 = VECTOR('',#9403,1.);
#9403 = DIRECTION('',(0.,0.,1.));
#9404 = ORIENTED_EDGE('',*,*,#9405,.T.);
#9405 = EDGE_CURVE('',#9398,#8297,#9406,.T.);
#9406 = LINE('',#9407,#9408);
#9407 = CARTESIAN_POINT('',(0.32,-7.1,4.07));
#9408 = VECTOR('',#9409,1.);
#9409 = DIRECTION('',(1.224646799147E-16,1.,0.));
#9410 = ORIENTED_EDGE('',*,*,#8304,.T.);
#9411 = ORIENTED_EDGE('',*,*,#9373,.T.);
#9412 = PLANE('',#9413);
#9413 = AXIS2_PLACEMENT_3D('',#9414,#9415,#9416);
#9414 = CARTESIAN_POINT('',(0.32,-1.8494320772,1.868561531914));
#9415 = DIRECTION('',(-1.,1.224646799147E-16,0.));
#9416 = DIRECTION('',(0.,0.,1.));
#9417 = ADVANCED_FACE('',(#9418),#9429,.F.);
#9418 = FACE_BOUND('',#9419,.F.);
#9419 = EDGE_LOOP('',(#9420,#9421,#9427,#9428));
#9420 = ORIENTED_EDGE('',*,*,#9405,.F.);
#9421 = ORIENTED_EDGE('',*,*,#9422,.T.);
#9422 = EDGE_CURVE('',#9398,#9345,#9423,.T.);
#9423 = LINE('',#9424,#9425);
#9424 = CARTESIAN_POINT('',(0.32,-6.9,4.07));
#9425 = VECTOR('',#9426,1.);
#9426 = DIRECTION('',(-1.,1.224646799147E-16,0.));
#9427 = ORIENTED_EDGE('',*,*,#9352,.T.);
#9428 = ORIENTED_EDGE('',*,*,#8296,.T.);
#9429 = PLANE('',#9430);
#9430 = AXIS2_PLACEMENT_3D('',#9431,#9432,#9433);
#9431 = CARTESIAN_POINT('',(0.32,-7.1,4.07));
#9432 = DIRECTION('',(-0.,0.,-1.));
#9433 = DIRECTION('',(1.224646799147E-16,1.,0.));
#9434 = ADVANCED_FACE('',(#9435),#9446,.T.);
#9435 = FACE_BOUND('',#9436,.F.);
#9436 = EDGE_LOOP('',(#9437,#9438,#9444,#9445));
#9437 = ORIENTED_EDGE('',*,*,#8543,.F.);
#9438 = ORIENTED_EDGE('',*,*,#9439,.T.);
#9439 = EDGE_CURVE('',#8536,#8421,#9440,.T.);
#9440 = LINE('',#9441,#9442);
#9441 = CARTESIAN_POINT('',(0.32,-0.12,-3.4));
#9442 = VECTOR('',#9443,1.);
#9443 = DIRECTION('',(-1.,1.224646799147E-16,0.));
#9444 = ORIENTED_EDGE('',*,*,#8428,.T.);
#9445 = ORIENTED_EDGE('',*,*,#8386,.F.);
#9446 = PLANE('',#9447);
#9447 = AXIS2_PLACEMENT_3D('',#9448,#9449,#9450);
#9448 = CARTESIAN_POINT('',(0.32,-0.235596257347,-3.301223703467));
#9449 = DIRECTION('',(-8.302774088379E-17,-0.64962967394,-0.760250805153
    ));
#9450 = DIRECTION('',(1.,-1.247195775152E-16,-2.638869166629E-18));
#9451 = ADVANCED_FACE('',(#9452),#9463,.T.);
#9452 = FACE_BOUND('',#9453,.T.);
#9453 = EDGE_LOOP('',(#9454,#9455,#9461,#9462));
#9454 = ORIENTED_EDGE('',*,*,#8527,.F.);
#9455 = ORIENTED_EDGE('',*,*,#9456,.T.);
#9456 = EDGE_CURVE('',#8528,#8411,#9457,.T.);
#9457 = LINE('',#9458,#9459);
#9458 = CARTESIAN_POINT('',(0.32,0.12,-3.4));
#9459 = VECTOR('',#9460,1.);
#9460 = DIRECTION('',(-1.,1.224646799147E-16,0.));
#9461 = ORIENTED_EDGE('',*,*,#8410,.T.);
#9462 = ORIENTED_EDGE('',*,*,#8459,.F.);
#9463 = PLANE('',#9464);
#9464 = AXIS2_PLACEMENT_3D('',#9465,#9466,#9467);
#9465 = CARTESIAN_POINT('',(0.32,0.204403742653,-3.301223703467));
#9466 = DIRECTION('',(9.310387150808E-17,0.760250805153,-0.64962967394)
  );
#9467 = DIRECTION('',(-1.,1.224646799148E-16,-5.515863360725E-29));
#9468 = ADVANCED_FACE('',(#9469),#9475,.F.);
#9469 = FACE_BOUND('',#9470,.F.);
#9470 = EDGE_LOOP('',(#9471,#9472,#9473,#9474));
#9471 = ORIENTED_EDGE('',*,*,#9456,.T.);
#9472 = ORIENTED_EDGE('',*,*,#8420,.T.);
#9473 = ORIENTED_EDGE('',*,*,#9439,.F.);
#9474 = ORIENTED_EDGE('',*,*,#8535,.F.);
#9475 = PLANE('',#9476);
#9476 = AXIS2_PLACEMENT_3D('',#9477,#9478,#9479);
#9477 = CARTESIAN_POINT('',(0.32,0.32,-3.4));
#9478 = DIRECTION('',(0.,0.,1.));
#9479 = DIRECTION('',(-1.224646799147E-16,-1.,0.));
#9480 = ADVANCED_FACE('',(#9481),#9492,.T.);
#9481 = FACE_BOUND('',#9482,.F.);
#9482 = EDGE_LOOP('',(#9483,#9484,#9490,#9491));
#9483 = ORIENTED_EDGE('',*,*,#8675,.F.);
#9484 = ORIENTED_EDGE('',*,*,#9485,.T.);
#9485 = EDGE_CURVE('',#8668,#8620,#9486,.T.);
#9486 = LINE('',#9487,#9488);
#9487 = CARTESIAN_POINT('',(2.82,-0.12,-3.4));
#9488 = VECTOR('',#9489,1.);
#9489 = DIRECTION('',(-1.,1.224646799147E-16,0.));
#9490 = ORIENTED_EDGE('',*,*,#8627,.T.);
#9491 = ORIENTED_EDGE('',*,*,#8595,.F.);
#9492 = PLANE('',#9493);
#9493 = AXIS2_PLACEMENT_3D('',#9494,#9495,#9496);
#9494 = CARTESIAN_POINT('',(2.82,-0.22,-3.3));
#9495 = DIRECTION('',(-8.486018839685E-17,-0.707106781187,
    -0.707106781187));
#9496 = DIRECTION('',(1.,-1.212375546256E-16,1.227125289196E-18));
#9497 = ADVANCED_FACE('',(#9498),#9509,.T.);
#9498 = FACE_BOUND('',#9499,.T.);
#9499 = EDGE_LOOP('',(#9500,#9501,#9507,#9508));
#9500 = ORIENTED_EDGE('',*,*,#8659,.F.);
#9501 = ORIENTED_EDGE('',*,*,#9502,.T.);
#9502 = EDGE_CURVE('',#8660,#8612,#9503,.T.);
#9503 = LINE('',#9504,#9505);
#9504 = CARTESIAN_POINT('',(2.82,0.12,-3.4));
#9505 = VECTOR('',#9506,1.);
#9506 = DIRECTION('',(-1.,1.224646799147E-16,0.));
#9507 = ORIENTED_EDGE('',*,*,#8611,.T.);
#9508 = ORIENTED_EDGE('',*,*,#8645,.F.);
#9509 = PLANE('',#9510);
#9510 = AXIS2_PLACEMENT_3D('',#9511,#9512,#9513);
#9511 = CARTESIAN_POINT('',(2.82,0.22,-3.3));
#9512 = DIRECTION('',(8.486018839685E-17,0.707106781187,-0.707106781187)
  );
#9513 = DIRECTION('',(-1.,1.212375546256E-16,1.227125289196E-18));
#9514 = ADVANCED_FACE('',(#9515),#9521,.F.);
#9515 = FACE_BOUND('',#9516,.F.);
#9516 = EDGE_LOOP('',(#9517,#9518,#9519,#9520));
#9517 = ORIENTED_EDGE('',*,*,#9485,.F.);
#9518 = ORIENTED_EDGE('',*,*,#8667,.F.);
#9519 = ORIENTED_EDGE('',*,*,#9502,.T.);
#9520 = ORIENTED_EDGE('',*,*,#8619,.T.);
#9521 = PLANE('',#9522);
#9522 = AXIS2_PLACEMENT_3D('',#9523,#9524,#9525);
#9523 = CARTESIAN_POINT('',(2.82,0.32,-3.4));
#9524 = DIRECTION('',(0.,0.,1.));
#9525 = DIRECTION('',(-1.224646799147E-16,-1.,0.));
#9526 = ADVANCED_FACE('',(#9527),#9538,.T.);
#9527 = FACE_BOUND('',#9528,.F.);
#9528 = EDGE_LOOP('',(#9529,#9530,#9536,#9537));
#9529 = ORIENTED_EDGE('',*,*,#8805,.F.);
#9530 = ORIENTED_EDGE('',*,*,#9531,.T.);
#9531 = EDGE_CURVE('',#8798,#8750,#9532,.T.);
#9532 = LINE('',#9533,#9534);
#9533 = CARTESIAN_POINT('',(5.32,-0.12,-3.4));
#9534 = VECTOR('',#9535,1.);
#9535 = DIRECTION('',(-1.,1.224646799147E-16,0.));
#9536 = ORIENTED_EDGE('',*,*,#8757,.T.);
#9537 = ORIENTED_EDGE('',*,*,#8725,.F.);
#9538 = PLANE('',#9539);
#9539 = AXIS2_PLACEMENT_3D('',#9540,#9541,#9542);
#9540 = CARTESIAN_POINT('',(5.32,-0.22,-3.3));
#9541 = DIRECTION('',(-8.486018839685E-17,-0.707106781187,
    -0.707106781187));
#9542 = DIRECTION('',(1.,-1.212375546256E-16,1.227125289196E-18));
#9543 = ADVANCED_FACE('',(#9544),#9555,.T.);
#9544 = FACE_BOUND('',#9545,.T.);
#9545 = EDGE_LOOP('',(#9546,#9547,#9553,#9554));
#9546 = ORIENTED_EDGE('',*,*,#8789,.F.);
#9547 = ORIENTED_EDGE('',*,*,#9548,.T.);
#9548 = EDGE_CURVE('',#8790,#8742,#9549,.T.);
#9549 = LINE('',#9550,#9551);
#9550 = CARTESIAN_POINT('',(5.32,0.12,-3.4));
#9551 = VECTOR('',#9552,1.);
#9552 = DIRECTION('',(-1.,1.224646799147E-16,0.));
#9553 = ORIENTED_EDGE('',*,*,#8741,.T.);
#9554 = ORIENTED_EDGE('',*,*,#8775,.F.);
#9555 = PLANE('',#9556);
#9556 = AXIS2_PLACEMENT_3D('',#9557,#9558,#9559);
#9557 = CARTESIAN_POINT('',(5.32,0.22,-3.3));
#9558 = DIRECTION('',(8.486018839685E-17,0.707106781187,-0.707106781187)
  );
#9559 = DIRECTION('',(-1.,1.212375546256E-16,1.227125289196E-18));
#9560 = ADVANCED_FACE('',(#9561),#9567,.F.);
#9561 = FACE_BOUND('',#9562,.F.);
#9562 = EDGE_LOOP('',(#9563,#9564,#9565,#9566));
#9563 = ORIENTED_EDGE('',*,*,#9531,.F.);
#9564 = ORIENTED_EDGE('',*,*,#8797,.F.);
#9565 = ORIENTED_EDGE('',*,*,#9548,.T.);
#9566 = ORIENTED_EDGE('',*,*,#8749,.T.);
#9567 = PLANE('',#9568);
#9568 = AXIS2_PLACEMENT_3D('',#9569,#9570,#9571);
#9569 = CARTESIAN_POINT('',(5.32,0.32,-3.4));
#9570 = DIRECTION('',(0.,0.,1.));
#9571 = DIRECTION('',(-1.224646799147E-16,-1.,0.));
#9572 = ADVANCED_FACE('',(#9573),#9584,.T.);
#9573 = FACE_BOUND('',#9574,.F.);
#9574 = EDGE_LOOP('',(#9575,#9576,#9582,#9583));
#9575 = ORIENTED_EDGE('',*,*,#8922,.F.);
#9576 = ORIENTED_EDGE('',*,*,#9577,.T.);
#9577 = EDGE_CURVE('',#8915,#9030,#9578,.T.);
#9578 = LINE('',#9579,#9580);
#9579 = CARTESIAN_POINT('',(7.82,-0.12,-3.4));
#9580 = VECTOR('',#9581,1.);
#9581 = DIRECTION('',(-1.,1.224646799147E-16,0.));
#9582 = ORIENTED_EDGE('',*,*,#9037,.T.);
#9583 = ORIENTED_EDGE('',*,*,#8880,.F.);
#9584 = PLANE('',#9585);
#9585 = AXIS2_PLACEMENT_3D('',#9586,#9587,#9588);
#9586 = CARTESIAN_POINT('',(7.82,-0.235596257347,-3.301223703467));
#9587 = DIRECTION('',(-8.302774088379E-17,-0.64962967394,-0.760250805153
    ));
#9588 = DIRECTION('',(1.,-1.247195775152E-16,-2.638869166629E-18));
#9589 = ADVANCED_FACE('',(#9590),#9601,.T.);
#9590 = FACE_BOUND('',#9591,.T.);
#9591 = EDGE_LOOP('',(#9592,#9593,#9599,#9600));
#9592 = ORIENTED_EDGE('',*,*,#8904,.F.);
#9593 = ORIENTED_EDGE('',*,*,#9594,.T.);
#9594 = EDGE_CURVE('',#8905,#9022,#9595,.T.);
#9595 = LINE('',#9596,#9597);
#9596 = CARTESIAN_POINT('',(7.82,0.12,-3.4));
#9597 = VECTOR('',#9598,1.);
#9598 = DIRECTION('',(-1.,1.224646799147E-16,0.));
#9599 = ORIENTED_EDGE('',*,*,#9021,.T.);
#9600 = ORIENTED_EDGE('',*,*,#8960,.F.);
#9601 = PLANE('',#9602);
#9602 = AXIS2_PLACEMENT_3D('',#9603,#9604,#9605);
#9603 = CARTESIAN_POINT('',(7.82,0.204403742653,-3.301223703467));
#9604 = DIRECTION('',(9.310387150808E-17,0.760250805153,-0.64962967394)
  );
#9605 = DIRECTION('',(-1.,1.224646799148E-16,-5.515863360725E-29));
#9606 = ADVANCED_FACE('',(#9607),#9613,.F.);
#9607 = FACE_BOUND('',#9608,.F.);
#9608 = EDGE_LOOP('',(#9609,#9610,#9611,#9612));
#9609 = ORIENTED_EDGE('',*,*,#9594,.T.);
#9610 = ORIENTED_EDGE('',*,*,#9029,.T.);
#9611 = ORIENTED_EDGE('',*,*,#9577,.F.);
#9612 = ORIENTED_EDGE('',*,*,#8914,.F.);
#9613 = PLANE('',#9614);
#9614 = AXIS2_PLACEMENT_3D('',#9615,#9616,#9617);
#9615 = CARTESIAN_POINT('',(7.82,0.32,-3.4));
#9616 = DIRECTION('',(0.,0.,1.));
#9617 = DIRECTION('',(-1.224646799147E-16,-1.,0.));
#9618 = ADVANCED_FACE('',(#9619),#9644,.T.);
#9619 = FACE_BOUND('',#9620,.F.);
#9620 = EDGE_LOOP('',(#9621,#9629,#9637,#9643));
#9621 = ORIENTED_EDGE('',*,*,#9622,.F.);
#9622 = EDGE_CURVE('',#9623,#9055,#9625,.T.);
#9623 = VERTEX_POINT('',#9624);
#9624 = CARTESIAN_POINT('',(2.62,-7.1,3.87));
#9625 = LINE('',#9626,#9627);
#9626 = CARTESIAN_POINT('',(2.646666666667,-7.073333333333,
    3.896666666667));
#9627 = VECTOR('',#9628,1.);
#9628 = DIRECTION('',(0.57735026919,0.57735026919,0.57735026919));
#9629 = ORIENTED_EDGE('',*,*,#9630,.T.);
#9630 = EDGE_CURVE('',#9623,#9631,#9633,.T.);
#9631 = VERTEX_POINT('',#9632);
#9632 = CARTESIAN_POINT('',(2.38,-7.1,3.87));
#9633 = LINE('',#9634,#9635);
#9634 = CARTESIAN_POINT('',(2.82,-7.1,3.87));
#9635 = VECTOR('',#9636,1.);
#9636 = DIRECTION('',(-1.,1.224646799147E-16,0.));
#9637 = ORIENTED_EDGE('',*,*,#9638,.F.);
#9638 = EDGE_CURVE('',#9063,#9631,#9639,.T.);
#9639 = LINE('',#9640,#9641);
#9640 = CARTESIAN_POINT('',(2.46,-7.18,3.79));
#9641 = VECTOR('',#9642,1.);
#9642 = DIRECTION('',(0.57735026919,-0.57735026919,-0.57735026919));
#9643 = ORIENTED_EDGE('',*,*,#9062,.F.);
#9644 = PLANE('',#9645);
#9645 = AXIS2_PLACEMENT_3D('',#9646,#9647,#9648);
#9646 = CARTESIAN_POINT('',(2.82,-7.,3.97));
#9647 = DIRECTION('',(-8.659560562349E-17,-0.707106781187,0.707106781187
    ));
#9648 = DIRECTION('',(1.,-1.224646799147E-16,-2.105272540809E-29));
#9649 = ADVANCED_FACE('',(#9650),#9668,.F.);
#9650 = FACE_BOUND('',#9651,.F.);
#9651 = EDGE_LOOP('',(#9652,#9660,#9661,#9662));
#9652 = ORIENTED_EDGE('',*,*,#9653,.F.);
#9653 = EDGE_CURVE('',#9086,#9654,#9656,.T.);
#9654 = VERTEX_POINT('',#9655);
#9655 = CARTESIAN_POINT('',(2.38,-7.1,3.63));
#9656 = LINE('',#9657,#9658);
#9657 = CARTESIAN_POINT('',(2.353333333333,-7.073333333333,
    3.603333333333));
#9658 = VECTOR('',#9659,1.);
#9659 = DIRECTION('',(0.57735026919,-0.57735026919,0.57735026919));
#9660 = ORIENTED_EDGE('',*,*,#9085,.T.);
#9661 = ORIENTED_EDGE('',*,*,#9638,.T.);
#9662 = ORIENTED_EDGE('',*,*,#9663,.F.);
#9663 = EDGE_CURVE('',#9654,#9631,#9664,.T.);
#9664 = LINE('',#9665,#9666);
#9665 = CARTESIAN_POINT('',(2.38,-7.1,3.43));
#9666 = VECTOR('',#9667,1.);
#9667 = DIRECTION('',(0.,0.,1.));
#9668 = PLANE('',#9669);
#9669 = AXIS2_PLACEMENT_3D('',#9670,#9671,#9672);
#9670 = CARTESIAN_POINT('',(2.28,-7.,3.43));
#9671 = DIRECTION('',(0.707106781187,0.707106781187,1.735417226644E-18)
  );
#9672 = DIRECTION('',(-1.227125289148E-18,-1.227125289148E-18,1.));
#9673 = ADVANCED_FACE('',(#9674),#9692,.T.);
#9674 = FACE_BOUND('',#9675,.F.);
#9675 = EDGE_LOOP('',(#9676,#9684,#9685,#9686));
#9676 = ORIENTED_EDGE('',*,*,#9677,.F.);
#9677 = EDGE_CURVE('',#9110,#9678,#9680,.T.);
#9678 = VERTEX_POINT('',#9679);
#9679 = CARTESIAN_POINT('',(2.62,-7.1,3.63));
#9680 = LINE('',#9681,#9682);
#9681 = CARTESIAN_POINT('',(2.753333333333,-6.966666666667,
    3.496666666667));
#9682 = VECTOR('',#9683,1.);
#9683 = DIRECTION('',(-0.57735026919,-0.57735026919,0.57735026919));
#9684 = ORIENTED_EDGE('',*,*,#9119,.T.);
#9685 = ORIENTED_EDGE('',*,*,#9653,.T.);
#9686 = ORIENTED_EDGE('',*,*,#9687,.F.);
#9687 = EDGE_CURVE('',#9678,#9654,#9688,.T.);
#9688 = LINE('',#9689,#9690);
#9689 = CARTESIAN_POINT('',(2.82,-7.1,3.63));
#9690 = VECTOR('',#9691,1.);
#9691 = DIRECTION('',(-1.,1.224646799147E-16,0.));
#9692 = PLANE('',#9693);
#9693 = AXIS2_PLACEMENT_3D('',#9694,#9695,#9696);
#9694 = CARTESIAN_POINT('',(2.82,-7.,3.53));
#9695 = DIRECTION('',(-8.659560562349E-17,-0.707106781187,
    -0.707106781187));
#9696 = DIRECTION('',(1.,-1.224646799147E-16,2.105272540809E-29));
#9697 = ADVANCED_FACE('',(#9698),#9709,.T.);
#9698 = FACE_BOUND('',#9699,.T.);
#9699 = EDGE_LOOP('',(#9700,#9701,#9702,#9703));
#9700 = ORIENTED_EDGE('',*,*,#9677,.F.);
#9701 = ORIENTED_EDGE('',*,*,#9133,.T.);
#9702 = ORIENTED_EDGE('',*,*,#9622,.F.);
#9703 = ORIENTED_EDGE('',*,*,#9704,.F.);
#9704 = EDGE_CURVE('',#9678,#9623,#9705,.T.);
#9705 = LINE('',#9706,#9707);
#9706 = CARTESIAN_POINT('',(2.62,-7.1,3.43));
#9707 = VECTOR('',#9708,1.);
#9708 = DIRECTION('',(0.,0.,1.));
#9709 = PLANE('',#9710);
#9710 = AXIS2_PLACEMENT_3D('',#9711,#9712,#9713);
#9711 = CARTESIAN_POINT('',(2.72,-7.,3.43));
#9712 = DIRECTION('',(0.707106781187,-0.707106781187,-1.735417226644E-18
    ));
#9713 = DIRECTION('',(1.227125289148E-18,-1.227125289148E-18,1.));
#9714 = ADVANCED_FACE('',(#9715),#9740,.T.);
#9715 = FACE_BOUND('',#9716,.T.);
#9716 = EDGE_LOOP('',(#9717,#9725,#9726,#9734));
#9717 = ORIENTED_EDGE('',*,*,#9718,.F.);
#9718 = EDGE_CURVE('',#9151,#9719,#9721,.T.);
#9719 = VERTEX_POINT('',#9720);
#9720 = CARTESIAN_POINT('',(7.62,-7.1,3.63));
#9721 = LINE('',#9722,#9723);
#9722 = CARTESIAN_POINT('',(7.753333333333,-6.966666666667,
    3.496666666667));
#9723 = VECTOR('',#9724,1.);
#9724 = DIRECTION('',(-0.57735026919,-0.57735026919,0.57735026919));
#9725 = ORIENTED_EDGE('',*,*,#9150,.T.);
#9726 = ORIENTED_EDGE('',*,*,#9727,.F.);
#9727 = EDGE_CURVE('',#9728,#9153,#9730,.T.);
#9728 = VERTEX_POINT('',#9729);
#9729 = CARTESIAN_POINT('',(7.62,-7.1,3.87));
#9730 = LINE('',#9731,#9732);
#9731 = CARTESIAN_POINT('',(7.646666666667,-7.073333333333,
    3.896666666667));
#9732 = VECTOR('',#9733,1.);
#9733 = DIRECTION('',(0.57735026919,0.57735026919,0.57735026919));
#9734 = ORIENTED_EDGE('',*,*,#9735,.F.);
#9735 = EDGE_CURVE('',#9719,#9728,#9736,.T.);
#9736 = LINE('',#9737,#9738);
#9737 = CARTESIAN_POINT('',(7.62,-7.1,3.43));
#9738 = VECTOR('',#9739,1.);
#9739 = DIRECTION('',(0.,0.,1.));
#9740 = PLANE('',#9741);
#9741 = AXIS2_PLACEMENT_3D('',#9742,#9743,#9744);
#9742 = CARTESIAN_POINT('',(7.72,-7.,3.43));
#9743 = DIRECTION('',(0.707106781187,-0.707106781187,-1.735417226644E-18
    ));
#9744 = DIRECTION('',(1.227125289148E-18,-1.227125289148E-18,1.));
#9745 = ADVANCED_FACE('',(#9746),#9764,.T.);
#9746 = FACE_BOUND('',#9747,.F.);
#9747 = EDGE_LOOP('',(#9748,#9749,#9757,#9763));
#9748 = ORIENTED_EDGE('',*,*,#9727,.F.);
#9749 = ORIENTED_EDGE('',*,*,#9750,.T.);
#9750 = EDGE_CURVE('',#9728,#9751,#9753,.T.);
#9751 = VERTEX_POINT('',#9752);
#9752 = CARTESIAN_POINT('',(7.38,-7.1,3.87));
#9753 = LINE('',#9754,#9755);
#9754 = CARTESIAN_POINT('',(7.82,-7.1,3.87));
#9755 = VECTOR('',#9756,1.);
#9756 = DIRECTION('',(-1.,1.224646799147E-16,0.));
#9757 = ORIENTED_EDGE('',*,*,#9758,.F.);
#9758 = EDGE_CURVE('',#9183,#9751,#9759,.T.);
#9759 = LINE('',#9760,#9761);
#9760 = CARTESIAN_POINT('',(7.46,-7.18,3.79));
#9761 = VECTOR('',#9762,1.);
#9762 = DIRECTION('',(0.57735026919,-0.57735026919,-0.57735026919));
#9763 = ORIENTED_EDGE('',*,*,#9182,.F.);
#9764 = PLANE('',#9765);
#9765 = AXIS2_PLACEMENT_3D('',#9766,#9767,#9768);
#9766 = CARTESIAN_POINT('',(7.82,-7.,3.97));
#9767 = DIRECTION('',(-8.659560562349E-17,-0.707106781187,0.707106781187
    ));
#9768 = DIRECTION('',(1.,-1.224646799147E-16,-2.105272540809E-29));
#9769 = ADVANCED_FACE('',(#9770),#9788,.F.);
#9770 = FACE_BOUND('',#9771,.F.);
#9771 = EDGE_LOOP('',(#9772,#9780,#9781,#9782));
#9772 = ORIENTED_EDGE('',*,*,#9773,.F.);
#9773 = EDGE_CURVE('',#9206,#9774,#9776,.T.);
#9774 = VERTEX_POINT('',#9775);
#9775 = CARTESIAN_POINT('',(7.38,-7.1,3.63));
#9776 = LINE('',#9777,#9778);
#9777 = CARTESIAN_POINT('',(7.353333333333,-7.073333333333,
    3.603333333333));
#9778 = VECTOR('',#9779,1.);
#9779 = DIRECTION('',(0.57735026919,-0.57735026919,0.57735026919));
#9780 = ORIENTED_EDGE('',*,*,#9205,.T.);
#9781 = ORIENTED_EDGE('',*,*,#9758,.T.);
#9782 = ORIENTED_EDGE('',*,*,#9783,.F.);
#9783 = EDGE_CURVE('',#9774,#9751,#9784,.T.);
#9784 = LINE('',#9785,#9786);
#9785 = CARTESIAN_POINT('',(7.38,-7.1,3.43));
#9786 = VECTOR('',#9787,1.);
#9787 = DIRECTION('',(0.,0.,1.));
#9788 = PLANE('',#9789);
#9789 = AXIS2_PLACEMENT_3D('',#9790,#9791,#9792);
#9790 = CARTESIAN_POINT('',(7.28,-7.,3.43));
#9791 = DIRECTION('',(0.707106781187,0.707106781187,1.735417226644E-18)
  );
#9792 = DIRECTION('',(-1.227125289148E-18,-1.227125289148E-18,1.));
#9793 = ADVANCED_FACE('',(#9794),#9805,.T.);
#9794 = FACE_BOUND('',#9795,.F.);
#9795 = EDGE_LOOP('',(#9796,#9797,#9798,#9799));
#9796 = ORIENTED_EDGE('',*,*,#9718,.F.);
#9797 = ORIENTED_EDGE('',*,*,#9232,.T.);
#9798 = ORIENTED_EDGE('',*,*,#9773,.T.);
#9799 = ORIENTED_EDGE('',*,*,#9800,.F.);
#9800 = EDGE_CURVE('',#9719,#9774,#9801,.T.);
#9801 = LINE('',#9802,#9803);
#9802 = CARTESIAN_POINT('',(7.82,-7.1,3.63));
#9803 = VECTOR('',#9804,1.);
#9804 = DIRECTION('',(-1.,1.224646799147E-16,0.));
#9805 = PLANE('',#9806);
#9806 = AXIS2_PLACEMENT_3D('',#9807,#9808,#9809);
#9807 = CARTESIAN_POINT('',(7.82,-7.,3.53));
#9808 = DIRECTION('',(-8.659560562349E-17,-0.707106781187,
    -0.707106781187));
#9809 = DIRECTION('',(1.,-1.224646799147E-16,2.105272540809E-29));
#9810 = ADVANCED_FACE('',(#9811),#9836,.T.);
#9811 = FACE_BOUND('',#9812,.F.);
#9812 = EDGE_LOOP('',(#9813,#9821,#9829,#9835));
#9813 = ORIENTED_EDGE('',*,*,#9814,.F.);
#9814 = EDGE_CURVE('',#9815,#9247,#9817,.T.);
#9815 = VERTEX_POINT('',#9816);
#9816 = CARTESIAN_POINT('',(5.12,-7.1,3.87));
#9817 = LINE('',#9818,#9819);
#9818 = CARTESIAN_POINT('',(5.146666666667,-7.073333333333,
    3.896666666667));
#9819 = VECTOR('',#9820,1.);
#9820 = DIRECTION('',(0.57735026919,0.57735026919,0.57735026919));
#9821 = ORIENTED_EDGE('',*,*,#9822,.T.);
#9822 = EDGE_CURVE('',#9815,#9823,#9825,.T.);
#9823 = VERTEX_POINT('',#9824);
#9824 = CARTESIAN_POINT('',(4.88,-7.1,3.87));
#9825 = LINE('',#9826,#9827);
#9826 = CARTESIAN_POINT('',(5.32,-7.1,3.87));
#9827 = VECTOR('',#9828,1.);
#9828 = DIRECTION('',(-1.,1.224646799147E-16,0.));
#9829 = ORIENTED_EDGE('',*,*,#9830,.F.);
#9830 = EDGE_CURVE('',#9255,#9823,#9831,.T.);
#9831 = LINE('',#9832,#9833);
#9832 = CARTESIAN_POINT('',(4.96,-7.18,3.79));
#9833 = VECTOR('',#9834,1.);
#9834 = DIRECTION('',(0.57735026919,-0.57735026919,-0.57735026919));
#9835 = ORIENTED_EDGE('',*,*,#9254,.F.);
#9836 = PLANE('',#9837);
#9837 = AXIS2_PLACEMENT_3D('',#9838,#9839,#9840);
#9838 = CARTESIAN_POINT('',(5.32,-7.,3.97));
#9839 = DIRECTION('',(-8.659560562349E-17,-0.707106781187,0.707106781187
    ));
#9840 = DIRECTION('',(1.,-1.224646799147E-16,-2.105272540809E-29));
#9841 = ADVANCED_FACE('',(#9842),#9860,.F.);
#9842 = FACE_BOUND('',#9843,.F.);
#9843 = EDGE_LOOP('',(#9844,#9852,#9853,#9854));
#9844 = ORIENTED_EDGE('',*,*,#9845,.F.);
#9845 = EDGE_CURVE('',#9278,#9846,#9848,.T.);
#9846 = VERTEX_POINT('',#9847);
#9847 = CARTESIAN_POINT('',(4.88,-7.1,3.63));
#9848 = LINE('',#9849,#9850);
#9849 = CARTESIAN_POINT('',(4.853333333333,-7.073333333333,
    3.603333333333));
#9850 = VECTOR('',#9851,1.);
#9851 = DIRECTION('',(0.57735026919,-0.57735026919,0.57735026919));
#9852 = ORIENTED_EDGE('',*,*,#9277,.T.);
#9853 = ORIENTED_EDGE('',*,*,#9830,.T.);
#9854 = ORIENTED_EDGE('',*,*,#9855,.F.);
#9855 = EDGE_CURVE('',#9846,#9823,#9856,.T.);
#9856 = LINE('',#9857,#9858);
#9857 = CARTESIAN_POINT('',(4.88,-7.1,3.43));
#9858 = VECTOR('',#9859,1.);
#9859 = DIRECTION('',(0.,0.,1.));
#9860 = PLANE('',#9861);
#9861 = AXIS2_PLACEMENT_3D('',#9862,#9863,#9864);
#9862 = CARTESIAN_POINT('',(4.78,-7.,3.43));
#9863 = DIRECTION('',(0.707106781187,0.707106781187,1.735417226644E-18)
  );
#9864 = DIRECTION('',(-1.227125289148E-18,-1.227125289148E-18,1.));
#9865 = ADVANCED_FACE('',(#9866),#9884,.T.);
#9866 = FACE_BOUND('',#9867,.F.);
#9867 = EDGE_LOOP('',(#9868,#9876,#9877,#9878));
#9868 = ORIENTED_EDGE('',*,*,#9869,.F.);
#9869 = EDGE_CURVE('',#9302,#9870,#9872,.T.);
#9870 = VERTEX_POINT('',#9871);
#9871 = CARTESIAN_POINT('',(5.12,-7.1,3.63));
#9872 = LINE('',#9873,#9874);
#9873 = CARTESIAN_POINT('',(5.253333333333,-6.966666666667,
    3.496666666667));
#9874 = VECTOR('',#9875,1.);
#9875 = DIRECTION('',(-0.57735026919,-0.57735026919,0.57735026919));
#9876 = ORIENTED_EDGE('',*,*,#9311,.T.);
#9877 = ORIENTED_EDGE('',*,*,#9845,.T.);
#9878 = ORIENTED_EDGE('',*,*,#9879,.F.);
#9879 = EDGE_CURVE('',#9870,#9846,#9880,.T.);
#9880 = LINE('',#9881,#9882);
#9881 = CARTESIAN_POINT('',(5.32,-7.1,3.63));
#9882 = VECTOR('',#9883,1.);
#9883 = DIRECTION('',(-1.,1.224646799147E-16,0.));
#9884 = PLANE('',#9885);
#9885 = AXIS2_PLACEMENT_3D('',#9886,#9887,#9888);
#9886 = CARTESIAN_POINT('',(5.32,-7.,3.53));
#9887 = DIRECTION('',(-8.659560562349E-17,-0.707106781187,
    -0.707106781187));
#9888 = DIRECTION('',(1.,-1.224646799147E-16,2.105272540809E-29));
#9889 = ADVANCED_FACE('',(#9890),#9901,.T.);
#9890 = FACE_BOUND('',#9891,.T.);
#9891 = EDGE_LOOP('',(#9892,#9893,#9894,#9895));
#9892 = ORIENTED_EDGE('',*,*,#9869,.F.);
#9893 = ORIENTED_EDGE('',*,*,#9325,.T.);
#9894 = ORIENTED_EDGE('',*,*,#9814,.F.);
#9895 = ORIENTED_EDGE('',*,*,#9896,.F.);
#9896 = EDGE_CURVE('',#9870,#9815,#9897,.T.);
#9897 = LINE('',#9898,#9899);
#9898 = CARTESIAN_POINT('',(5.12,-7.1,3.43));
#9899 = VECTOR('',#9900,1.);
#9900 = DIRECTION('',(0.,0.,1.));
#9901 = PLANE('',#9902);
#9902 = AXIS2_PLACEMENT_3D('',#9903,#9904,#9905);
#9903 = CARTESIAN_POINT('',(5.22,-7.,3.43));
#9904 = DIRECTION('',(0.707106781187,-0.707106781187,-1.735417226644E-18
    ));
#9905 = DIRECTION('',(1.227125289148E-18,-1.227125289148E-18,1.));
#9906 = ADVANCED_FACE('',(#9907),#9932,.F.);
#9907 = FACE_BOUND('',#9908,.F.);
#9908 = EDGE_LOOP('',(#9909,#9917,#9918,#9926));
#9909 = ORIENTED_EDGE('',*,*,#9910,.F.);
#9910 = EDGE_CURVE('',#9343,#9911,#9913,.T.);
#9911 = VERTEX_POINT('',#9912);
#9912 = CARTESIAN_POINT('',(-0.12,-7.1,3.63));
#9913 = LINE('',#9914,#9915);
#9914 = CARTESIAN_POINT('',(-0.146666666667,-7.073333333333,
    3.603333333333));
#9915 = VECTOR('',#9916,1.);
#9916 = DIRECTION('',(0.57735026919,-0.57735026919,0.57735026919));
#9917 = ORIENTED_EDGE('',*,*,#9342,.T.);
#9918 = ORIENTED_EDGE('',*,*,#9919,.T.);
#9919 = EDGE_CURVE('',#9345,#9920,#9922,.T.);
#9920 = VERTEX_POINT('',#9921);
#9921 = CARTESIAN_POINT('',(-0.12,-7.1,3.87));
#9922 = LINE('',#9923,#9924);
#9923 = CARTESIAN_POINT('',(-4.E-02,-7.18,3.79));
#9924 = VECTOR('',#9925,1.);
#9925 = DIRECTION('',(0.57735026919,-0.57735026919,-0.57735026919));
#9926 = ORIENTED_EDGE('',*,*,#9927,.F.);
#9927 = EDGE_CURVE('',#9911,#9920,#9928,.T.);
#9928 = LINE('',#9929,#9930);
#9929 = CARTESIAN_POINT('',(-0.12,-7.1,3.43));
#9930 = VECTOR('',#9931,1.);
#9931 = DIRECTION('',(0.,0.,1.));
#9932 = PLANE('',#9933);
#9933 = AXIS2_PLACEMENT_3D('',#9934,#9935,#9936);
#9934 = CARTESIAN_POINT('',(-0.22,-7.,3.43));
#9935 = DIRECTION('',(0.707106781187,0.707106781187,1.735417226644E-18)
  );
#9936 = DIRECTION('',(-1.227125289148E-18,-1.227125289148E-18,1.));
#9937 = ADVANCED_FACE('',(#9938),#9956,.T.);
#9938 = FACE_BOUND('',#9939,.F.);
#9939 = EDGE_LOOP('',(#9940,#9948,#9949,#9950));
#9940 = ORIENTED_EDGE('',*,*,#9941,.F.);
#9941 = EDGE_CURVE('',#9374,#9942,#9944,.T.);
#9942 = VERTEX_POINT('',#9943);
#9943 = CARTESIAN_POINT('',(0.12,-7.1,3.63));
#9944 = LINE('',#9945,#9946);
#9945 = CARTESIAN_POINT('',(0.253333333333,-6.966666666667,
    3.496666666667));
#9946 = VECTOR('',#9947,1.);
#9947 = DIRECTION('',(-0.57735026919,-0.57735026919,0.57735026919));
#9948 = ORIENTED_EDGE('',*,*,#9383,.T.);
#9949 = ORIENTED_EDGE('',*,*,#9910,.T.);
#9950 = ORIENTED_EDGE('',*,*,#9951,.F.);
#9951 = EDGE_CURVE('',#9942,#9911,#9952,.T.);
#9952 = LINE('',#9953,#9954);
#9953 = CARTESIAN_POINT('',(0.32,-7.1,3.63));
#9954 = VECTOR('',#9955,1.);
#9955 = DIRECTION('',(-1.,1.224646799147E-16,0.));
#9956 = PLANE('',#9957);
#9957 = AXIS2_PLACEMENT_3D('',#9958,#9959,#9960);
#9958 = CARTESIAN_POINT('',(0.32,-7.,3.53));
#9959 = DIRECTION('',(-8.659560562349E-17,-0.707106781187,
    -0.707106781187));
#9960 = DIRECTION('',(1.,-1.224646799147E-16,2.105272540809E-29));
#9961 = ADVANCED_FACE('',(#9962),#9980,.T.);
#9962 = FACE_BOUND('',#9963,.T.);
#9963 = EDGE_LOOP('',(#9964,#9965,#9966,#9974));
#9964 = ORIENTED_EDGE('',*,*,#9941,.F.);
#9965 = ORIENTED_EDGE('',*,*,#9397,.T.);
#9966 = ORIENTED_EDGE('',*,*,#9967,.F.);
#9967 = EDGE_CURVE('',#9968,#9398,#9970,.T.);
#9968 = VERTEX_POINT('',#9969);
#9969 = CARTESIAN_POINT('',(0.12,-7.1,3.87));
#9970 = LINE('',#9971,#9972);
#9971 = CARTESIAN_POINT('',(0.146666666667,-7.073333333333,
    3.896666666667));
#9972 = VECTOR('',#9973,1.);
#9973 = DIRECTION('',(0.57735026919,0.57735026919,0.57735026919));
#9974 = ORIENTED_EDGE('',*,*,#9975,.F.);
#9975 = EDGE_CURVE('',#9942,#9968,#9976,.T.);
#9976 = LINE('',#9977,#9978);
#9977 = CARTESIAN_POINT('',(0.12,-7.1,3.43));
#9978 = VECTOR('',#9979,1.);
#9979 = DIRECTION('',(0.,0.,1.));
#9980 = PLANE('',#9981);
#9981 = AXIS2_PLACEMENT_3D('',#9982,#9983,#9984);
#9982 = CARTESIAN_POINT('',(0.22,-7.,3.43));
#9983 = DIRECTION('',(0.707106781187,-0.707106781187,-1.735417226644E-18
    ));
#9984 = DIRECTION('',(1.227125289148E-18,-1.227125289148E-18,1.));
#9985 = ADVANCED_FACE('',(#9986),#9997,.T.);
#9986 = FACE_BOUND('',#9987,.F.);
#9987 = EDGE_LOOP('',(#9988,#9989,#9995,#9996));
#9988 = ORIENTED_EDGE('',*,*,#9967,.F.);
#9989 = ORIENTED_EDGE('',*,*,#9990,.T.);
#9990 = EDGE_CURVE('',#9968,#9920,#9991,.T.);
#9991 = LINE('',#9992,#9993);
#9992 = CARTESIAN_POINT('',(0.32,-7.1,3.87));
#9993 = VECTOR('',#9994,1.);
#9994 = DIRECTION('',(-1.,1.224646799147E-16,0.));
#9995 = ORIENTED_EDGE('',*,*,#9919,.F.);
#9996 = ORIENTED_EDGE('',*,*,#9422,.F.);
#9997 = PLANE('',#9998);
#9998 = AXIS2_PLACEMENT_3D('',#9999,#10000,#10001);
#9999 = CARTESIAN_POINT('',(0.32,-7.,3.97));
#10000 = DIRECTION('',(-8.659560562349E-17,-0.707106781187,
    0.707106781187));
#10001 = DIRECTION('',(1.,-1.224646799147E-16,-2.105272540809E-29));
#10002 = ADVANCED_FACE('',(#10003),#10009,.F.);
#10003 = FACE_BOUND('',#10004,.F.);
#10004 = EDGE_LOOP('',(#10005,#10006,#10007,#10008));
#10005 = ORIENTED_EDGE('',*,*,#9687,.T.);
#10006 = ORIENTED_EDGE('',*,*,#9663,.T.);
#10007 = ORIENTED_EDGE('',*,*,#9630,.F.);
#10008 = ORIENTED_EDGE('',*,*,#9704,.F.);
#10009 = PLANE('',#10010);
#10010 = AXIS2_PLACEMENT_3D('',#10011,#10012,#10013);
#10011 = CARTESIAN_POINT('',(2.82,-7.1,3.43));
#10012 = DIRECTION('',(1.224646799147E-16,1.,0.));
#10013 = DIRECTION('',(0.,-0.,1.));
#10014 = ADVANCED_FACE('',(#10015),#10021,.F.);
#10015 = FACE_BOUND('',#10016,.F.);
#10016 = EDGE_LOOP('',(#10017,#10018,#10019,#10020));
#10017 = ORIENTED_EDGE('',*,*,#9800,.T.);
#10018 = ORIENTED_EDGE('',*,*,#9783,.T.);
#10019 = ORIENTED_EDGE('',*,*,#9750,.F.);
#10020 = ORIENTED_EDGE('',*,*,#9735,.F.);
#10021 = PLANE('',#10022);
#10022 = AXIS2_PLACEMENT_3D('',#10023,#10024,#10025);
#10023 = CARTESIAN_POINT('',(7.82,-7.1,3.43));
#10024 = DIRECTION('',(1.224646799147E-16,1.,0.));
#10025 = DIRECTION('',(0.,-0.,1.));
#10026 = ADVANCED_FACE('',(#10027),#10033,.F.);
#10027 = FACE_BOUND('',#10028,.F.);
#10028 = EDGE_LOOP('',(#10029,#10030,#10031,#10032));
#10029 = ORIENTED_EDGE('',*,*,#9879,.T.);
#10030 = ORIENTED_EDGE('',*,*,#9855,.T.);
#10031 = ORIENTED_EDGE('',*,*,#9822,.F.);
#10032 = ORIENTED_EDGE('',*,*,#9896,.F.);
#10033 = PLANE('',#10034);
#10034 = AXIS2_PLACEMENT_3D('',#10035,#10036,#10037);
#10035 = CARTESIAN_POINT('',(5.32,-7.1,3.43));
#10036 = DIRECTION('',(1.224646799147E-16,1.,0.));
#10037 = DIRECTION('',(0.,-0.,1.));
#10038 = ADVANCED_FACE('',(#10039),#10045,.F.);
#10039 = FACE_BOUND('',#10040,.F.);
#10040 = EDGE_LOOP('',(#10041,#10042,#10043,#10044));
#10041 = ORIENTED_EDGE('',*,*,#9951,.T.);
#10042 = ORIENTED_EDGE('',*,*,#9927,.T.);
#10043 = ORIENTED_EDGE('',*,*,#9990,.F.);
#10044 = ORIENTED_EDGE('',*,*,#9975,.F.);
#10045 = PLANE('',#10046);
#10046 = AXIS2_PLACEMENT_3D('',#10047,#10048,#10049);
#10047 = CARTESIAN_POINT('',(0.32,-7.1,3.43));
#10048 = DIRECTION('',(1.224646799147E-16,1.,0.));
#10049 = DIRECTION('',(0.,-0.,1.));
#10050 = ( GEOMETRIC_REPRESENTATION_CONTEXT(3) 
GLOBAL_UNCERTAINTY_ASSIGNED_CONTEXT((#10054)) 
GLOBAL_UNIT_ASSIGNED_CONTEXT((#10051,#10052,#10053)) 
REPRESENTATION_CONTEXT('Context #1',
  '3D Context with UNIT and UNCERTAINTY') );
#10051 = ( LENGTH_UNIT() NAMED_UNIT(*) SI_UNIT(.MILLI.,.METRE.) );
#10052 = ( NAMED_UNIT(*) PLANE_ANGLE_UNIT() SI_UNIT($,.RADIAN.) );
#10053 = ( NAMED_UNIT(*) SI_UNIT($,.STERADIAN.) SOLID_ANGLE_UNIT() );
#10054 = UNCERTAINTY_MEASURE_WITH_UNIT(LENGTH_MEASURE(1.E-07),#10051,
  'distance_accuracy_value','confusion accuracy');
#10055 = CONTEXT_DEPENDENT_SHAPE_REPRESENTATION(#10056,#10058);
#10056 = ( REPRESENTATION_RELATIONSHIP('','',#5046,#10) 
REPRESENTATION_RELATIONSHIP_WITH_TRANSFORMATION(#10057) 
SHAPE_REPRESENTATION_RELATIONSHIP() );
#10057 = ITEM_DEFINED_TRANSFORMATION('','',#11,#35);
#10058 = PRODUCT_DEFINITION_SHAPE('Placement','Placement of an item',
  #10059);
#10059 = NEXT_ASSEMBLY_USAGE_OCCURRENCE('6','J4','',#5,#5041,$);
#10060 = PRODUCT_RELATED_PRODUCT_CATEGORY('part',$,(#5043));
#10061 = CONTEXT_DEPENDENT_SHAPE_REPRESENTATION(#10062,#10064);
#10062 = ( REPRESENTATION_RELATIONSHIP('','',#3354,#10) 
REPRESENTATION_RELATIONSHIP_WITH_TRANSFORMATION(#10063) 
SHAPE_REPRESENTATION_RELATIONSHIP() );
#10063 = ITEM_DEFINED_TRANSFORMATION('','',#11,#39);
#10064 = PRODUCT_DEFINITION_SHAPE('Placement','Placement of an item',
  #10065);
#10065 = NEXT_ASSEMBLY_USAGE_OCCURRENCE('7','R1','',#5,#3349,$);
#10066 = CONTEXT_DEPENDENT_SHAPE_REPRESENTATION(#10067,#10069);
#10067 = ( REPRESENTATION_RELATIONSHIP('','',#5046,#10) 
REPRESENTATION_RELATIONSHIP_WITH_TRANSFORMATION(#10068) 
SHAPE_REPRESENTATION_RELATIONSHIP() );
#10068 = ITEM_DEFINED_TRANSFORMATION('','',#11,#43);
#10069 = PRODUCT_DEFINITION_SHAPE('Placement','Placement of an item',
  #10070);
#10070 = NEXT_ASSEMBLY_USAGE_OCCURRENCE('8','J3','',#5,#5041,$);
#10071 = CONTEXT_DEPENDENT_SHAPE_REPRESENTATION(#10072,#10074);
#10072 = ( REPRESENTATION_RELATIONSHIP('','',#4163,#10) 
REPRESENTATION_RELATIONSHIP_WITH_TRANSFORMATION(#10073) 
SHAPE_REPRESENTATION_RELATIONSHIP() );
#10073 = ITEM_DEFINED_TRANSFORMATION('','',#11,#47);
#10074 = PRODUCT_DEFINITION_SHAPE('Placement','Placement of an item',
  #10075);
#10075 = NEXT_ASSEMBLY_USAGE_OCCURRENCE('9','C4','',#5,#4158,$);
#10076 = CONTEXT_DEPENDENT_SHAPE_REPRESENTATION(#10077,#10079);
#10077 = ( REPRESENTATION_RELATIONSHIP('','',#84,#10) 
REPRESENTATION_RELATIONSHIP_WITH_TRANSFORMATION(#10078) 
SHAPE_REPRESENTATION_RELATIONSHIP() );
#10078 = ITEM_DEFINED_TRANSFORMATION('','',#11,#51);
#10079 = PRODUCT_DEFINITION_SHAPE('Placement','Placement of an item',
  #10080);
#10080 = NEXT_ASSEMBLY_USAGE_OCCURRENCE('10','J1','',#5,#79,$);
#10081 = CONTEXT_DEPENDENT_SHAPE_REPRESENTATION(#10082,#10084);
#10082 = ( REPRESENTATION_RELATIONSHIP('','',#4163,#10) 
REPRESENTATION_RELATIONSHIP_WITH_TRANSFORMATION(#10083) 
SHAPE_REPRESENTATION_RELATIONSHIP() );
#10083 = ITEM_DEFINED_TRANSFORMATION('','',#11,#55);
#10084 = PRODUCT_DEFINITION_SHAPE('Placement','Placement of an item',
  #10085);
#10085 = NEXT_ASSEMBLY_USAGE_OCCURRENCE('11','C5','',#5,#4158,$);
#10086 = SHAPE_DEFINITION_REPRESENTATION(#10087,#10093);
#10087 = PRODUCT_DEFINITION_SHAPE('','',#10088);
#10088 = PRODUCT_DEFINITION('design','',#10089,#10092);
#10089 = PRODUCT_DEFINITION_FORMATION('','',#10090);
#10090 = PRODUCT('LED_0805_2012Metric','LED_0805_2012Metric','',(#10091)
  );
#10091 = PRODUCT_CONTEXT('',#2,'mechanical');
#10092 = PRODUCT_DEFINITION_CONTEXT('part definition',#2,'design');
#10093 = ADVANCED_BREP_SHAPE_REPRESENTATION('',(#11,#10094),#11617);
#10094 = MANIFOLD_SOLID_BREP('',#10095);
#10095 = CLOSED_SHELL('',(#10096,#10136,#10183,#10262,#10286,#10326,
    #10357,#10374,#10407,#10431,#10498,#10619,#10686,#10710,#10741,
    #10774,#10830,#10854,#10878,#10902,#10935,#10947,#11010,#11035,
    #11052,#11076,#11094,#11112,#11130,#11147,#11164,#11195,#11220,
    #11245,#11269,#11286,#11317,#11341,#11358,#11386,#11411,#11435,
    #11460,#11507,#11524,#11536,#11558,#11570,#11588,#11606));
#10096 = ADVANCED_FACE('',(#10097),#10131,.F.);
#10097 = FACE_BOUND('',#10098,.F.);
#10098 = EDGE_LOOP('',(#10099,#10109,#10117,#10125));
#10099 = ORIENTED_EDGE('',*,*,#10100,.T.);
#10100 = EDGE_CURVE('',#10101,#10103,#10105,.T.);
#10101 = VERTEX_POINT('',#10102);
#10102 = CARTESIAN_POINT('',(-0.65,-0.625,0.465));
#10103 = VERTEX_POINT('',#10104);
#10104 = CARTESIAN_POINT('',(-0.585,-0.625,1.1));
#10105 = LINE('',#10106,#10107);
#10106 = CARTESIAN_POINT('',(-0.65,-0.625,0.465));
#10107 = VECTOR('',#10108,1.);
#10108 = DIRECTION('',(0.101830105936,0.,0.994801804142));
#10109 = ORIENTED_EDGE('',*,*,#10110,.T.);
#10110 = EDGE_CURVE('',#10103,#10111,#10113,.T.);
#10111 = VERTEX_POINT('',#10112);
#10112 = CARTESIAN_POINT('',(0.585,-0.625,1.1));
#10113 = LINE('',#10114,#10115);
#10114 = CARTESIAN_POINT('',(-0.585,-0.625,1.1));
#10115 = VECTOR('',#10116,1.);
#10116 = DIRECTION('',(1.,0.,0.));
#10117 = ORIENTED_EDGE('',*,*,#10118,.T.);
#10118 = EDGE_CURVE('',#10111,#10119,#10121,.T.);
#10119 = VERTEX_POINT('',#10120);
#10120 = CARTESIAN_POINT('',(0.65,-0.625,0.465));
#10121 = LINE('',#10122,#10123);
#10122 = CARTESIAN_POINT('',(0.585,-0.625,1.1));
#10123 = VECTOR('',#10124,1.);
#10124 = DIRECTION('',(0.101830105936,0.,-0.994801804142));
#10125 = ORIENTED_EDGE('',*,*,#10126,.T.);
#10126 = EDGE_CURVE('',#10119,#10101,#10127,.T.);
#10127 = LINE('',#10128,#10129);
#10128 = CARTESIAN_POINT('',(0.65,-0.625,0.465));
#10129 = VECTOR('',#10130,1.);
#10130 = DIRECTION('',(-1.,0.,-4.270088556251E-17));
#10131 = PLANE('',#10132);
#10132 = AXIS2_PLACEMENT_3D('',#10133,#10134,#10135);
#10133 = CARTESIAN_POINT('',(1.481626402817E-17,-0.625,0.771483451357));
#10134 = DIRECTION('',(-5.57234551408E-33,1.,3.18580557984E-32));
#10135 = DIRECTION('',(0.,-3.18580557984E-32,1.));
#10136 = ADVANCED_FACE('',(#10137),#10178,.T.);
#10137 = FACE_BOUND('',#10138,.T.);
#10138 = EDGE_LOOP('',(#10139,#10149,#10157,#10163,#10164,#10172));
#10139 = ORIENTED_EDGE('',*,*,#10140,.T.);
#10140 = EDGE_CURVE('',#10141,#10143,#10145,.T.);
#10141 = VERTEX_POINT('',#10142);
#10142 = CARTESIAN_POINT('',(-0.65,0.625,0.465));
#10143 = VERTEX_POINT('',#10144);
#10144 = CARTESIAN_POINT('',(-0.65,0.46875,0.465));
#10145 = LINE('',#10146,#10147);
#10146 = CARTESIAN_POINT('',(-0.65,0.625,0.465));
#10147 = VECTOR('',#10148,1.);
#10148 = DIRECTION('',(0.,-1.,0.));
#10149 = ORIENTED_EDGE('',*,*,#10150,.F.);
#10150 = EDGE_CURVE('',#10151,#10143,#10153,.T.);
#10151 = VERTEX_POINT('',#10152);
#10152 = CARTESIAN_POINT('',(-0.65,-0.46875,0.465));
#10153 = LINE('',#10154,#10155);
#10154 = CARTESIAN_POINT('',(-0.65,-0.625,0.465));
#10155 = VECTOR('',#10156,1.);
#10156 = DIRECTION('',(0.,1.,0.));
#10157 = ORIENTED_EDGE('',*,*,#10158,.T.);
#10158 = EDGE_CURVE('',#10151,#10101,#10159,.T.);
#10159 = LINE('',#10160,#10161);
#10160 = CARTESIAN_POINT('',(-0.65,0.625,0.465));
#10161 = VECTOR('',#10162,1.);
#10162 = DIRECTION('',(0.,-1.,0.));
#10163 = ORIENTED_EDGE('',*,*,#10100,.T.);
#10164 = ORIENTED_EDGE('',*,*,#10165,.F.);
#10165 = EDGE_CURVE('',#10166,#10103,#10168,.T.);
#10166 = VERTEX_POINT('',#10167);
#10167 = CARTESIAN_POINT('',(-0.585,0.625,1.1));
#10168 = LINE('',#10169,#10170);
#10169 = CARTESIAN_POINT('',(-0.585,0.625,1.1));
#10170 = VECTOR('',#10171,1.);
#10171 = DIRECTION('',(0.,-1.,0.));
#10172 = ORIENTED_EDGE('',*,*,#10173,.F.);
#10173 = EDGE_CURVE('',#10141,#10166,#10174,.T.);
#10174 = LINE('',#10175,#10176);
#10175 = CARTESIAN_POINT('',(-0.65,0.625,0.465));
#10176 = VECTOR('',#10177,1.);
#10177 = DIRECTION('',(0.101830105936,0.,0.994801804142));
#10178 = PLANE('',#10179);
#10179 = AXIS2_PLACEMENT_3D('',#10180,#10181,#10182);
#10180 = CARTESIAN_POINT('',(-0.65,0.625,0.465));
#10181 = DIRECTION('',(-0.994801804142,0.,0.101830105936));
#10182 = DIRECTION('',(0.101830105936,0.,0.994801804142));
#10183 = ADVANCED_FACE('',(#10184),#10257,.F.);
#10184 = FACE_BOUND('',#10185,.F.);
#10185 = EDGE_LOOP('',(#10186,#10196,#10204,#10212,#10218,#10219,#10227,
    #10235,#10243,#10251));
#10186 = ORIENTED_EDGE('',*,*,#10187,.F.);
#10187 = EDGE_CURVE('',#10188,#10190,#10192,.T.);
#10188 = VERTEX_POINT('',#10189);
#10189 = CARTESIAN_POINT('',(-0.965,-0.625,3.5E-02));
#10190 = VERTEX_POINT('',#10191);
#10191 = CARTESIAN_POINT('',(-0.9125,-0.625,3.5E-02));
#10192 = LINE('',#10193,#10194);
#10193 = CARTESIAN_POINT('',(-0.965,-0.625,3.5E-02));
#10194 = VECTOR('',#10195,1.);
#10195 = DIRECTION('',(1.,0.,0.));
#10196 = ORIENTED_EDGE('',*,*,#10197,.T.);
#10197 = EDGE_CURVE('',#10188,#10198,#10200,.T.);
#10198 = VERTEX_POINT('',#10199);
#10199 = CARTESIAN_POINT('',(-0.965,-0.625,0.465));
#10200 = LINE('',#10201,#10202);
#10201 = CARTESIAN_POINT('',(-0.965,-0.625,3.5E-02));
#10202 = VECTOR('',#10203,1.);
#10203 = DIRECTION('',(0.,0.,1.));
#10204 = ORIENTED_EDGE('',*,*,#10205,.T.);
#10205 = EDGE_CURVE('',#10198,#10206,#10208,.T.);
#10206 = VERTEX_POINT('',#10207);
#10207 = CARTESIAN_POINT('',(-0.9125,-0.625,0.465));
#10208 = LINE('',#10209,#10210);
#10209 = CARTESIAN_POINT('',(-0.965,-0.625,0.465));
#10210 = VECTOR('',#10211,1.);
#10211 = DIRECTION('',(1.,0.,0.));
#10212 = ORIENTED_EDGE('',*,*,#10213,.T.);
#10213 = EDGE_CURVE('',#10206,#10101,#10214,.T.);
#10214 = LINE('',#10215,#10216);
#10215 = CARTESIAN_POINT('',(-0.965,-0.625,0.465));
#10216 = VECTOR('',#10217,1.);
#10217 = DIRECTION('',(1.,0.,0.));
#10218 = ORIENTED_EDGE('',*,*,#10126,.F.);
#10219 = ORIENTED_EDGE('',*,*,#10220,.T.);
#10220 = EDGE_CURVE('',#10119,#10221,#10223,.T.);
#10221 = VERTEX_POINT('',#10222);
#10222 = CARTESIAN_POINT('',(0.9125,-0.625,0.465));
#10223 = LINE('',#10224,#10225);
#10224 = CARTESIAN_POINT('',(-0.965,-0.625,0.465));
#10225 = VECTOR('',#10226,1.);
#10226 = DIRECTION('',(1.,0.,0.));
#10227 = ORIENTED_EDGE('',*,*,#10228,.T.);
#10228 = EDGE_CURVE('',#10221,#10229,#10231,.T.);
#10229 = VERTEX_POINT('',#10230);
#10230 = CARTESIAN_POINT('',(0.965,-0.625,0.465));
#10231 = LINE('',#10232,#10233);
#10232 = CARTESIAN_POINT('',(-0.965,-0.625,0.465));
#10233 = VECTOR('',#10234,1.);
#10234 = DIRECTION('',(1.,0.,0.));
#10235 = ORIENTED_EDGE('',*,*,#10236,.F.);
#10236 = EDGE_CURVE('',#10237,#10229,#10239,.T.);
#10237 = VERTEX_POINT('',#10238);
#10238 = CARTESIAN_POINT('',(0.965,-0.625,3.5E-02));
#10239 = LINE('',#10240,#10241);
#10240 = CARTESIAN_POINT('',(0.965,-0.625,3.5E-02));
#10241 = VECTOR('',#10242,1.);
#10242 = DIRECTION('',(0.,0.,1.));
#10243 = ORIENTED_EDGE('',*,*,#10244,.F.);
#10244 = EDGE_CURVE('',#10245,#10237,#10247,.T.);
#10245 = VERTEX_POINT('',#10246);
#10246 = CARTESIAN_POINT('',(0.9125,-0.625,3.5E-02));
#10247 = LINE('',#10248,#10249);
#10248 = CARTESIAN_POINT('',(-0.965,-0.625,3.5E-02));
#10249 = VECTOR('',#10250,1.);
#10250 = DIRECTION('',(1.,0.,0.));
#10251 = ORIENTED_EDGE('',*,*,#10252,.F.);
#10252 = EDGE_CURVE('',#10190,#10245,#10253,.T.);
#10253 = LINE('',#10254,#10255);
#10254 = CARTESIAN_POINT('',(-0.965,-0.625,3.5E-02));
#10255 = VECTOR('',#10256,1.);
#10256 = DIRECTION('',(1.,0.,0.));
#10257 = PLANE('',#10258);
#10258 = AXIS2_PLACEMENT_3D('',#10259,#10260,#10261);
#10259 = CARTESIAN_POINT('',(-0.965,-0.625,3.5E-02));
#10260 = DIRECTION('',(0.,1.,0.));
#10261 = DIRECTION('',(0.,-0.,1.));
#10262 = ADVANCED_FACE('',(#10263),#10281,.T.);
#10263 = FACE_BOUND('',#10264,.T.);
#10264 = EDGE_LOOP('',(#10265,#10266,#10267,#10275));
#10265 = ORIENTED_EDGE('',*,*,#10165,.T.);
#10266 = ORIENTED_EDGE('',*,*,#10110,.T.);
#10267 = ORIENTED_EDGE('',*,*,#10268,.F.);
#10268 = EDGE_CURVE('',#10269,#10111,#10271,.T.);
#10269 = VERTEX_POINT('',#10270);
#10270 = CARTESIAN_POINT('',(0.585,0.625,1.1));
#10271 = LINE('',#10272,#10273);
#10272 = CARTESIAN_POINT('',(0.585,0.625,1.1));
#10273 = VECTOR('',#10274,1.);
#10274 = DIRECTION('',(0.,-1.,0.));
#10275 = ORIENTED_EDGE('',*,*,#10276,.F.);
#10276 = EDGE_CURVE('',#10166,#10269,#10277,.T.);
#10277 = LINE('',#10278,#10279);
#10278 = CARTESIAN_POINT('',(-0.585,0.625,1.1));
#10279 = VECTOR('',#10280,1.);
#10280 = DIRECTION('',(1.,0.,0.));
#10281 = PLANE('',#10282);
#10282 = AXIS2_PLACEMENT_3D('',#10283,#10284,#10285);
#10283 = CARTESIAN_POINT('',(-0.585,0.625,1.1));
#10284 = DIRECTION('',(0.,0.,1.));
#10285 = DIRECTION('',(1.,0.,-0.));
#10286 = ADVANCED_FACE('',(#10287),#10321,.T.);
#10287 = FACE_BOUND('',#10288,.T.);
#10288 = EDGE_LOOP('',(#10289,#10290,#10291,#10299,#10307,#10315));
#10289 = ORIENTED_EDGE('',*,*,#10268,.T.);
#10290 = ORIENTED_EDGE('',*,*,#10118,.T.);
#10291 = ORIENTED_EDGE('',*,*,#10292,.F.);
#10292 = EDGE_CURVE('',#10293,#10119,#10295,.T.);
#10293 = VERTEX_POINT('',#10294);
#10294 = CARTESIAN_POINT('',(0.65,-0.46875,0.465));
#10295 = LINE('',#10296,#10297);
#10296 = CARTESIAN_POINT('',(0.65,0.625,0.465));
#10297 = VECTOR('',#10298,1.);
#10298 = DIRECTION('',(0.,-1.,0.));
#10299 = ORIENTED_EDGE('',*,*,#10300,.F.);
#10300 = EDGE_CURVE('',#10301,#10293,#10303,.T.);
#10301 = VERTEX_POINT('',#10302);
#10302 = CARTESIAN_POINT('',(0.65,0.46875,0.465));
#10303 = LINE('',#10304,#10305);
#10304 = CARTESIAN_POINT('',(0.65,0.625,0.465));
#10305 = VECTOR('',#10306,1.);
#10306 = DIRECTION('',(0.,-1.,0.));
#10307 = ORIENTED_EDGE('',*,*,#10308,.F.);
#10308 = EDGE_CURVE('',#10309,#10301,#10311,.T.);
#10309 = VERTEX_POINT('',#10310);
#10310 = CARTESIAN_POINT('',(0.65,0.625,0.465));
#10311 = LINE('',#10312,#10313);
#10312 = CARTESIAN_POINT('',(0.65,0.625,0.465));
#10313 = VECTOR('',#10314,1.);
#10314 = DIRECTION('',(0.,-1.,0.));
#10315 = ORIENTED_EDGE('',*,*,#10316,.F.);
#10316 = EDGE_CURVE('',#10269,#10309,#10317,.T.);
#10317 = LINE('',#10318,#10319);
#10318 = CARTESIAN_POINT('',(0.585,0.625,1.1));
#10319 = VECTOR('',#10320,1.);
#10320 = DIRECTION('',(0.101830105936,0.,-0.994801804142));
#10321 = PLANE('',#10322);
#10322 = AXIS2_PLACEMENT_3D('',#10323,#10324,#10325);
#10323 = CARTESIAN_POINT('',(0.585,0.625,1.1));
#10324 = DIRECTION('',(0.994801804142,0.,0.101830105936));
#10325 = DIRECTION('',(0.101830105936,0.,-0.994801804142));
#10326 = ADVANCED_FACE('',(#10327),#10352,.T.);
#10327 = FACE_BOUND('',#10328,.T.);
#10328 = EDGE_LOOP('',(#10329,#10337,#10345,#10351));
#10329 = ORIENTED_EDGE('',*,*,#10330,.F.);
#10330 = EDGE_CURVE('',#10331,#10141,#10333,.T.);
#10331 = VERTEX_POINT('',#10332);
#10332 = CARTESIAN_POINT('',(-0.9125,0.625,0.465));
#10333 = LINE('',#10334,#10335);
#10334 = CARTESIAN_POINT('',(-0.965,0.625,0.465));
#10335 = VECTOR('',#10336,1.);
#10336 = DIRECTION('',(1.,0.,0.));
#10337 = ORIENTED_EDGE('',*,*,#10338,.F.);
#10338 = EDGE_CURVE('',#10339,#10331,#10341,.T.);
#10339 = VERTEX_POINT('',#10340);
#10340 = CARTESIAN_POINT('',(-0.9125,0.46875,0.465));
#10341 = LINE('',#10342,#10343);
#10342 = CARTESIAN_POINT('',(-0.9125,7.8125E-02,0.465));
#10343 = VECTOR('',#10344,1.);
#10344 = DIRECTION('',(0.,1.,0.));
#10345 = ORIENTED_EDGE('',*,*,#10346,.F.);
#10346 = EDGE_CURVE('',#10143,#10339,#10347,.T.);
#10347 = LINE('',#10348,#10349);
#10348 = CARTESIAN_POINT('',(-0.93875,0.46875,0.465));
#10349 = VECTOR('',#10350,1.);
#10350 = DIRECTION('',(-1.,0.,0.));
#10351 = ORIENTED_EDGE('',*,*,#10140,.F.);
#10352 = PLANE('',#10353);
#10353 = AXIS2_PLACEMENT_3D('',#10354,#10355,#10356);
#10354 = CARTESIAN_POINT('',(-0.965,-0.625,0.465));
#10355 = DIRECTION('',(0.,0.,1.));
#10356 = DIRECTION('',(1.,0.,-0.));
#10357 = ADVANCED_FACE('',(#10358),#10369,.T.);
#10358 = FACE_BOUND('',#10359,.T.);
#10359 = EDGE_LOOP('',(#10360,#10361,#10362,#10363));
#10360 = ORIENTED_EDGE('',*,*,#10173,.T.);
#10361 = ORIENTED_EDGE('',*,*,#10276,.T.);
#10362 = ORIENTED_EDGE('',*,*,#10316,.T.);
#10363 = ORIENTED_EDGE('',*,*,#10364,.T.);
#10364 = EDGE_CURVE('',#10309,#10141,#10365,.T.);
#10365 = LINE('',#10366,#10367);
#10366 = CARTESIAN_POINT('',(0.65,0.625,0.465));
#10367 = VECTOR('',#10368,1.);
#10368 = DIRECTION('',(-1.,0.,-4.270088556251E-17));
#10369 = PLANE('',#10370);
#10370 = AXIS2_PLACEMENT_3D('',#10371,#10372,#10373);
#10371 = CARTESIAN_POINT('',(1.481626402817E-17,0.625,0.771483451357));
#10372 = DIRECTION('',(-5.57234551408E-33,1.,3.18580557984E-32));
#10373 = DIRECTION('',(0.,-3.18580557984E-32,1.));
#10374 = ADVANCED_FACE('',(#10375),#10402,.T.);
#10375 = FACE_BOUND('',#10376,.T.);
#10376 = EDGE_LOOP('',(#10377,#10386,#10394,#10401));
#10377 = ORIENTED_EDGE('',*,*,#10378,.F.);
#10378 = EDGE_CURVE('',#10379,#10143,#10381,.T.);
#10379 = VERTEX_POINT('',#10380);
#10380 = CARTESIAN_POINT('',(-0.685,0.46875,0.5));
#10381 = CIRCLE('',#10382,3.5E-02);
#10382 = AXIS2_PLACEMENT_3D('',#10383,#10384,#10385);
#10383 = CARTESIAN_POINT('',(-0.685,0.46875,0.465));
#10384 = DIRECTION('',(-0.,1.,0.));
#10385 = DIRECTION('',(1.,0.,0.));
#10386 = ORIENTED_EDGE('',*,*,#10387,.F.);
#10387 = EDGE_CURVE('',#10388,#10379,#10390,.T.);
#10388 = VERTEX_POINT('',#10389);
#10389 = CARTESIAN_POINT('',(-0.685,-0.46875,0.5));
#10390 = LINE('',#10391,#10392);
#10391 = CARTESIAN_POINT('',(-0.685,-0.625,0.5));
#10392 = VECTOR('',#10393,1.);
#10393 = DIRECTION('',(0.,1.,0.));
#10394 = ORIENTED_EDGE('',*,*,#10395,.T.);
#10395 = EDGE_CURVE('',#10388,#10151,#10396,.T.);
#10396 = CIRCLE('',#10397,3.5E-02);
#10397 = AXIS2_PLACEMENT_3D('',#10398,#10399,#10400);
#10398 = CARTESIAN_POINT('',(-0.685,-0.46875,0.465));
#10399 = DIRECTION('',(-0.,1.,0.));
#10400 = DIRECTION('',(1.,0.,0.));
#10401 = ORIENTED_EDGE('',*,*,#10150,.T.);
#10402 = CYLINDRICAL_SURFACE('',#10403,3.5E-02);
#10403 = AXIS2_PLACEMENT_3D('',#10404,#10405,#10406);
#10404 = CARTESIAN_POINT('',(-0.685,-0.625,0.465));
#10405 = DIRECTION('',(0.,1.,0.));
#10406 = DIRECTION('',(1.,0.,0.));
#10407 = ADVANCED_FACE('',(#10408),#10426,.T.);
#10408 = FACE_BOUND('',#10409,.T.);
#10409 = EDGE_LOOP('',(#10410,#10418,#10419,#10420));
#10410 = ORIENTED_EDGE('',*,*,#10411,.F.);
#10411 = EDGE_CURVE('',#10206,#10412,#10414,.T.);
#10412 = VERTEX_POINT('',#10413);
#10413 = CARTESIAN_POINT('',(-0.9125,-0.46875,0.465));
#10414 = LINE('',#10415,#10416);
#10415 = CARTESIAN_POINT('',(-0.9125,-0.546875,0.465));
#10416 = VECTOR('',#10417,1.);
#10417 = DIRECTION('',(0.,1.,0.));
#10418 = ORIENTED_EDGE('',*,*,#10213,.T.);
#10419 = ORIENTED_EDGE('',*,*,#10158,.F.);
#10420 = ORIENTED_EDGE('',*,*,#10421,.F.);
#10421 = EDGE_CURVE('',#10412,#10151,#10422,.T.);
#10422 = LINE('',#10423,#10424);
#10423 = CARTESIAN_POINT('',(-2.625E-02,-0.46875,0.465));
#10424 = VECTOR('',#10425,1.);
#10425 = DIRECTION('',(1.,0.,0.));
#10426 = PLANE('',#10427);
#10427 = AXIS2_PLACEMENT_3D('',#10428,#10429,#10430);
#10428 = CARTESIAN_POINT('',(-0.965,-0.625,0.465));
#10429 = DIRECTION('',(0.,0.,1.));
#10430 = DIRECTION('',(1.,0.,-0.));
#10431 = ADVANCED_FACE('',(#10432),#10493,.F.);
#10432 = FACE_BOUND('',#10433,.F.);
#10433 = EDGE_LOOP('',(#10434,#10444,#10453,#10461,#10470,#10478,#10484,
    #10485,#10486,#10487));
#10434 = ORIENTED_EDGE('',*,*,#10435,.F.);
#10435 = EDGE_CURVE('',#10436,#10438,#10440,.T.);
#10436 = VERTEX_POINT('',#10437);
#10437 = CARTESIAN_POINT('',(-0.965,-0.625,-6.938893903907E-18));
#10438 = VERTEX_POINT('',#10439);
#10439 = CARTESIAN_POINT('',(-0.9125,-0.625,0.));
#10440 = LINE('',#10441,#10442);
#10441 = CARTESIAN_POINT('',(-1.,-0.625,0.));
#10442 = VECTOR('',#10443,1.);
#10443 = DIRECTION('',(1.,0.,0.));
#10444 = ORIENTED_EDGE('',*,*,#10445,.F.);
#10445 = EDGE_CURVE('',#10446,#10436,#10448,.T.);
#10446 = VERTEX_POINT('',#10447);
#10447 = CARTESIAN_POINT('',(-1.,-0.625,3.5E-02));
#10448 = CIRCLE('',#10449,3.5E-02);
#10449 = AXIS2_PLACEMENT_3D('',#10450,#10451,#10452);
#10450 = CARTESIAN_POINT('',(-0.965,-0.625,3.5E-02));
#10451 = DIRECTION('',(0.,-1.,0.));
#10452 = DIRECTION('',(0.,0.,1.));
#10453 = ORIENTED_EDGE('',*,*,#10454,.T.);
#10454 = EDGE_CURVE('',#10446,#10455,#10457,.T.);
#10455 = VERTEX_POINT('',#10456);
#10456 = CARTESIAN_POINT('',(-1.,-0.625,0.465));
#10457 = LINE('',#10458,#10459);
#10458 = CARTESIAN_POINT('',(-1.,-0.625,0.));
#10459 = VECTOR('',#10460,1.);
#10460 = DIRECTION('',(0.,0.,1.));
#10461 = ORIENTED_EDGE('',*,*,#10462,.T.);
#10462 = EDGE_CURVE('',#10455,#10463,#10465,.T.);
#10463 = VERTEX_POINT('',#10464);
#10464 = CARTESIAN_POINT('',(-0.965,-0.625,0.5));
#10465 = CIRCLE('',#10466,3.5E-02);
#10466 = AXIS2_PLACEMENT_3D('',#10467,#10468,#10469);
#10467 = CARTESIAN_POINT('',(-0.965,-0.625,0.465));
#10468 = DIRECTION('',(0.,1.,0.));
#10469 = DIRECTION('',(0.,-0.,1.));
#10470 = ORIENTED_EDGE('',*,*,#10471,.T.);
#10471 = EDGE_CURVE('',#10463,#10472,#10474,.T.);
#10472 = VERTEX_POINT('',#10473);
#10473 = CARTESIAN_POINT('',(-0.9125,-0.625,0.5));
#10474 = LINE('',#10475,#10476);
#10475 = CARTESIAN_POINT('',(-1.,-0.625,0.5));
#10476 = VECTOR('',#10477,1.);
#10477 = DIRECTION('',(1.,0.,0.));
#10478 = ORIENTED_EDGE('',*,*,#10479,.F.);
#10479 = EDGE_CURVE('',#10206,#10472,#10480,.T.);
#10480 = LINE('',#10481,#10482);
#10481 = CARTESIAN_POINT('',(-0.9125,-0.625,0.375));
#10482 = VECTOR('',#10483,1.);
#10483 = DIRECTION('',(0.,0.,1.));
#10484 = ORIENTED_EDGE('',*,*,#10205,.F.);
#10485 = ORIENTED_EDGE('',*,*,#10197,.F.);
#10486 = ORIENTED_EDGE('',*,*,#10187,.T.);
#10487 = ORIENTED_EDGE('',*,*,#10488,.F.);
#10488 = EDGE_CURVE('',#10438,#10190,#10489,.T.);
#10489 = LINE('',#10490,#10491);
#10490 = CARTESIAN_POINT('',(-0.9125,-0.625,0.375));
#10491 = VECTOR('',#10492,1.);
#10492 = DIRECTION('',(0.,0.,1.));
#10493 = PLANE('',#10494);
#10494 = AXIS2_PLACEMENT_3D('',#10495,#10496,#10497);
#10495 = CARTESIAN_POINT('',(-1.,-0.625,0.));
#10496 = DIRECTION('',(0.,1.,0.));
#10497 = DIRECTION('',(0.,-0.,1.));
#10498 = ADVANCED_FACE('',(#10499,#10588),#10614,.F.);
#10499 = FACE_BOUND('',#10500,.F.);
#10500 = EDGE_LOOP('',(#10501,#10509,#10510,#10518,#10526,#10534,#10542,
    #10550,#10558,#10566,#10574,#10582));
#10501 = ORIENTED_EDGE('',*,*,#10502,.F.);
#10502 = EDGE_CURVE('',#10190,#10503,#10505,.T.);
#10503 = VERTEX_POINT('',#10504);
#10504 = CARTESIAN_POINT('',(-0.9125,-0.46875,3.5E-02));
#10505 = LINE('',#10506,#10507);
#10506 = CARTESIAN_POINT('',(-0.9125,-0.546875,3.5E-02));
#10507 = VECTOR('',#10508,1.);
#10508 = DIRECTION('',(0.,1.,0.));
#10509 = ORIENTED_EDGE('',*,*,#10252,.T.);
#10510 = ORIENTED_EDGE('',*,*,#10511,.F.);
#10511 = EDGE_CURVE('',#10512,#10245,#10514,.T.);
#10512 = VERTEX_POINT('',#10513);
#10513 = CARTESIAN_POINT('',(0.9125,-0.46875,3.5E-02));
#10514 = LINE('',#10515,#10516);
#10515 = CARTESIAN_POINT('',(0.9125,-0.703125,3.5E-02));
#10516 = VECTOR('',#10517,1.);
#10517 = DIRECTION('',(0.,-1.,0.));
#10518 = ORIENTED_EDGE('',*,*,#10519,.F.);
#10519 = EDGE_CURVE('',#10520,#10512,#10522,.T.);
#10520 = VERTEX_POINT('',#10521);
#10521 = CARTESIAN_POINT('',(0.65,-0.46875,3.5E-02));
#10522 = LINE('',#10523,#10524);
#10523 = CARTESIAN_POINT('',(-2.625E-02,-0.46875,3.5E-02));
#10524 = VECTOR('',#10525,1.);
#10525 = DIRECTION('',(1.,0.,0.));
#10526 = ORIENTED_EDGE('',*,*,#10527,.T.);
#10527 = EDGE_CURVE('',#10520,#10528,#10530,.T.);
#10528 = VERTEX_POINT('',#10529);
#10529 = CARTESIAN_POINT('',(0.65,0.46875,3.5E-02));
#10530 = LINE('',#10531,#10532);
#10531 = CARTESIAN_POINT('',(0.65,-0.625,3.5E-02));
#10532 = VECTOR('',#10533,1.);
#10533 = DIRECTION('',(0.,1.,0.));
#10534 = ORIENTED_EDGE('',*,*,#10535,.F.);
#10535 = EDGE_CURVE('',#10536,#10528,#10538,.T.);
#10536 = VERTEX_POINT('',#10537);
#10537 = CARTESIAN_POINT('',(0.9125,0.46875,3.5E-02));
#10538 = LINE('',#10539,#10540);
#10539 = CARTESIAN_POINT('',(-0.93875,0.46875,3.5E-02));
#10540 = VECTOR('',#10541,1.);
#10541 = DIRECTION('',(-1.,0.,0.));
#10542 = ORIENTED_EDGE('',*,*,#10543,.F.);
#10543 = EDGE_CURVE('',#10544,#10536,#10546,.T.);
#10544 = VERTEX_POINT('',#10545);
#10545 = CARTESIAN_POINT('',(0.9125,0.625,3.5E-02));
#10546 = LINE('',#10547,#10548);
#10547 = CARTESIAN_POINT('',(0.9125,-7.8125E-02,3.5E-02));
#10548 = VECTOR('',#10549,1.);
#10549 = DIRECTION('',(0.,-1.,0.));
#10550 = ORIENTED_EDGE('',*,*,#10551,.F.);
#10551 = EDGE_CURVE('',#10552,#10544,#10554,.T.);
#10552 = VERTEX_POINT('',#10553);
#10553 = CARTESIAN_POINT('',(-0.9125,0.625,3.5E-02));
#10554 = LINE('',#10555,#10556);
#10555 = CARTESIAN_POINT('',(-0.965,0.625,3.5E-02));
#10556 = VECTOR('',#10557,1.);
#10557 = DIRECTION('',(1.,0.,0.));
#10558 = ORIENTED_EDGE('',*,*,#10559,.F.);
#10559 = EDGE_CURVE('',#10560,#10552,#10562,.T.);
#10560 = VERTEX_POINT('',#10561);
#10561 = CARTESIAN_POINT('',(-0.9125,0.46875,3.5E-02));
#10562 = LINE('',#10563,#10564);
#10563 = CARTESIAN_POINT('',(-0.9125,7.8125E-02,3.5E-02));
#10564 = VECTOR('',#10565,1.);
#10565 = DIRECTION('',(0.,1.,0.));
#10566 = ORIENTED_EDGE('',*,*,#10567,.F.);
#10567 = EDGE_CURVE('',#10568,#10560,#10570,.T.);
#10568 = VERTEX_POINT('',#10569);
#10569 = CARTESIAN_POINT('',(-0.65,0.46875,3.5E-02));
#10570 = LINE('',#10571,#10572);
#10571 = CARTESIAN_POINT('',(-0.93875,0.46875,3.5E-02));
#10572 = VECTOR('',#10573,1.);
#10573 = DIRECTION('',(-1.,0.,0.));
#10574 = ORIENTED_EDGE('',*,*,#10575,.F.);
#10575 = EDGE_CURVE('',#10576,#10568,#10578,.T.);
#10576 = VERTEX_POINT('',#10577);
#10577 = CARTESIAN_POINT('',(-0.65,-0.46875,3.5E-02));
#10578 = LINE('',#10579,#10580);
#10579 = CARTESIAN_POINT('',(-0.65,-0.625,3.5E-02));
#10580 = VECTOR('',#10581,1.);
#10581 = DIRECTION('',(0.,1.,0.));
#10582 = ORIENTED_EDGE('',*,*,#10583,.F.);
#10583 = EDGE_CURVE('',#10503,#10576,#10584,.T.);
#10584 = LINE('',#10585,#10586);
#10585 = CARTESIAN_POINT('',(-2.625E-02,-0.46875,3.5E-02));
#10586 = VECTOR('',#10587,1.);
#10587 = DIRECTION('',(1.,0.,0.));
#10588 = FACE_BOUND('',#10589,.F.);
#10589 = EDGE_LOOP('',(#10590,#10600,#10608));
#10590 = ORIENTED_EDGE('',*,*,#10591,.T.);
#10591 = EDGE_CURVE('',#10592,#10594,#10596,.T.);
#10592 = VERTEX_POINT('',#10593);
#10593 = CARTESIAN_POINT('',(0.433012701892,0.5,3.5E-02));
#10594 = VERTEX_POINT('',#10595);
#10595 = CARTESIAN_POINT('',(0.433012701892,-0.5,3.5E-02));
#10596 = LINE('',#10597,#10598);
#10597 = CARTESIAN_POINT('',(0.433012701892,0.5,3.5E-02));
#10598 = VECTOR('',#10599,1.);
#10599 = DIRECTION('',(0.,-1.,0.));
#10600 = ORIENTED_EDGE('',*,*,#10601,.T.);
#10601 = EDGE_CURVE('',#10594,#10602,#10604,.T.);
#10602 = VERTEX_POINT('',#10603);
#10603 = CARTESIAN_POINT('',(-0.433012701892,0.,3.5E-02));
#10604 = LINE('',#10605,#10606);
#10605 = CARTESIAN_POINT('',(0.433012701892,-0.5,3.5E-02));
#10606 = VECTOR('',#10607,1.);
#10607 = DIRECTION('',(-0.866025403784,0.5,0.));
#10608 = ORIENTED_EDGE('',*,*,#10609,.T.);
#10609 = EDGE_CURVE('',#10602,#10592,#10610,.T.);
#10610 = LINE('',#10611,#10612);
#10611 = CARTESIAN_POINT('',(-0.433012701892,0.,3.5E-02));
#10612 = VECTOR('',#10613,1.);
#10613 = DIRECTION('',(0.866025403784,0.5,0.));
#10614 = PLANE('',#10615);
#10615 = AXIS2_PLACEMENT_3D('',#10616,#10617,#10618);
#10616 = CARTESIAN_POINT('',(-0.965,-0.625,3.5E-02));
#10617 = DIRECTION('',(0.,0.,1.));
#10618 = DIRECTION('',(1.,0.,-0.));
#10619 = ADVANCED_FACE('',(#10620),#10681,.F.);
#10620 = FACE_BOUND('',#10621,.F.);
#10621 = EDGE_LOOP('',(#10622,#10632,#10638,#10639,#10640,#10641,#10649,
    #10657,#10666,#10674));
#10622 = ORIENTED_EDGE('',*,*,#10623,.F.);
#10623 = EDGE_CURVE('',#10624,#10626,#10628,.T.);
#10624 = VERTEX_POINT('',#10625);
#10625 = CARTESIAN_POINT('',(0.9125,-0.625,0.));
#10626 = VERTEX_POINT('',#10627);
#10627 = CARTESIAN_POINT('',(0.965,-0.625,-6.938893903907E-18));
#10628 = LINE('',#10629,#10630);
#10629 = CARTESIAN_POINT('',(0.65,-0.625,0.));
#10630 = VECTOR('',#10631,1.);
#10631 = DIRECTION('',(1.,0.,0.));
#10632 = ORIENTED_EDGE('',*,*,#10633,.F.);
#10633 = EDGE_CURVE('',#10245,#10624,#10634,.T.);
#10634 = LINE('',#10635,#10636);
#10635 = CARTESIAN_POINT('',(0.9125,-0.625,0.375));
#10636 = VECTOR('',#10637,1.);
#10637 = DIRECTION('',(0.,0.,-1.));
#10638 = ORIENTED_EDGE('',*,*,#10244,.T.);
#10639 = ORIENTED_EDGE('',*,*,#10236,.T.);
#10640 = ORIENTED_EDGE('',*,*,#10228,.F.);
#10641 = ORIENTED_EDGE('',*,*,#10642,.F.);
#10642 = EDGE_CURVE('',#10643,#10221,#10645,.T.);
#10643 = VERTEX_POINT('',#10644);
#10644 = CARTESIAN_POINT('',(0.9125,-0.625,0.5));
#10645 = LINE('',#10646,#10647);
#10646 = CARTESIAN_POINT('',(0.9125,-0.625,0.375));
#10647 = VECTOR('',#10648,1.);
#10648 = DIRECTION('',(0.,0.,-1.));
#10649 = ORIENTED_EDGE('',*,*,#10650,.T.);
#10650 = EDGE_CURVE('',#10643,#10651,#10653,.T.);
#10651 = VERTEX_POINT('',#10652);
#10652 = CARTESIAN_POINT('',(0.965,-0.625,0.5));
#10653 = LINE('',#10654,#10655);
#10654 = CARTESIAN_POINT('',(0.65,-0.625,0.5));
#10655 = VECTOR('',#10656,1.);
#10656 = DIRECTION('',(1.,0.,0.));
#10657 = ORIENTED_EDGE('',*,*,#10658,.F.);
#10658 = EDGE_CURVE('',#10659,#10651,#10661,.T.);
#10659 = VERTEX_POINT('',#10660);
#10660 = CARTESIAN_POINT('',(1.,-0.625,0.465));
#10661 = CIRCLE('',#10662,3.5E-02);
#10662 = AXIS2_PLACEMENT_3D('',#10663,#10664,#10665);
#10663 = CARTESIAN_POINT('',(0.965,-0.625,0.465));
#10664 = DIRECTION('',(0.,-1.,0.));
#10665 = DIRECTION('',(0.,0.,1.));
#10666 = ORIENTED_EDGE('',*,*,#10667,.F.);
#10667 = EDGE_CURVE('',#10668,#10659,#10670,.T.);
#10668 = VERTEX_POINT('',#10669);
#10669 = CARTESIAN_POINT('',(1.,-0.625,3.5E-02));
#10670 = LINE('',#10671,#10672);
#10671 = CARTESIAN_POINT('',(1.,-0.625,0.));
#10672 = VECTOR('',#10673,1.);
#10673 = DIRECTION('',(0.,0.,1.));
#10674 = ORIENTED_EDGE('',*,*,#10675,.T.);
#10675 = EDGE_CURVE('',#10668,#10626,#10676,.T.);
#10676 = CIRCLE('',#10677,3.5E-02);
#10677 = AXIS2_PLACEMENT_3D('',#10678,#10679,#10680);
#10678 = CARTESIAN_POINT('',(0.965,-0.625,3.5E-02));
#10679 = DIRECTION('',(0.,1.,0.));
#10680 = DIRECTION('',(0.,-0.,1.));
#10681 = PLANE('',#10682);
#10682 = AXIS2_PLACEMENT_3D('',#10683,#10684,#10685);
#10683 = CARTESIAN_POINT('',(0.65,-0.625,0.));
#10684 = DIRECTION('',(0.,1.,0.));
#10685 = DIRECTION('',(0.,-0.,1.));
#10686 = ADVANCED_FACE('',(#10687),#10705,.T.);
#10687 = FACE_BOUND('',#10688,.T.);
#10688 = EDGE_LOOP('',(#10689,#10697,#10698,#10699));
#10689 = ORIENTED_EDGE('',*,*,#10690,.F.);
#10690 = EDGE_CURVE('',#10293,#10691,#10693,.T.);
#10691 = VERTEX_POINT('',#10692);
#10692 = CARTESIAN_POINT('',(0.9125,-0.46875,0.465));
#10693 = LINE('',#10694,#10695);
#10694 = CARTESIAN_POINT('',(-2.625E-02,-0.46875,0.465));
#10695 = VECTOR('',#10696,1.);
#10696 = DIRECTION('',(1.,0.,0.));
#10697 = ORIENTED_EDGE('',*,*,#10292,.T.);
#10698 = ORIENTED_EDGE('',*,*,#10220,.T.);
#10699 = ORIENTED_EDGE('',*,*,#10700,.F.);
#10700 = EDGE_CURVE('',#10691,#10221,#10701,.T.);
#10701 = LINE('',#10702,#10703);
#10702 = CARTESIAN_POINT('',(0.9125,-0.703125,0.465));
#10703 = VECTOR('',#10704,1.);
#10704 = DIRECTION('',(0.,-1.,0.));
#10705 = PLANE('',#10706);
#10706 = AXIS2_PLACEMENT_3D('',#10707,#10708,#10709);
#10707 = CARTESIAN_POINT('',(-0.965,-0.625,0.465));
#10708 = DIRECTION('',(0.,0.,1.));
#10709 = DIRECTION('',(1.,0.,-0.));
#10710 = ADVANCED_FACE('',(#10711),#10736,.T.);
#10711 = FACE_BOUND('',#10712,.T.);
#10712 = EDGE_LOOP('',(#10713,#10721,#10722,#10730));
#10713 = ORIENTED_EDGE('',*,*,#10714,.F.);
#10714 = EDGE_CURVE('',#10309,#10715,#10717,.T.);
#10715 = VERTEX_POINT('',#10716);
#10716 = CARTESIAN_POINT('',(0.9125,0.625,0.465));
#10717 = LINE('',#10718,#10719);
#10718 = CARTESIAN_POINT('',(-0.965,0.625,0.465));
#10719 = VECTOR('',#10720,1.);
#10720 = DIRECTION('',(1.,0.,0.));
#10721 = ORIENTED_EDGE('',*,*,#10308,.T.);
#10722 = ORIENTED_EDGE('',*,*,#10723,.F.);
#10723 = EDGE_CURVE('',#10724,#10301,#10726,.T.);
#10724 = VERTEX_POINT('',#10725);
#10725 = CARTESIAN_POINT('',(0.9125,0.46875,0.465));
#10726 = LINE('',#10727,#10728);
#10727 = CARTESIAN_POINT('',(-0.93875,0.46875,0.465));
#10728 = VECTOR('',#10729,1.);
#10729 = DIRECTION('',(-1.,0.,0.));
#10730 = ORIENTED_EDGE('',*,*,#10731,.F.);
#10731 = EDGE_CURVE('',#10715,#10724,#10732,.T.);
#10732 = LINE('',#10733,#10734);
#10733 = CARTESIAN_POINT('',(0.9125,-7.8125E-02,0.465));
#10734 = VECTOR('',#10735,1.);
#10735 = DIRECTION('',(0.,-1.,0.));
#10736 = PLANE('',#10737);
#10737 = AXIS2_PLACEMENT_3D('',#10738,#10739,#10740);
#10738 = CARTESIAN_POINT('',(-0.965,-0.625,0.465));
#10739 = DIRECTION('',(0.,0.,1.));
#10740 = DIRECTION('',(1.,0.,-0.));
#10741 = ADVANCED_FACE('',(#10742),#10769,.T.);
#10742 = FACE_BOUND('',#10743,.T.);
#10743 = EDGE_LOOP('',(#10744,#10745,#10754,#10762));
#10744 = ORIENTED_EDGE('',*,*,#10300,.T.);
#10745 = ORIENTED_EDGE('',*,*,#10746,.T.);
#10746 = EDGE_CURVE('',#10293,#10747,#10749,.T.);
#10747 = VERTEX_POINT('',#10748);
#10748 = CARTESIAN_POINT('',(0.685,-0.46875,0.5));
#10749 = CIRCLE('',#10750,3.5E-02);
#10750 = AXIS2_PLACEMENT_3D('',#10751,#10752,#10753);
#10751 = CARTESIAN_POINT('',(0.685,-0.46875,0.465));
#10752 = DIRECTION('',(0.,1.,-0.));
#10753 = DIRECTION('',(-1.,0.,0.));
#10754 = ORIENTED_EDGE('',*,*,#10755,.T.);
#10755 = EDGE_CURVE('',#10747,#10756,#10758,.T.);
#10756 = VERTEX_POINT('',#10757);
#10757 = CARTESIAN_POINT('',(0.685,0.46875,0.5));
#10758 = LINE('',#10759,#10760);
#10759 = CARTESIAN_POINT('',(0.685,-0.625,0.5));
#10760 = VECTOR('',#10761,1.);
#10761 = DIRECTION('',(0.,1.,0.));
#10762 = ORIENTED_EDGE('',*,*,#10763,.F.);
#10763 = EDGE_CURVE('',#10301,#10756,#10764,.T.);
#10764 = CIRCLE('',#10765,3.5E-02);
#10765 = AXIS2_PLACEMENT_3D('',#10766,#10767,#10768);
#10766 = CARTESIAN_POINT('',(0.685,0.46875,0.465));
#10767 = DIRECTION('',(0.,1.,-0.));
#10768 = DIRECTION('',(-1.,0.,0.));
#10769 = CYLINDRICAL_SURFACE('',#10770,3.5E-02);
#10770 = AXIS2_PLACEMENT_3D('',#10771,#10772,#10773);
#10771 = CARTESIAN_POINT('',(0.685,-0.625,0.465));
#10772 = DIRECTION('',(0.,1.,0.));
#10773 = DIRECTION('',(-1.,0.,0.));
#10774 = ADVANCED_FACE('',(#10775),#10825,.T.);
#10775 = FACE_BOUND('',#10776,.T.);
#10776 = EDGE_LOOP('',(#10777,#10785,#10793,#10799,#10800,#10801,#10802,
    #10810,#10818,#10824));
#10777 = ORIENTED_EDGE('',*,*,#10778,.F.);
#10778 = EDGE_CURVE('',#10779,#10552,#10781,.T.);
#10779 = VERTEX_POINT('',#10780);
#10780 = CARTESIAN_POINT('',(-0.965,0.625,3.5E-02));
#10781 = LINE('',#10782,#10783);
#10782 = CARTESIAN_POINT('',(-0.965,0.625,3.5E-02));
#10783 = VECTOR('',#10784,1.);
#10784 = DIRECTION('',(1.,0.,0.));
#10785 = ORIENTED_EDGE('',*,*,#10786,.T.);
#10786 = EDGE_CURVE('',#10779,#10787,#10789,.T.);
#10787 = VERTEX_POINT('',#10788);
#10788 = CARTESIAN_POINT('',(-0.965,0.625,0.465));
#10789 = LINE('',#10790,#10791);
#10790 = CARTESIAN_POINT('',(-0.965,0.625,3.5E-02));
#10791 = VECTOR('',#10792,1.);
#10792 = DIRECTION('',(0.,0.,1.));
#10793 = ORIENTED_EDGE('',*,*,#10794,.T.);
#10794 = EDGE_CURVE('',#10787,#10331,#10795,.T.);
#10795 = LINE('',#10796,#10797);
#10796 = CARTESIAN_POINT('',(-0.965,0.625,0.465));
#10797 = VECTOR('',#10798,1.);
#10798 = DIRECTION('',(1.,0.,0.));
#10799 = ORIENTED_EDGE('',*,*,#10330,.T.);
#10800 = ORIENTED_EDGE('',*,*,#10364,.F.);
#10801 = ORIENTED_EDGE('',*,*,#10714,.T.);
#10802 = ORIENTED_EDGE('',*,*,#10803,.T.);
#10803 = EDGE_CURVE('',#10715,#10804,#10806,.T.);
#10804 = VERTEX_POINT('',#10805);
#10805 = CARTESIAN_POINT('',(0.965,0.625,0.465));
#10806 = LINE('',#10807,#10808);
#10807 = CARTESIAN_POINT('',(-0.965,0.625,0.465));
#10808 = VECTOR('',#10809,1.);
#10809 = DIRECTION('',(1.,0.,0.));
#10810 = ORIENTED_EDGE('',*,*,#10811,.F.);
#10811 = EDGE_CURVE('',#10812,#10804,#10814,.T.);
#10812 = VERTEX_POINT('',#10813);
#10813 = CARTESIAN_POINT('',(0.965,0.625,3.5E-02));
#10814 = LINE('',#10815,#10816);
#10815 = CARTESIAN_POINT('',(0.965,0.625,3.5E-02));
#10816 = VECTOR('',#10817,1.);
#10817 = DIRECTION('',(0.,0.,1.));
#10818 = ORIENTED_EDGE('',*,*,#10819,.F.);
#10819 = EDGE_CURVE('',#10544,#10812,#10820,.T.);
#10820 = LINE('',#10821,#10822);
#10821 = CARTESIAN_POINT('',(-0.965,0.625,3.5E-02));
#10822 = VECTOR('',#10823,1.);
#10823 = DIRECTION('',(1.,0.,0.));
#10824 = ORIENTED_EDGE('',*,*,#10551,.F.);
#10825 = PLANE('',#10826);
#10826 = AXIS2_PLACEMENT_3D('',#10827,#10828,#10829);
#10827 = CARTESIAN_POINT('',(-0.965,0.625,3.5E-02));
#10828 = DIRECTION('',(0.,1.,0.));
#10829 = DIRECTION('',(0.,-0.,1.));
#10830 = ADVANCED_FACE('',(#10831),#10849,.F.);
#10831 = FACE_BOUND('',#10832,.F.);
#10832 = EDGE_LOOP('',(#10833,#10841,#10847,#10848));
#10833 = ORIENTED_EDGE('',*,*,#10834,.F.);
#10834 = EDGE_CURVE('',#10835,#10379,#10837,.T.);
#10835 = VERTEX_POINT('',#10836);
#10836 = CARTESIAN_POINT('',(-0.9125,0.46875,0.5));
#10837 = LINE('',#10838,#10839);
#10838 = CARTESIAN_POINT('',(-0.95625,0.46875,0.5));
#10839 = VECTOR('',#10840,1.);
#10840 = DIRECTION('',(1.,0.,0.));
#10841 = ORIENTED_EDGE('',*,*,#10842,.T.);
#10842 = EDGE_CURVE('',#10835,#10339,#10843,.T.);
#10843 = LINE('',#10844,#10845);
#10844 = CARTESIAN_POINT('',(-0.9125,0.46875,0.75));
#10845 = VECTOR('',#10846,1.);
#10846 = DIRECTION('',(-0.,-0.,-1.));
#10847 = ORIENTED_EDGE('',*,*,#10346,.F.);
#10848 = ORIENTED_EDGE('',*,*,#10378,.F.);
#10849 = PLANE('',#10850);
#10850 = AXIS2_PLACEMENT_3D('',#10851,#10852,#10853);
#10851 = CARTESIAN_POINT('',(-0.9125,0.46875,0.75));
#10852 = DIRECTION('',(0.,-1.,0.));
#10853 = DIRECTION('',(1.,0.,0.));
#10854 = ADVANCED_FACE('',(#10855),#10873,.F.);
#10855 = FACE_BOUND('',#10856,.F.);
#10856 = EDGE_LOOP('',(#10857,#10858,#10866,#10872));
#10857 = ORIENTED_EDGE('',*,*,#10842,.F.);
#10858 = ORIENTED_EDGE('',*,*,#10859,.F.);
#10859 = EDGE_CURVE('',#10860,#10835,#10862,.T.);
#10860 = VERTEX_POINT('',#10861);
#10861 = CARTESIAN_POINT('',(-0.9125,0.625,0.5));
#10862 = LINE('',#10863,#10864);
#10863 = CARTESIAN_POINT('',(-0.9125,7.8125E-02,0.5));
#10864 = VECTOR('',#10865,1.);
#10865 = DIRECTION('',(0.,-1.,0.));
#10866 = ORIENTED_EDGE('',*,*,#10867,.F.);
#10867 = EDGE_CURVE('',#10331,#10860,#10868,.T.);
#10868 = LINE('',#10869,#10870);
#10869 = CARTESIAN_POINT('',(-0.9125,0.625,0.375));
#10870 = VECTOR('',#10871,1.);
#10871 = DIRECTION('',(0.,0.,1.));
#10872 = ORIENTED_EDGE('',*,*,#10338,.F.);
#10873 = PLANE('',#10874);
#10874 = AXIS2_PLACEMENT_3D('',#10875,#10876,#10877);
#10875 = CARTESIAN_POINT('',(-0.9125,0.78125,0.75));
#10876 = DIRECTION('',(-1.,0.,0.));
#10877 = DIRECTION('',(0.,-1.,0.));
#10878 = ADVANCED_FACE('',(#10879),#10897,.F.);
#10879 = FACE_BOUND('',#10880,.F.);
#10880 = EDGE_LOOP('',(#10881,#10889,#10895,#10896));
#10881 = ORIENTED_EDGE('',*,*,#10882,.F.);
#10882 = EDGE_CURVE('',#10883,#10412,#10885,.T.);
#10883 = VERTEX_POINT('',#10884);
#10884 = CARTESIAN_POINT('',(-0.9125,-0.46875,0.5));
#10885 = LINE('',#10886,#10887);
#10886 = CARTESIAN_POINT('',(-0.9125,-0.46875,0.75));
#10887 = VECTOR('',#10888,1.);
#10888 = DIRECTION('',(-0.,-0.,-1.));
#10889 = ORIENTED_EDGE('',*,*,#10890,.F.);
#10890 = EDGE_CURVE('',#10388,#10883,#10891,.T.);
#10891 = LINE('',#10892,#10893);
#10892 = CARTESIAN_POINT('',(-4.375E-02,-0.46875,0.5));
#10893 = VECTOR('',#10894,1.);
#10894 = DIRECTION('',(-1.,0.,0.));
#10895 = ORIENTED_EDGE('',*,*,#10395,.T.);
#10896 = ORIENTED_EDGE('',*,*,#10421,.F.);
#10897 = PLANE('',#10898);
#10898 = AXIS2_PLACEMENT_3D('',#10899,#10900,#10901);
#10899 = CARTESIAN_POINT('',(0.9125,-0.46875,0.75));
#10900 = DIRECTION('',(0.,1.,0.));
#10901 = DIRECTION('',(-1.,0.,0.));
#10902 = ADVANCED_FACE('',(#10903),#10930,.T.);
#10903 = FACE_BOUND('',#10904,.T.);
#10904 = EDGE_LOOP('',(#10905,#10913,#10919,#10920,#10926,#10927,#10928,
    #10929));
#10905 = ORIENTED_EDGE('',*,*,#10906,.F.);
#10906 = EDGE_CURVE('',#10907,#10860,#10909,.T.);
#10907 = VERTEX_POINT('',#10908);
#10908 = CARTESIAN_POINT('',(-0.965,0.625,0.5));
#10909 = LINE('',#10910,#10911);
#10910 = CARTESIAN_POINT('',(-1.,0.625,0.5));
#10911 = VECTOR('',#10912,1.);
#10912 = DIRECTION('',(1.,0.,0.));
#10913 = ORIENTED_EDGE('',*,*,#10914,.F.);
#10914 = EDGE_CURVE('',#10463,#10907,#10915,.T.);
#10915 = LINE('',#10916,#10917);
#10916 = CARTESIAN_POINT('',(-0.965,-0.625,0.5));
#10917 = VECTOR('',#10918,1.);
#10918 = DIRECTION('',(0.,1.,0.));
#10919 = ORIENTED_EDGE('',*,*,#10471,.T.);
#10920 = ORIENTED_EDGE('',*,*,#10921,.F.);
#10921 = EDGE_CURVE('',#10883,#10472,#10922,.T.);
#10922 = LINE('',#10923,#10924);
#10923 = CARTESIAN_POINT('',(-0.9125,-0.546875,0.5));
#10924 = VECTOR('',#10925,1.);
#10925 = DIRECTION('',(0.,-1.,0.));
#10926 = ORIENTED_EDGE('',*,*,#10890,.F.);
#10927 = ORIENTED_EDGE('',*,*,#10387,.T.);
#10928 = ORIENTED_EDGE('',*,*,#10834,.F.);
#10929 = ORIENTED_EDGE('',*,*,#10859,.F.);
#10930 = PLANE('',#10931);
#10931 = AXIS2_PLACEMENT_3D('',#10932,#10933,#10934);
#10932 = CARTESIAN_POINT('',(-1.,-0.625,0.5));
#10933 = DIRECTION('',(0.,0.,1.));
#10934 = DIRECTION('',(1.,0.,-0.));
#10935 = ADVANCED_FACE('',(#10936),#10942,.F.);
#10936 = FACE_BOUND('',#10937,.F.);
#10937 = EDGE_LOOP('',(#10938,#10939,#10940,#10941));
#10938 = ORIENTED_EDGE('',*,*,#10921,.F.);
#10939 = ORIENTED_EDGE('',*,*,#10882,.T.);
#10940 = ORIENTED_EDGE('',*,*,#10411,.F.);
#10941 = ORIENTED_EDGE('',*,*,#10479,.T.);
#10942 = PLANE('',#10943);
#10943 = AXIS2_PLACEMENT_3D('',#10944,#10945,#10946);
#10944 = CARTESIAN_POINT('',(-0.9125,-0.46875,0.75));
#10945 = DIRECTION('',(-1.,0.,0.));
#10946 = DIRECTION('',(0.,-1.,0.));
#10947 = ADVANCED_FACE('',(#10948),#11005,.F.);
#10948 = FACE_BOUND('',#10949,.F.);
#10949 = EDGE_LOOP('',(#10950,#10960,#10966,#10967,#10975,#10983,#10991,
    #10999));
#10950 = ORIENTED_EDGE('',*,*,#10951,.F.);
#10951 = EDGE_CURVE('',#10952,#10954,#10956,.T.);
#10952 = VERTEX_POINT('',#10953);
#10953 = CARTESIAN_POINT('',(-0.965,0.625,-6.938893903907E-18));
#10954 = VERTEX_POINT('',#10955);
#10955 = CARTESIAN_POINT('',(-0.9125,0.625,0.));
#10956 = LINE('',#10957,#10958);
#10957 = CARTESIAN_POINT('',(-1.,0.625,0.));
#10958 = VECTOR('',#10959,1.);
#10959 = DIRECTION('',(1.,0.,0.));
#10960 = ORIENTED_EDGE('',*,*,#10961,.F.);
#10961 = EDGE_CURVE('',#10436,#10952,#10962,.T.);
#10962 = LINE('',#10963,#10964);
#10963 = CARTESIAN_POINT('',(-0.965,-0.625,-6.938893903907E-18));
#10964 = VECTOR('',#10965,1.);
#10965 = DIRECTION('',(0.,1.,0.));
#10966 = ORIENTED_EDGE('',*,*,#10435,.T.);
#10967 = ORIENTED_EDGE('',*,*,#10968,.F.);
#10968 = EDGE_CURVE('',#10969,#10438,#10971,.T.);
#10969 = VERTEX_POINT('',#10970);
#10970 = CARTESIAN_POINT('',(-0.9125,-0.46875,0.));
#10971 = LINE('',#10972,#10973);
#10972 = CARTESIAN_POINT('',(-0.9125,-0.546875,0.));
#10973 = VECTOR('',#10974,1.);
#10974 = DIRECTION('',(0.,-1.,0.));
#10975 = ORIENTED_EDGE('',*,*,#10976,.F.);
#10976 = EDGE_CURVE('',#10977,#10969,#10979,.T.);
#10977 = VERTEX_POINT('',#10978);
#10978 = CARTESIAN_POINT('',(-0.685,-0.46875,-6.938893903907E-18));
#10979 = LINE('',#10980,#10981);
#10980 = CARTESIAN_POINT('',(-4.375E-02,-0.46875,0.));
#10981 = VECTOR('',#10982,1.);
#10982 = DIRECTION('',(-1.,0.,0.));
#10983 = ORIENTED_EDGE('',*,*,#10984,.T.);
#10984 = EDGE_CURVE('',#10977,#10985,#10987,.T.);
#10985 = VERTEX_POINT('',#10986);
#10986 = CARTESIAN_POINT('',(-0.685,0.46875,-6.938893903907E-18));
#10987 = LINE('',#10988,#10989);
#10988 = CARTESIAN_POINT('',(-0.685,-0.625,-6.938893903907E-18));
#10989 = VECTOR('',#10990,1.);
#10990 = DIRECTION('',(0.,1.,0.));
#10991 = ORIENTED_EDGE('',*,*,#10992,.F.);
#10992 = EDGE_CURVE('',#10993,#10985,#10995,.T.);
#10993 = VERTEX_POINT('',#10994);
#10994 = CARTESIAN_POINT('',(-0.9125,0.46875,0.));
#10995 = LINE('',#10996,#10997);
#10996 = CARTESIAN_POINT('',(-0.95625,0.46875,0.));
#10997 = VECTOR('',#10998,1.);
#10998 = DIRECTION('',(1.,0.,0.));
#10999 = ORIENTED_EDGE('',*,*,#11000,.F.);
#11000 = EDGE_CURVE('',#10954,#10993,#11001,.T.);
#11001 = LINE('',#11002,#11003);
#11002 = CARTESIAN_POINT('',(-0.9125,7.8125E-02,0.));
#11003 = VECTOR('',#11004,1.);
#11004 = DIRECTION('',(0.,-1.,0.));
#11005 = PLANE('',#11006);
#11006 = AXIS2_PLACEMENT_3D('',#11007,#11008,#11009);
#11007 = CARTESIAN_POINT('',(-1.,-0.625,0.));
#11008 = DIRECTION('',(0.,0.,1.));
#11009 = DIRECTION('',(1.,0.,-0.));
#11010 = ADVANCED_FACE('',(#11011),#11030,.T.);
#11011 = FACE_BOUND('',#11012,.T.);
#11012 = EDGE_LOOP('',(#11013,#11021,#11028,#11029));
#11013 = ORIENTED_EDGE('',*,*,#11014,.T.);
#11014 = EDGE_CURVE('',#10446,#11015,#11017,.T.);
#11015 = VERTEX_POINT('',#11016);
#11016 = CARTESIAN_POINT('',(-1.,0.625,3.5E-02));
#11017 = LINE('',#11018,#11019);
#11018 = CARTESIAN_POINT('',(-1.,-0.625,3.5E-02));
#11019 = VECTOR('',#11020,1.);
#11020 = DIRECTION('',(0.,1.,0.));
#11021 = ORIENTED_EDGE('',*,*,#11022,.T.);
#11022 = EDGE_CURVE('',#11015,#10952,#11023,.T.);
#11023 = CIRCLE('',#11024,3.5E-02);
#11024 = AXIS2_PLACEMENT_3D('',#11025,#11026,#11027);
#11025 = CARTESIAN_POINT('',(-0.965,0.625,3.5E-02));
#11026 = DIRECTION('',(0.,-1.,0.));
#11027 = DIRECTION('',(0.,0.,1.));
#11028 = ORIENTED_EDGE('',*,*,#10961,.F.);
#11029 = ORIENTED_EDGE('',*,*,#10445,.F.);
#11030 = CYLINDRICAL_SURFACE('',#11031,3.5E-02);
#11031 = AXIS2_PLACEMENT_3D('',#11032,#11033,#11034);
#11032 = CARTESIAN_POINT('',(-0.965,-0.625,3.5E-02));
#11033 = DIRECTION('',(0.,1.,0.));
#11034 = DIRECTION('',(-1.,0.,0.));
#11035 = ADVANCED_FACE('',(#11036),#11047,.F.);
#11036 = FACE_BOUND('',#11037,.F.);
#11037 = EDGE_LOOP('',(#11038,#11039,#11045,#11046));
#11038 = ORIENTED_EDGE('',*,*,#10502,.T.);
#11039 = ORIENTED_EDGE('',*,*,#11040,.T.);
#11040 = EDGE_CURVE('',#10503,#10969,#11041,.T.);
#11041 = LINE('',#11042,#11043);
#11042 = CARTESIAN_POINT('',(-0.9125,-0.46875,0.75));
#11043 = VECTOR('',#11044,1.);
#11044 = DIRECTION('',(-0.,-0.,-1.));
#11045 = ORIENTED_EDGE('',*,*,#10968,.T.);
#11046 = ORIENTED_EDGE('',*,*,#10488,.T.);
#11047 = PLANE('',#11048);
#11048 = AXIS2_PLACEMENT_3D('',#11049,#11050,#11051);
#11049 = CARTESIAN_POINT('',(-0.9125,-0.46875,0.75));
#11050 = DIRECTION('',(-1.,0.,0.));
#11051 = DIRECTION('',(0.,-1.,0.));
#11052 = ADVANCED_FACE('',(#11053),#11071,.F.);
#11053 = FACE_BOUND('',#11054,.F.);
#11054 = EDGE_LOOP('',(#11055,#11056,#11057,#11065));
#11055 = ORIENTED_EDGE('',*,*,#10454,.F.);
#11056 = ORIENTED_EDGE('',*,*,#11014,.T.);
#11057 = ORIENTED_EDGE('',*,*,#11058,.T.);
#11058 = EDGE_CURVE('',#11015,#11059,#11061,.T.);
#11059 = VERTEX_POINT('',#11060);
#11060 = CARTESIAN_POINT('',(-1.,0.625,0.465));
#11061 = LINE('',#11062,#11063);
#11062 = CARTESIAN_POINT('',(-1.,0.625,0.));
#11063 = VECTOR('',#11064,1.);
#11064 = DIRECTION('',(0.,0.,1.));
#11065 = ORIENTED_EDGE('',*,*,#11066,.F.);
#11066 = EDGE_CURVE('',#10455,#11059,#11067,.T.);
#11067 = LINE('',#11068,#11069);
#11068 = CARTESIAN_POINT('',(-1.,-0.625,0.465));
#11069 = VECTOR('',#11070,1.);
#11070 = DIRECTION('',(0.,1.,0.));
#11071 = PLANE('',#11072);
#11072 = AXIS2_PLACEMENT_3D('',#11073,#11074,#11075);
#11073 = CARTESIAN_POINT('',(-1.,-0.625,0.));
#11074 = DIRECTION('',(1.,0.,0.));
#11075 = DIRECTION('',(0.,0.,1.));
#11076 = ADVANCED_FACE('',(#11077),#11089,.T.);
#11077 = FACE_BOUND('',#11078,.T.);
#11078 = EDGE_LOOP('',(#11079,#11080,#11081,#11088));
#11079 = ORIENTED_EDGE('',*,*,#10462,.T.);
#11080 = ORIENTED_EDGE('',*,*,#10914,.T.);
#11081 = ORIENTED_EDGE('',*,*,#11082,.F.);
#11082 = EDGE_CURVE('',#11059,#10907,#11083,.T.);
#11083 = CIRCLE('',#11084,3.5E-02);
#11084 = AXIS2_PLACEMENT_3D('',#11085,#11086,#11087);
#11085 = CARTESIAN_POINT('',(-0.965,0.625,0.465));
#11086 = DIRECTION('',(0.,1.,0.));
#11087 = DIRECTION('',(0.,-0.,1.));
#11088 = ORIENTED_EDGE('',*,*,#11066,.F.);
#11089 = CYLINDRICAL_SURFACE('',#11090,3.5E-02);
#11090 = AXIS2_PLACEMENT_3D('',#11091,#11092,#11093);
#11091 = CARTESIAN_POINT('',(-0.965,-0.625,0.465));
#11092 = DIRECTION('',(0.,1.,0.));
#11093 = DIRECTION('',(-1.,0.,0.));
#11094 = ADVANCED_FACE('',(#11095),#11107,.F.);
#11095 = FACE_BOUND('',#11096,.F.);
#11096 = EDGE_LOOP('',(#11097,#11098,#11099,#11106));
#11097 = ORIENTED_EDGE('',*,*,#11040,.F.);
#11098 = ORIENTED_EDGE('',*,*,#10583,.T.);
#11099 = ORIENTED_EDGE('',*,*,#11100,.T.);
#11100 = EDGE_CURVE('',#10576,#10977,#11101,.T.);
#11101 = CIRCLE('',#11102,3.5E-02);
#11102 = AXIS2_PLACEMENT_3D('',#11103,#11104,#11105);
#11103 = CARTESIAN_POINT('',(-0.685,-0.46875,3.5E-02));
#11104 = DIRECTION('',(-0.,1.,0.));
#11105 = DIRECTION('',(1.,0.,0.));
#11106 = ORIENTED_EDGE('',*,*,#10976,.T.);
#11107 = PLANE('',#11108);
#11108 = AXIS2_PLACEMENT_3D('',#11109,#11110,#11111);
#11109 = CARTESIAN_POINT('',(0.9125,-0.46875,0.75));
#11110 = DIRECTION('',(0.,1.,0.));
#11111 = DIRECTION('',(-1.,0.,0.));
#11112 = ADVANCED_FACE('',(#11113),#11125,.T.);
#11113 = FACE_BOUND('',#11114,.T.);
#11114 = EDGE_LOOP('',(#11115,#11116,#11117,#11118));
#11115 = ORIENTED_EDGE('',*,*,#10575,.F.);
#11116 = ORIENTED_EDGE('',*,*,#11100,.T.);
#11117 = ORIENTED_EDGE('',*,*,#10984,.T.);
#11118 = ORIENTED_EDGE('',*,*,#11119,.F.);
#11119 = EDGE_CURVE('',#10568,#10985,#11120,.T.);
#11120 = CIRCLE('',#11121,3.5E-02);
#11121 = AXIS2_PLACEMENT_3D('',#11122,#11123,#11124);
#11122 = CARTESIAN_POINT('',(-0.685,0.46875,3.5E-02));
#11123 = DIRECTION('',(-0.,1.,0.));
#11124 = DIRECTION('',(1.,0.,0.));
#11125 = CYLINDRICAL_SURFACE('',#11126,3.5E-02);
#11126 = AXIS2_PLACEMENT_3D('',#11127,#11128,#11129);
#11127 = CARTESIAN_POINT('',(-0.685,-0.625,3.5E-02));
#11128 = DIRECTION('',(0.,1.,0.));
#11129 = DIRECTION('',(1.,0.,0.));
#11130 = ADVANCED_FACE('',(#11131),#11142,.F.);
#11131 = FACE_BOUND('',#11132,.F.);
#11132 = EDGE_LOOP('',(#11133,#11134,#11140,#11141));
#11133 = ORIENTED_EDGE('',*,*,#10567,.T.);
#11134 = ORIENTED_EDGE('',*,*,#11135,.T.);
#11135 = EDGE_CURVE('',#10560,#10993,#11136,.T.);
#11136 = LINE('',#11137,#11138);
#11137 = CARTESIAN_POINT('',(-0.9125,0.46875,0.75));
#11138 = VECTOR('',#11139,1.);
#11139 = DIRECTION('',(-0.,-0.,-1.));
#11140 = ORIENTED_EDGE('',*,*,#10992,.T.);
#11141 = ORIENTED_EDGE('',*,*,#11119,.F.);
#11142 = PLANE('',#11143);
#11143 = AXIS2_PLACEMENT_3D('',#11144,#11145,#11146);
#11144 = CARTESIAN_POINT('',(-0.9125,0.46875,0.75));
#11145 = DIRECTION('',(0.,-1.,0.));
#11146 = DIRECTION('',(1.,0.,0.));
#11147 = ADVANCED_FACE('',(#11148),#11159,.F.);
#11148 = FACE_BOUND('',#11149,.F.);
#11149 = EDGE_LOOP('',(#11150,#11151,#11152,#11158));
#11150 = ORIENTED_EDGE('',*,*,#11135,.F.);
#11151 = ORIENTED_EDGE('',*,*,#10559,.T.);
#11152 = ORIENTED_EDGE('',*,*,#11153,.F.);
#11153 = EDGE_CURVE('',#10954,#10552,#11154,.T.);
#11154 = LINE('',#11155,#11156);
#11155 = CARTESIAN_POINT('',(-0.9125,0.625,0.375));
#11156 = VECTOR('',#11157,1.);
#11157 = DIRECTION('',(0.,0.,1.));
#11158 = ORIENTED_EDGE('',*,*,#11000,.T.);
#11159 = PLANE('',#11160);
#11160 = AXIS2_PLACEMENT_3D('',#11161,#11162,#11163);
#11161 = CARTESIAN_POINT('',(-0.9125,0.78125,0.75));
#11162 = DIRECTION('',(-1.,0.,0.));
#11163 = DIRECTION('',(0.,-1.,0.));
#11164 = ADVANCED_FACE('',(#11165),#11190,.F.);
#11165 = FACE_BOUND('',#11166,.F.);
#11166 = EDGE_LOOP('',(#11167,#11168,#11176,#11184));
#11167 = ORIENTED_EDGE('',*,*,#10543,.T.);
#11168 = ORIENTED_EDGE('',*,*,#11169,.T.);
#11169 = EDGE_CURVE('',#10536,#11170,#11172,.T.);
#11170 = VERTEX_POINT('',#11171);
#11171 = CARTESIAN_POINT('',(0.9125,0.46875,0.));
#11172 = LINE('',#11173,#11174);
#11173 = CARTESIAN_POINT('',(0.9125,0.46875,0.75));
#11174 = VECTOR('',#11175,1.);
#11175 = DIRECTION('',(-0.,-0.,-1.));
#11176 = ORIENTED_EDGE('',*,*,#11177,.T.);
#11177 = EDGE_CURVE('',#11170,#11178,#11180,.T.);
#11178 = VERTEX_POINT('',#11179);
#11179 = CARTESIAN_POINT('',(0.9125,0.625,0.));
#11180 = LINE('',#11181,#11182);
#11181 = CARTESIAN_POINT('',(0.9125,-7.8125E-02,0.));
#11182 = VECTOR('',#11183,1.);
#11183 = DIRECTION('',(0.,1.,0.));
#11184 = ORIENTED_EDGE('',*,*,#11185,.F.);
#11185 = EDGE_CURVE('',#10544,#11178,#11186,.T.);
#11186 = LINE('',#11187,#11188);
#11187 = CARTESIAN_POINT('',(0.9125,0.625,0.375));
#11188 = VECTOR('',#11189,1.);
#11189 = DIRECTION('',(0.,0.,-1.));
#11190 = PLANE('',#11191);
#11191 = AXIS2_PLACEMENT_3D('',#11192,#11193,#11194);
#11192 = CARTESIAN_POINT('',(0.9125,0.46875,0.75));
#11193 = DIRECTION('',(1.,0.,0.));
#11194 = DIRECTION('',(-0.,1.,0.));
#11195 = ADVANCED_FACE('',(#11196),#11215,.F.);
#11196 = FACE_BOUND('',#11197,.F.);
#11197 = EDGE_LOOP('',(#11198,#11199,#11200,#11209));
#11198 = ORIENTED_EDGE('',*,*,#11169,.F.);
#11199 = ORIENTED_EDGE('',*,*,#10535,.T.);
#11200 = ORIENTED_EDGE('',*,*,#11201,.F.);
#11201 = EDGE_CURVE('',#11202,#10528,#11204,.T.);
#11202 = VERTEX_POINT('',#11203);
#11203 = CARTESIAN_POINT('',(0.685,0.46875,-6.938893903907E-18));
#11204 = CIRCLE('',#11205,3.5E-02);
#11205 = AXIS2_PLACEMENT_3D('',#11206,#11207,#11208);
#11206 = CARTESIAN_POINT('',(0.685,0.46875,3.5E-02));
#11207 = DIRECTION('',(0.,1.,-0.));
#11208 = DIRECTION('',(-1.,0.,0.));
#11209 = ORIENTED_EDGE('',*,*,#11210,.T.);
#11210 = EDGE_CURVE('',#11202,#11170,#11211,.T.);
#11211 = LINE('',#11212,#11213);
#11212 = CARTESIAN_POINT('',(-0.13125,0.46875,0.));
#11213 = VECTOR('',#11214,1.);
#11214 = DIRECTION('',(1.,0.,0.));
#11215 = PLANE('',#11216);
#11216 = AXIS2_PLACEMENT_3D('',#11217,#11218,#11219);
#11217 = CARTESIAN_POINT('',(-0.9125,0.46875,0.75));
#11218 = DIRECTION('',(0.,-1.,0.));
#11219 = DIRECTION('',(1.,0.,0.));
#11220 = ADVANCED_FACE('',(#11221),#11240,.T.);
#11221 = FACE_BOUND('',#11222,.T.);
#11222 = EDGE_LOOP('',(#11223,#11224,#11232,#11239));
#11223 = ORIENTED_EDGE('',*,*,#11201,.F.);
#11224 = ORIENTED_EDGE('',*,*,#11225,.F.);
#11225 = EDGE_CURVE('',#11226,#11202,#11228,.T.);
#11226 = VERTEX_POINT('',#11227);
#11227 = CARTESIAN_POINT('',(0.685,-0.46875,-6.938893903907E-18));
#11228 = LINE('',#11229,#11230);
#11229 = CARTESIAN_POINT('',(0.685,-0.625,-6.938893903907E-18));
#11230 = VECTOR('',#11231,1.);
#11231 = DIRECTION('',(0.,1.,0.));
#11232 = ORIENTED_EDGE('',*,*,#11233,.T.);
#11233 = EDGE_CURVE('',#11226,#10520,#11234,.T.);
#11234 = CIRCLE('',#11235,3.5E-02);
#11235 = AXIS2_PLACEMENT_3D('',#11236,#11237,#11238);
#11236 = CARTESIAN_POINT('',(0.685,-0.46875,3.5E-02));
#11237 = DIRECTION('',(0.,1.,-0.));
#11238 = DIRECTION('',(-1.,0.,0.));
#11239 = ORIENTED_EDGE('',*,*,#10527,.T.);
#11240 = CYLINDRICAL_SURFACE('',#11241,3.5E-02);
#11241 = AXIS2_PLACEMENT_3D('',#11242,#11243,#11244);
#11242 = CARTESIAN_POINT('',(0.685,-0.625,3.5E-02));
#11243 = DIRECTION('',(0.,1.,0.));
#11244 = DIRECTION('',(-1.,0.,0.));
#11245 = ADVANCED_FACE('',(#11246),#11264,.F.);
#11246 = FACE_BOUND('',#11247,.F.);
#11247 = EDGE_LOOP('',(#11248,#11249,#11257,#11263));
#11248 = ORIENTED_EDGE('',*,*,#10519,.T.);
#11249 = ORIENTED_EDGE('',*,*,#11250,.T.);
#11250 = EDGE_CURVE('',#10512,#11251,#11253,.T.);
#11251 = VERTEX_POINT('',#11252);
#11252 = CARTESIAN_POINT('',(0.9125,-0.46875,0.));
#11253 = LINE('',#11254,#11255);
#11254 = CARTESIAN_POINT('',(0.9125,-0.46875,0.75));
#11255 = VECTOR('',#11256,1.);
#11256 = DIRECTION('',(-0.,-0.,-1.));
#11257 = ORIENTED_EDGE('',*,*,#11258,.T.);
#11258 = EDGE_CURVE('',#11251,#11226,#11259,.T.);
#11259 = LINE('',#11260,#11261);
#11260 = CARTESIAN_POINT('',(0.78125,-0.46875,0.));
#11261 = VECTOR('',#11262,1.);
#11262 = DIRECTION('',(-1.,0.,0.));
#11263 = ORIENTED_EDGE('',*,*,#11233,.T.);
#11264 = PLANE('',#11265);
#11265 = AXIS2_PLACEMENT_3D('',#11266,#11267,#11268);
#11266 = CARTESIAN_POINT('',(0.9125,-0.46875,0.75));
#11267 = DIRECTION('',(0.,1.,0.));
#11268 = DIRECTION('',(-1.,0.,0.));
#11269 = ADVANCED_FACE('',(#11270),#11281,.F.);
#11270 = FACE_BOUND('',#11271,.F.);
#11271 = EDGE_LOOP('',(#11272,#11273,#11274,#11275));
#11272 = ORIENTED_EDGE('',*,*,#11250,.F.);
#11273 = ORIENTED_EDGE('',*,*,#10511,.T.);
#11274 = ORIENTED_EDGE('',*,*,#10633,.T.);
#11275 = ORIENTED_EDGE('',*,*,#11276,.T.);
#11276 = EDGE_CURVE('',#10624,#11251,#11277,.T.);
#11277 = LINE('',#11278,#11279);
#11278 = CARTESIAN_POINT('',(0.9125,-0.703125,0.));
#11279 = VECTOR('',#11280,1.);
#11280 = DIRECTION('',(0.,1.,0.));
#11281 = PLANE('',#11282);
#11282 = AXIS2_PLACEMENT_3D('',#11283,#11284,#11285);
#11283 = CARTESIAN_POINT('',(0.9125,-0.78125,0.75));
#11284 = DIRECTION('',(1.,0.,0.));
#11285 = DIRECTION('',(-0.,1.,0.));
#11286 = ADVANCED_FACE('',(#11287),#11312,.T.);
#11287 = FACE_BOUND('',#11288,.T.);
#11288 = EDGE_LOOP('',(#11289,#11297,#11298,#11306));
#11289 = ORIENTED_EDGE('',*,*,#11290,.T.);
#11290 = EDGE_CURVE('',#11291,#10592,#11293,.T.);
#11291 = VERTEX_POINT('',#11292);
#11292 = CARTESIAN_POINT('',(0.433012701892,0.5,1.75E-02));
#11293 = LINE('',#11294,#11295);
#11294 = CARTESIAN_POINT('',(0.433012701892,0.5,1.75E-02));
#11295 = VECTOR('',#11296,1.);
#11296 = DIRECTION('',(0.,0.,1.));
#11297 = ORIENTED_EDGE('',*,*,#10591,.T.);
#11298 = ORIENTED_EDGE('',*,*,#11299,.F.);
#11299 = EDGE_CURVE('',#11300,#10594,#11302,.T.);
#11300 = VERTEX_POINT('',#11301);
#11301 = CARTESIAN_POINT('',(0.433012701892,-0.5,1.75E-02));
#11302 = LINE('',#11303,#11304);
#11303 = CARTESIAN_POINT('',(0.433012701892,-0.5,1.75E-02));
#11304 = VECTOR('',#11305,1.);
#11305 = DIRECTION('',(0.,0.,1.));
#11306 = ORIENTED_EDGE('',*,*,#11307,.F.);
#11307 = EDGE_CURVE('',#11291,#11300,#11308,.T.);
#11308 = LINE('',#11309,#11310);
#11309 = CARTESIAN_POINT('',(0.433012701892,0.5,1.75E-02));
#11310 = VECTOR('',#11311,1.);
#11311 = DIRECTION('',(0.,-1.,0.));
#11312 = PLANE('',#11313);
#11313 = AXIS2_PLACEMENT_3D('',#11314,#11315,#11316);
#11314 = CARTESIAN_POINT('',(0.433012701892,0.5,1.75E-02));
#11315 = DIRECTION('',(1.,0.,0.));
#11316 = DIRECTION('',(0.,-1.,0.));
#11317 = ADVANCED_FACE('',(#11318),#11336,.T.);
#11318 = FACE_BOUND('',#11319,.T.);
#11319 = EDGE_LOOP('',(#11320,#11328,#11329,#11330));
#11320 = ORIENTED_EDGE('',*,*,#11321,.T.);
#11321 = EDGE_CURVE('',#11322,#10602,#11324,.T.);
#11322 = VERTEX_POINT('',#11323);
#11323 = CARTESIAN_POINT('',(-0.433012701892,0.,1.75E-02));
#11324 = LINE('',#11325,#11326);
#11325 = CARTESIAN_POINT('',(-0.433012701892,0.,1.75E-02));
#11326 = VECTOR('',#11327,1.);
#11327 = DIRECTION('',(0.,0.,1.));
#11328 = ORIENTED_EDGE('',*,*,#10609,.T.);
#11329 = ORIENTED_EDGE('',*,*,#11290,.F.);
#11330 = ORIENTED_EDGE('',*,*,#11331,.F.);
#11331 = EDGE_CURVE('',#11322,#11291,#11332,.T.);
#11332 = LINE('',#11333,#11334);
#11333 = CARTESIAN_POINT('',(-0.433012701892,0.,1.75E-02));
#11334 = VECTOR('',#11335,1.);
#11335 = DIRECTION('',(0.866025403784,0.5,0.));
#11336 = PLANE('',#11337);
#11337 = AXIS2_PLACEMENT_3D('',#11338,#11339,#11340);
#11338 = CARTESIAN_POINT('',(-0.433012701892,0.,1.75E-02));
#11339 = DIRECTION('',(-0.5,0.866025403784,0.));
#11340 = DIRECTION('',(0.866025403784,0.5,0.));
#11341 = ADVANCED_FACE('',(#11342),#11353,.T.);
#11342 = FACE_BOUND('',#11343,.T.);
#11343 = EDGE_LOOP('',(#11344,#11345,#11346,#11347));
#11344 = ORIENTED_EDGE('',*,*,#11299,.T.);
#11345 = ORIENTED_EDGE('',*,*,#10601,.T.);
#11346 = ORIENTED_EDGE('',*,*,#11321,.F.);
#11347 = ORIENTED_EDGE('',*,*,#11348,.F.);
#11348 = EDGE_CURVE('',#11300,#11322,#11349,.T.);
#11349 = LINE('',#11350,#11351);
#11350 = CARTESIAN_POINT('',(0.433012701892,-0.5,1.75E-02));
#11351 = VECTOR('',#11352,1.);
#11352 = DIRECTION('',(-0.866025403784,0.5,0.));
#11353 = PLANE('',#11354);
#11354 = AXIS2_PLACEMENT_3D('',#11355,#11356,#11357);
#11355 = CARTESIAN_POINT('',(0.433012701892,-0.5,1.75E-02));
#11356 = DIRECTION('',(-0.5,-0.866025403784,0.));
#11357 = DIRECTION('',(-0.866025403784,0.5,0.));
#11358 = ADVANCED_FACE('',(#11359),#11381,.F.);
#11359 = FACE_BOUND('',#11360,.F.);
#11360 = EDGE_LOOP('',(#11361,#11369,#11370,#11371,#11372,#11373,#11374,
    #11375));
#11361 = ORIENTED_EDGE('',*,*,#11362,.F.);
#11362 = EDGE_CURVE('',#11178,#11363,#11365,.T.);
#11363 = VERTEX_POINT('',#11364);
#11364 = CARTESIAN_POINT('',(0.965,0.625,-6.938893903907E-18));
#11365 = LINE('',#11366,#11367);
#11366 = CARTESIAN_POINT('',(0.65,0.625,0.));
#11367 = VECTOR('',#11368,1.);
#11368 = DIRECTION('',(1.,0.,0.));
#11369 = ORIENTED_EDGE('',*,*,#11177,.F.);
#11370 = ORIENTED_EDGE('',*,*,#11210,.F.);
#11371 = ORIENTED_EDGE('',*,*,#11225,.F.);
#11372 = ORIENTED_EDGE('',*,*,#11258,.F.);
#11373 = ORIENTED_EDGE('',*,*,#11276,.F.);
#11374 = ORIENTED_EDGE('',*,*,#10623,.T.);
#11375 = ORIENTED_EDGE('',*,*,#11376,.T.);
#11376 = EDGE_CURVE('',#10626,#11363,#11377,.T.);
#11377 = LINE('',#11378,#11379);
#11378 = CARTESIAN_POINT('',(0.965,-0.625,-6.938893903907E-18));
#11379 = VECTOR('',#11380,1.);
#11380 = DIRECTION('',(0.,1.,0.));
#11381 = PLANE('',#11382);
#11382 = AXIS2_PLACEMENT_3D('',#11383,#11384,#11385);
#11383 = CARTESIAN_POINT('',(0.65,-0.625,0.));
#11384 = DIRECTION('',(0.,0.,1.));
#11385 = DIRECTION('',(1.,0.,-0.));
#11386 = ADVANCED_FACE('',(#11387),#11406,.T.);
#11387 = FACE_BOUND('',#11388,.T.);
#11388 = EDGE_LOOP('',(#11389,#11390,#11391,#11400));
#11389 = ORIENTED_EDGE('',*,*,#10675,.T.);
#11390 = ORIENTED_EDGE('',*,*,#11376,.T.);
#11391 = ORIENTED_EDGE('',*,*,#11392,.F.);
#11392 = EDGE_CURVE('',#11393,#11363,#11395,.T.);
#11393 = VERTEX_POINT('',#11394);
#11394 = CARTESIAN_POINT('',(1.,0.625,3.5E-02));
#11395 = CIRCLE('',#11396,3.5E-02);
#11396 = AXIS2_PLACEMENT_3D('',#11397,#11398,#11399);
#11397 = CARTESIAN_POINT('',(0.965,0.625,3.5E-02));
#11398 = DIRECTION('',(0.,1.,0.));
#11399 = DIRECTION('',(0.,-0.,1.));
#11400 = ORIENTED_EDGE('',*,*,#11401,.F.);
#11401 = EDGE_CURVE('',#10668,#11393,#11402,.T.);
#11402 = LINE('',#11403,#11404);
#11403 = CARTESIAN_POINT('',(1.,-0.625,3.5E-02));
#11404 = VECTOR('',#11405,1.);
#11405 = DIRECTION('',(0.,1.,0.));
#11406 = CYLINDRICAL_SURFACE('',#11407,3.5E-02);
#11407 = AXIS2_PLACEMENT_3D('',#11408,#11409,#11410);
#11408 = CARTESIAN_POINT('',(0.965,-0.625,3.5E-02));
#11409 = DIRECTION('',(0.,1.,0.));
#11410 = DIRECTION('',(1.,0.,0.));
#11411 = ADVANCED_FACE('',(#11412),#11430,.T.);
#11412 = FACE_BOUND('',#11413,.T.);
#11413 = EDGE_LOOP('',(#11414,#11415,#11416,#11424));
#11414 = ORIENTED_EDGE('',*,*,#10667,.F.);
#11415 = ORIENTED_EDGE('',*,*,#11401,.T.);
#11416 = ORIENTED_EDGE('',*,*,#11417,.T.);
#11417 = EDGE_CURVE('',#11393,#11418,#11420,.T.);
#11418 = VERTEX_POINT('',#11419);
#11419 = CARTESIAN_POINT('',(1.,0.625,0.465));
#11420 = LINE('',#11421,#11422);
#11421 = CARTESIAN_POINT('',(1.,0.625,0.));
#11422 = VECTOR('',#11423,1.);
#11423 = DIRECTION('',(0.,0.,1.));
#11424 = ORIENTED_EDGE('',*,*,#11425,.F.);
#11425 = EDGE_CURVE('',#10659,#11418,#11426,.T.);
#11426 = LINE('',#11427,#11428);
#11427 = CARTESIAN_POINT('',(1.,-0.625,0.465));
#11428 = VECTOR('',#11429,1.);
#11429 = DIRECTION('',(0.,1.,0.));
#11430 = PLANE('',#11431);
#11431 = AXIS2_PLACEMENT_3D('',#11432,#11433,#11434);
#11432 = CARTESIAN_POINT('',(1.,-0.625,0.));
#11433 = DIRECTION('',(1.,0.,0.));
#11434 = DIRECTION('',(0.,0.,1.));
#11435 = ADVANCED_FACE('',(#11436),#11455,.T.);
#11436 = FACE_BOUND('',#11437,.T.);
#11437 = EDGE_LOOP('',(#11438,#11439,#11448,#11454));
#11438 = ORIENTED_EDGE('',*,*,#11425,.T.);
#11439 = ORIENTED_EDGE('',*,*,#11440,.T.);
#11440 = EDGE_CURVE('',#11418,#11441,#11443,.T.);
#11441 = VERTEX_POINT('',#11442);
#11442 = CARTESIAN_POINT('',(0.965,0.625,0.5));
#11443 = CIRCLE('',#11444,3.5E-02);
#11444 = AXIS2_PLACEMENT_3D('',#11445,#11446,#11447);
#11445 = CARTESIAN_POINT('',(0.965,0.625,0.465));
#11446 = DIRECTION('',(0.,-1.,0.));
#11447 = DIRECTION('',(0.,0.,1.));
#11448 = ORIENTED_EDGE('',*,*,#11449,.F.);
#11449 = EDGE_CURVE('',#10651,#11441,#11450,.T.);
#11450 = LINE('',#11451,#11452);
#11451 = CARTESIAN_POINT('',(0.965,-0.625,0.5));
#11452 = VECTOR('',#11453,1.);
#11453 = DIRECTION('',(0.,1.,0.));
#11454 = ORIENTED_EDGE('',*,*,#10658,.F.);
#11455 = CYLINDRICAL_SURFACE('',#11456,3.5E-02);
#11456 = AXIS2_PLACEMENT_3D('',#11457,#11458,#11459);
#11457 = CARTESIAN_POINT('',(0.965,-0.625,0.465));
#11458 = DIRECTION('',(0.,1.,0.));
#11459 = DIRECTION('',(1.,0.,0.));
#11460 = ADVANCED_FACE('',(#11461),#11502,.T.);
#11461 = FACE_BOUND('',#11462,.T.);
#11462 = EDGE_LOOP('',(#11463,#11471,#11479,#11485,#11486,#11494,#11500,
    #11501));
#11463 = ORIENTED_EDGE('',*,*,#11464,.F.);
#11464 = EDGE_CURVE('',#11465,#11441,#11467,.T.);
#11465 = VERTEX_POINT('',#11466);
#11466 = CARTESIAN_POINT('',(0.9125,0.625,0.5));
#11467 = LINE('',#11468,#11469);
#11468 = CARTESIAN_POINT('',(0.65,0.625,0.5));
#11469 = VECTOR('',#11470,1.);
#11470 = DIRECTION('',(1.,0.,0.));
#11471 = ORIENTED_EDGE('',*,*,#11472,.F.);
#11472 = EDGE_CURVE('',#11473,#11465,#11475,.T.);
#11473 = VERTEX_POINT('',#11474);
#11474 = CARTESIAN_POINT('',(0.9125,0.46875,0.5));
#11475 = LINE('',#11476,#11477);
#11476 = CARTESIAN_POINT('',(0.9125,-7.8125E-02,0.5));
#11477 = VECTOR('',#11478,1.);
#11478 = DIRECTION('',(0.,1.,0.));
#11479 = ORIENTED_EDGE('',*,*,#11480,.F.);
#11480 = EDGE_CURVE('',#10756,#11473,#11481,.T.);
#11481 = LINE('',#11482,#11483);
#11482 = CARTESIAN_POINT('',(-0.13125,0.46875,0.5));
#11483 = VECTOR('',#11484,1.);
#11484 = DIRECTION('',(1.,0.,0.));
#11485 = ORIENTED_EDGE('',*,*,#10755,.F.);
#11486 = ORIENTED_EDGE('',*,*,#11487,.F.);
#11487 = EDGE_CURVE('',#11488,#10747,#11490,.T.);
#11488 = VERTEX_POINT('',#11489);
#11489 = CARTESIAN_POINT('',(0.9125,-0.46875,0.5));
#11490 = LINE('',#11491,#11492);
#11491 = CARTESIAN_POINT('',(0.78125,-0.46875,0.5));
#11492 = VECTOR('',#11493,1.);
#11493 = DIRECTION('',(-1.,0.,0.));
#11494 = ORIENTED_EDGE('',*,*,#11495,.F.);
#11495 = EDGE_CURVE('',#10643,#11488,#11496,.T.);
#11496 = LINE('',#11497,#11498);
#11497 = CARTESIAN_POINT('',(0.9125,-0.703125,0.5));
#11498 = VECTOR('',#11499,1.);
#11499 = DIRECTION('',(0.,1.,0.));
#11500 = ORIENTED_EDGE('',*,*,#10650,.T.);
#11501 = ORIENTED_EDGE('',*,*,#11449,.T.);
#11502 = PLANE('',#11503);
#11503 = AXIS2_PLACEMENT_3D('',#11504,#11505,#11506);
#11504 = CARTESIAN_POINT('',(0.65,-0.625,0.5));
#11505 = DIRECTION('',(0.,0.,1.));
#11506 = DIRECTION('',(1.,0.,-0.));
#11507 = ADVANCED_FACE('',(#11508),#11519,.F.);
#11508 = FACE_BOUND('',#11509,.F.);
#11509 = EDGE_LOOP('',(#11510,#11516,#11517,#11518));
#11510 = ORIENTED_EDGE('',*,*,#11511,.F.);
#11511 = EDGE_CURVE('',#11488,#10691,#11512,.T.);
#11512 = LINE('',#11513,#11514);
#11513 = CARTESIAN_POINT('',(0.9125,-0.46875,0.75));
#11514 = VECTOR('',#11515,1.);
#11515 = DIRECTION('',(-0.,-0.,-1.));
#11516 = ORIENTED_EDGE('',*,*,#11495,.F.);
#11517 = ORIENTED_EDGE('',*,*,#10642,.T.);
#11518 = ORIENTED_EDGE('',*,*,#10700,.F.);
#11519 = PLANE('',#11520);
#11520 = AXIS2_PLACEMENT_3D('',#11521,#11522,#11523);
#11521 = CARTESIAN_POINT('',(0.9125,-0.78125,0.75));
#11522 = DIRECTION('',(1.,0.,0.));
#11523 = DIRECTION('',(-0.,1.,0.));
#11524 = ADVANCED_FACE('',(#11525),#11531,.F.);
#11525 = FACE_BOUND('',#11526,.F.);
#11526 = EDGE_LOOP('',(#11527,#11528,#11529,#11530));
#11527 = ORIENTED_EDGE('',*,*,#11487,.F.);
#11528 = ORIENTED_EDGE('',*,*,#11511,.T.);
#11529 = ORIENTED_EDGE('',*,*,#10690,.F.);
#11530 = ORIENTED_EDGE('',*,*,#10746,.T.);
#11531 = PLANE('',#11532);
#11532 = AXIS2_PLACEMENT_3D('',#11533,#11534,#11535);
#11533 = CARTESIAN_POINT('',(0.9125,-0.46875,0.75));
#11534 = DIRECTION('',(0.,1.,0.));
#11535 = DIRECTION('',(-1.,0.,0.));
#11536 = ADVANCED_FACE('',(#11537),#11553,.F.);
#11537 = FACE_BOUND('',#11538,.F.);
#11538 = EDGE_LOOP('',(#11539,#11540,#11546,#11547));
#11539 = ORIENTED_EDGE('',*,*,#11472,.F.);
#11540 = ORIENTED_EDGE('',*,*,#11541,.T.);
#11541 = EDGE_CURVE('',#11473,#10724,#11542,.T.);
#11542 = LINE('',#11543,#11544);
#11543 = CARTESIAN_POINT('',(0.9125,0.46875,0.75));
#11544 = VECTOR('',#11545,1.);
#11545 = DIRECTION('',(-0.,-0.,-1.));
#11546 = ORIENTED_EDGE('',*,*,#10731,.F.);
#11547 = ORIENTED_EDGE('',*,*,#11548,.F.);
#11548 = EDGE_CURVE('',#11465,#10715,#11549,.T.);
#11549 = LINE('',#11550,#11551);
#11550 = CARTESIAN_POINT('',(0.9125,0.625,0.375));
#11551 = VECTOR('',#11552,1.);
#11552 = DIRECTION('',(0.,0.,-1.));
#11553 = PLANE('',#11554);
#11554 = AXIS2_PLACEMENT_3D('',#11555,#11556,#11557);
#11555 = CARTESIAN_POINT('',(0.9125,0.46875,0.75));
#11556 = DIRECTION('',(1.,0.,0.));
#11557 = DIRECTION('',(-0.,1.,0.));
#11558 = ADVANCED_FACE('',(#11559),#11565,.F.);
#11559 = FACE_BOUND('',#11560,.F.);
#11560 = EDGE_LOOP('',(#11561,#11562,#11563,#11564));
#11561 = ORIENTED_EDGE('',*,*,#11541,.F.);
#11562 = ORIENTED_EDGE('',*,*,#11480,.F.);
#11563 = ORIENTED_EDGE('',*,*,#10763,.F.);
#11564 = ORIENTED_EDGE('',*,*,#10723,.F.);
#11565 = PLANE('',#11566);
#11566 = AXIS2_PLACEMENT_3D('',#11567,#11568,#11569);
#11567 = CARTESIAN_POINT('',(-0.9125,0.46875,0.75));
#11568 = DIRECTION('',(0.,-1.,0.));
#11569 = DIRECTION('',(1.,0.,0.));
#11570 = ADVANCED_FACE('',(#11571),#11583,.T.);
#11571 = FACE_BOUND('',#11572,.T.);
#11572 = EDGE_LOOP('',(#11573,#11574,#11575,#11576,#11577,#11578,#11579,
    #11580,#11581,#11582));
#11573 = ORIENTED_EDGE('',*,*,#10951,.F.);
#11574 = ORIENTED_EDGE('',*,*,#11022,.F.);
#11575 = ORIENTED_EDGE('',*,*,#11058,.T.);
#11576 = ORIENTED_EDGE('',*,*,#11082,.T.);
#11577 = ORIENTED_EDGE('',*,*,#10906,.T.);
#11578 = ORIENTED_EDGE('',*,*,#10867,.F.);
#11579 = ORIENTED_EDGE('',*,*,#10794,.F.);
#11580 = ORIENTED_EDGE('',*,*,#10786,.F.);
#11581 = ORIENTED_EDGE('',*,*,#10778,.T.);
#11582 = ORIENTED_EDGE('',*,*,#11153,.F.);
#11583 = PLANE('',#11584);
#11584 = AXIS2_PLACEMENT_3D('',#11585,#11586,#11587);
#11585 = CARTESIAN_POINT('',(-1.,0.625,0.));
#11586 = DIRECTION('',(0.,1.,0.));
#11587 = DIRECTION('',(0.,-0.,1.));
#11588 = ADVANCED_FACE('',(#11589),#11601,.T.);
#11589 = FACE_BOUND('',#11590,.T.);
#11590 = EDGE_LOOP('',(#11591,#11592,#11593,#11594,#11595,#11596,#11597,
    #11598,#11599,#11600));
#11591 = ORIENTED_EDGE('',*,*,#11362,.F.);
#11592 = ORIENTED_EDGE('',*,*,#11185,.F.);
#11593 = ORIENTED_EDGE('',*,*,#10819,.T.);
#11594 = ORIENTED_EDGE('',*,*,#10811,.T.);
#11595 = ORIENTED_EDGE('',*,*,#10803,.F.);
#11596 = ORIENTED_EDGE('',*,*,#11548,.F.);
#11597 = ORIENTED_EDGE('',*,*,#11464,.T.);
#11598 = ORIENTED_EDGE('',*,*,#11440,.F.);
#11599 = ORIENTED_EDGE('',*,*,#11417,.F.);
#11600 = ORIENTED_EDGE('',*,*,#11392,.T.);
#11601 = PLANE('',#11602);
#11602 = AXIS2_PLACEMENT_3D('',#11603,#11604,#11605);
#11603 = CARTESIAN_POINT('',(0.65,0.625,0.));
#11604 = DIRECTION('',(0.,1.,0.));
#11605 = DIRECTION('',(0.,-0.,1.));
#11606 = ADVANCED_FACE('',(#11607),#11612,.T.);
#11607 = FACE_BOUND('',#11608,.T.);
#11608 = EDGE_LOOP('',(#11609,#11610,#11611));
#11609 = ORIENTED_EDGE('',*,*,#11331,.T.);
#11610 = ORIENTED_EDGE('',*,*,#11307,.T.);
#11611 = ORIENTED_EDGE('',*,*,#11348,.T.);
#11612 = PLANE('',#11613);
#11613 = AXIS2_PLACEMENT_3D('',#11614,#11615,#11616);
#11614 = CARTESIAN_POINT('',(0.144337567297,9.251858538543E-18,1.75E-02)
  );
#11615 = DIRECTION('',(-0.,-0.,-1.));
#11616 = DIRECTION('',(-1.,0.,0.));
#11617 = ( GEOMETRIC_REPRESENTATION_CONTEXT(3) 
GLOBAL_UNCERTAINTY_ASSIGNED_CONTEXT((#11621)) 
GLOBAL_UNIT_ASSIGNED_CONTEXT((#11618,#11619,#11620)) 
REPRESENTATION_CONTEXT('Context #1',
  '3D Context with UNIT and UNCERTAINTY') );
#11618 = ( LENGTH_UNIT() NAMED_UNIT(*) SI_UNIT(.MILLI.,.METRE.) );
#11619 = ( NAMED_UNIT(*) PLANE_ANGLE_UNIT() SI_UNIT($,.RADIAN.) );
#11620 = ( NAMED_UNIT(*) SI_UNIT($,.STERADIAN.) SOLID_ANGLE_UNIT() );
#11621 = UNCERTAINTY_MEASURE_WITH_UNIT(LENGTH_MEASURE(1.E-07),#11618,
  'distance_accuracy_value','confusion accuracy');
#11622 = CONTEXT_DEPENDENT_SHAPE_REPRESENTATION(#11623,#11625);
#11623 = ( REPRESENTATION_RELATIONSHIP('','',#10093,#10) 
REPRESENTATION_RELATIONSHIP_WITH_TRANSFORMATION(#11624) 
SHAPE_REPRESENTATION_RELATIONSHIP() );
#11624 = ITEM_DEFINED_TRANSFORMATION('','',#11,#59);
#11625 = PRODUCT_DEFINITION_SHAPE('Placement','Placement of an item',
  #11626);
#11626 = NEXT_ASSEMBLY_USAGE_OCCURRENCE('12','D1','',#5,#10088,$);
#11627 = PRODUCT_RELATED_PRODUCT_CATEGORY('part',$,(#10090));
#11628 = CONTEXT_DEPENDENT_SHAPE_REPRESENTATION(#11629,#11631);
#11629 = ( REPRESENTATION_RELATIONSHIP('','',#3354,#10) 
REPRESENTATION_RELATIONSHIP_WITH_TRANSFORMATION(#11630) 
SHAPE_REPRESENTATION_RELATIONSHIP() );
#11630 = ITEM_DEFINED_TRANSFORMATION('','',#11,#63);
#11631 = PRODUCT_DEFINITION_SHAPE('Placement','Placement of an item',
  #11632);
#11632 = NEXT_ASSEMBLY_USAGE_OCCURRENCE('13','R3','',#5,#3349,$);
#11633 = SHAPE_DEFINITION_REPRESENTATION(#11634,#11640);
#11634 = PRODUCT_DEFINITION_SHAPE('','',#11635);
#11635 = PRODUCT_DEFINITION('design','',#11636,#11639);
#11636 = PRODUCT_DEFINITION_FORMATION('','',#11637);
#11637 = PRODUCT('AdityaFlightComputer_PCB','AdityaFlightComputer_PCB',
  '',(#11638));
#11638 = PRODUCT_CONTEXT('',#2,'mechanical');
#11639 = PRODUCT_DEFINITION_CONTEXT('part definition',#2,'design');
#11640 = ADVANCED_BREP_SHAPE_REPRESENTATION('',(#11,#11641),#14666);
#11641 = MANIFOLD_SOLID_BREP('',#11642);
#11642 = CLOSED_SHELL('',(#11643,#11685,#11716,#11747,#12563,#13379,
    #13396,#13413,#13430,#13447,#13464,#13481,#13498,#13515,#13532,
    #13549,#13566,#13578,#13595,#13612,#13629,#13646,#13663,#13680,
    #13697,#13714,#13731,#13748,#13765,#13782,#13799,#13816,#13833,
    #13850,#13867,#13884,#13901,#13918,#13935,#13952,#13969,#13986,
    #14003,#14020,#14037,#14054,#14071,#14088,#14105,#14122,#14139,
    #14156,#14173,#14190,#14207,#14224,#14241,#14258,#14275,#14292,
    #14309,#14326,#14343,#14360,#14377,#14394,#14411,#14428,#14445,
    #14462,#14479,#14496,#14513,#14530,#14547,#14564,#14581,#14598,
    #14615,#14632,#14649));
#11643 = ADVANCED_FACE('',(#11644),#11680,.T.);
#11644 = FACE_BOUND('',#11645,.T.);
#11645 = EDGE_LOOP('',(#11646,#11656,#11665,#11673));
#11646 = ORIENTED_EDGE('',*,*,#11647,.T.);
#11647 = EDGE_CURVE('',#11648,#11650,#11652,.T.);
#11648 = VERTEX_POINT('',#11649);
#11649 = CARTESIAN_POINT('',(195.95,-31.04995,0.));
#11650 = VERTEX_POINT('',#11651);
#11651 = CARTESIAN_POINT('',(195.95,-31.04995,1.51));
#11652 = LINE('',#11653,#11654);
#11653 = CARTESIAN_POINT('',(195.95,-31.04995,0.));
#11654 = VECTOR('',#11655,1.);
#11655 = DIRECTION('',(0.,0.,1.));
#11656 = ORIENTED_EDGE('',*,*,#11657,.T.);
#11657 = EDGE_CURVE('',#11650,#11658,#11660,.T.);
#11658 = VERTEX_POINT('',#11659);
#11659 = CARTESIAN_POINT('',(197.95125,-33.037154,1.51));
#11660 = CIRCLE('',#11661,2.001299469456);
#11661 = AXIS2_PLACEMENT_3D('',#11662,#11663,#11664);
#11662 = CARTESIAN_POINT('',(195.95000016947,-33.05124946945,1.51));
#11663 = DIRECTION('',(0.,0.,-1.));
#11664 = DIRECTION('',(-8.468116577363E-08,1.,0.));
#11665 = ORIENTED_EDGE('',*,*,#11666,.F.);
#11666 = EDGE_CURVE('',#11667,#11658,#11669,.T.);
#11667 = VERTEX_POINT('',#11668);
#11668 = CARTESIAN_POINT('',(197.95125,-33.037154,0.));
#11669 = LINE('',#11670,#11671);
#11670 = CARTESIAN_POINT('',(197.95125,-33.037154,0.));
#11671 = VECTOR('',#11672,1.);
#11672 = DIRECTION('',(0.,0.,1.));
#11673 = ORIENTED_EDGE('',*,*,#11674,.F.);
#11674 = EDGE_CURVE('',#11648,#11667,#11675,.T.);
#11675 = CIRCLE('',#11676,2.001299469456);
#11676 = AXIS2_PLACEMENT_3D('',#11677,#11678,#11679);
#11677 = CARTESIAN_POINT('',(195.95000016947,-33.05124946945,0.));
#11678 = DIRECTION('',(0.,0.,-1.));
#11679 = DIRECTION('',(-8.468116577363E-08,1.,0.));
#11680 = CYLINDRICAL_SURFACE('',#11681,2.001299469456);
#11681 = AXIS2_PLACEMENT_3D('',#11682,#11683,#11684);
#11682 = CARTESIAN_POINT('',(195.95000016947,-33.05124946945,0.));
#11683 = DIRECTION('',(0.,0.,-1.));
#11684 = DIRECTION('',(-8.468116577363E-08,1.,0.));
#11685 = ADVANCED_FACE('',(#11686),#11711,.T.);
#11686 = FACE_BOUND('',#11687,.T.);
#11687 = EDGE_LOOP('',(#11688,#11698,#11704,#11705));
#11688 = ORIENTED_EDGE('',*,*,#11689,.T.);
#11689 = EDGE_CURVE('',#11690,#11692,#11694,.T.);
#11690 = VERTEX_POINT('',#11691);
#11691 = CARTESIAN_POINT('',(147.6,-31.0499,0.));
#11692 = VERTEX_POINT('',#11693);
#11693 = CARTESIAN_POINT('',(147.6,-31.0499,1.51));
#11694 = LINE('',#11695,#11696);
#11695 = CARTESIAN_POINT('',(147.6,-31.0499,0.));
#11696 = VECTOR('',#11697,1.);
#11697 = DIRECTION('',(0.,0.,1.));
#11698 = ORIENTED_EDGE('',*,*,#11699,.T.);
#11699 = EDGE_CURVE('',#11692,#11650,#11700,.T.);
#11700 = LINE('',#11701,#11702);
#11701 = CARTESIAN_POINT('',(147.6,-31.0499,1.51));
#11702 = VECTOR('',#11703,1.);
#11703 = DIRECTION('',(0.999999999999,-1.034126163352E-06,0.));
#11704 = ORIENTED_EDGE('',*,*,#11647,.F.);
#11705 = ORIENTED_EDGE('',*,*,#11706,.F.);
#11706 = EDGE_CURVE('',#11690,#11648,#11707,.T.);
#11707 = LINE('',#11708,#11709);
#11708 = CARTESIAN_POINT('',(147.6,-31.0499,0.));
#11709 = VECTOR('',#11710,1.);
#11710 = DIRECTION('',(0.999999999999,-1.034126163352E-06,0.));
#11711 = PLANE('',#11712);
#11712 = AXIS2_PLACEMENT_3D('',#11713,#11714,#11715);
#11713 = CARTESIAN_POINT('',(147.6,-31.0499,0.));
#11714 = DIRECTION('',(1.034126163352E-06,0.999999999999,-0.));
#11715 = DIRECTION('',(0.999999999999,-1.034126163352E-06,0.));
#11716 = ADVANCED_FACE('',(#11717),#11742,.T.);
#11717 = FACE_BOUND('',#11718,.T.);
#11718 = EDGE_LOOP('',(#11719,#11720,#11728,#11736));
#11719 = ORIENTED_EDGE('',*,*,#11666,.T.);
#11720 = ORIENTED_EDGE('',*,*,#11721,.T.);
#11721 = EDGE_CURVE('',#11658,#11722,#11724,.T.);
#11722 = VERTEX_POINT('',#11723);
#11723 = CARTESIAN_POINT('',(197.95,-66.75,1.51));
#11724 = LINE('',#11725,#11726);
#11725 = CARTESIAN_POINT('',(197.95125,-33.037154,1.51));
#11726 = VECTOR('',#11727,1.);
#11727 = DIRECTION('',(-3.7077854511E-05,-0.999999999313,0.));
#11728 = ORIENTED_EDGE('',*,*,#11729,.F.);
#11729 = EDGE_CURVE('',#11730,#11722,#11732,.T.);
#11730 = VERTEX_POINT('',#11731);
#11731 = CARTESIAN_POINT('',(197.95,-66.75,0.));
#11732 = LINE('',#11733,#11734);
#11733 = CARTESIAN_POINT('',(197.95,-66.75,0.));
#11734 = VECTOR('',#11735,1.);
#11735 = DIRECTION('',(0.,0.,1.));
#11736 = ORIENTED_EDGE('',*,*,#11737,.F.);
#11737 = EDGE_CURVE('',#11667,#11730,#11738,.T.);
#11738 = LINE('',#11739,#11740);
#11739 = CARTESIAN_POINT('',(197.95125,-33.037154,0.));
#11740 = VECTOR('',#11741,1.);
#11741 = DIRECTION('',(-3.7077854511E-05,-0.999999999313,0.));
#11742 = PLANE('',#11743);
#11743 = AXIS2_PLACEMENT_3D('',#11744,#11745,#11746);
#11744 = CARTESIAN_POINT('',(197.95125,-33.037154,0.));
#11745 = DIRECTION('',(0.999999999313,-3.7077854511E-05,0.));
#11746 = DIRECTION('',(-3.7077854511E-05,-0.999999999313,0.));
#11747 = ADVANCED_FACE('',(#11748,#11854,#11865,#11876,#11887,#11898,
    #11909,#11920,#11931,#11942,#11953,#11964,#11975,#11986,#11997,
    #12008,#12019,#12030,#12041,#12052,#12063,#12074,#12085,#12096,
    #12107,#12118,#12129,#12140,#12151,#12162,#12173,#12184,#12195,
    #12206,#12217,#12228,#12239,#12250,#12261,#12272,#12283,#12294,
    #12305,#12316,#12327,#12338,#12349,#12360,#12371,#12382,#12393,
    #12404,#12415,#12426,#12437,#12448,#12459,#12470,#12481,#12492,
    #12503,#12514,#12525,#12536,#12547),#12558,.F.);
#11748 = FACE_BOUND('',#11749,.F.);
#11749 = EDGE_LOOP('',(#11750,#11751,#11752,#11761,#11769,#11778,#11786,
    #11795,#11803,#11812,#11821,#11829,#11838,#11846,#11853));
#11750 = ORIENTED_EDGE('',*,*,#11674,.F.);
#11751 = ORIENTED_EDGE('',*,*,#11706,.F.);
#11752 = ORIENTED_EDGE('',*,*,#11753,.F.);
#11753 = EDGE_CURVE('',#11754,#11690,#11756,.T.);
#11754 = VERTEX_POINT('',#11755);
#11755 = CARTESIAN_POINT('',(145.59875,-33.037104,0.));
#11756 = CIRCLE('',#11757,2.001301203304);
#11757 = AXIS2_PLACEMENT_3D('',#11758,#11759,#11760);
#11758 = CARTESIAN_POINT('',(147.6000015522,-33.0512012033,0.));
#11759 = DIRECTION('',(0.,0.,-1.));
#11760 = DIRECTION('',(-0.999975190592,7.044018801375E-03,0.));
#11761 = ORIENTED_EDGE('',*,*,#11762,.F.);
#11762 = EDGE_CURVE('',#11763,#11754,#11765,.T.);
#11763 = VERTEX_POINT('',#11764);
#11764 = CARTESIAN_POINT('',(145.6,-66.74995,0.));
#11765 = LINE('',#11766,#11767);
#11766 = CARTESIAN_POINT('',(145.6,-66.74995,0.));
#11767 = VECTOR('',#11768,1.);
#11768 = DIRECTION('',(-3.7077854511E-05,0.999999999313,0.));
#11769 = ORIENTED_EDGE('',*,*,#11770,.F.);
#11770 = EDGE_CURVE('',#11771,#11763,#11773,.T.);
#11771 = VERTEX_POINT('',#11772);
#11772 = CARTESIAN_POINT('',(146.05,-68.051652,0.));
#11773 = CIRCLE('',#11774,2.107668427058);
#11774 = AXIS2_PLACEMENT_3D('',#11775,#11776,#11777);
#11775 = CARTESIAN_POINT('',(147.70766842703,-66.74996018377,0.));
#11776 = DIRECTION('',(0.,0.,-1.));
#11777 = DIRECTION('',(-0.786493931281,-0.617598005225,-0.));
#11778 = ORIENTED_EDGE('',*,*,#11779,.F.);
#11779 = EDGE_CURVE('',#11780,#11771,#11782,.T.);
#11780 = VERTEX_POINT('',#11781);
#11781 = CARTESIAN_POINT('',(158.445856,-80.453953,0.));
#11782 = LINE('',#11783,#11784);
#11783 = CARTESIAN_POINT('',(158.445856,-80.453953,0.));
#11784 = VECTOR('',#11785,1.);
#11785 = DIRECTION('',(-0.706922981428,0.707290533182,0.));
#11786 = ORIENTED_EDGE('',*,*,#11787,.F.);
#11787 = EDGE_CURVE('',#11788,#11780,#11790,.T.);
#11788 = VERTEX_POINT('',#11789);
#11789 = CARTESIAN_POINT('',(159.,-82.04995,0.));
#11790 = CIRCLE('',#11791,2.009354741541);
#11791 = AXIS2_PLACEMENT_3D('',#11792,#11793,#11794);
#11792 = CARTESIAN_POINT('',(157.00062341907,-81.84995058752,0.));
#11793 = DIRECTION('',(0.,0.,1.));
#11794 = DIRECTION('',(0.99503414683,-9.953414812198E-02,0.));
#11795 = ORIENTED_EDGE('',*,*,#11796,.F.);
#11796 = EDGE_CURVE('',#11797,#11788,#11799,.T.);
#11797 = VERTEX_POINT('',#11798);
#11798 = CARTESIAN_POINT('',(159.,-108.14995,0.));
#11799 = LINE('',#11800,#11801);
#11800 = CARTESIAN_POINT('',(159.,-108.14995,0.));
#11801 = VECTOR('',#11802,1.);
#11802 = DIRECTION('',(0.,1.,0.));
#11803 = ORIENTED_EDGE('',*,*,#11804,.F.);
#11804 = EDGE_CURVE('',#11805,#11797,#11807,.T.);
#11805 = VERTEX_POINT('',#11806);
#11806 = CARTESIAN_POINT('',(171.778545,-130.274902,0.));
#11807 = CIRCLE('',#11808,25.536944795423);
#11808 = AXIS2_PLACEMENT_3D('',#11809,#11810,#11811);
#11809 = CARTESIAN_POINT('',(184.53694455604,-108.153446572,0.));
#11810 = DIRECTION('',(0.,0.,-1.));
#11811 = DIRECTION('',(-0.499605558075,-0.866253015199,-0.));
#11812 = ORIENTED_EDGE('',*,*,#11813,.F.);
#11813 = EDGE_CURVE('',#11814,#11805,#11816,.T.);
#11814 = VERTEX_POINT('',#11815);
#11815 = CARTESIAN_POINT('',(184.55,-108.15,0.));
#11816 = CIRCLE('',#11817,25.550003499024);
#11817 = AXIS2_PLACEMENT_3D('',#11818,#11819,#11820);
#11818 = CARTESIAN_POINT('',(158.99999650097,-108.1499979988,0.));
#11819 = DIRECTION('',(0.,0.,-1.));
#11820 = DIRECTION('',(1.,-7.832122229566E-08,0.));
#11821 = ORIENTED_EDGE('',*,*,#11822,.F.);
#11822 = EDGE_CURVE('',#11823,#11814,#11825,.T.);
#11823 = VERTEX_POINT('',#11824);
#11824 = CARTESIAN_POINT('',(184.55,-82.05,0.));
#11825 = LINE('',#11826,#11827);
#11826 = CARTESIAN_POINT('',(184.55,-82.05,0.));
#11827 = VECTOR('',#11828,1.);
#11828 = DIRECTION('',(0.,-1.,0.));
#11829 = ORIENTED_EDGE('',*,*,#11830,.F.);
#11830 = EDGE_CURVE('',#11831,#11823,#11833,.T.);
#11831 = VERTEX_POINT('',#11832);
#11832 = CARTESIAN_POINT('',(185.104144,-80.454003,0.));
#11833 = CIRCLE('',#11834,2.009354741541);
#11834 = AXIS2_PLACEMENT_3D('',#11835,#11836,#11837);
#11835 = CARTESIAN_POINT('',(186.54937658092,-81.85000058752,0.));
#11836 = DIRECTION('',(0.,0.,1.));
#11837 = DIRECTION('',(-0.7192520818,0.694749194189,0.));
#11838 = ORIENTED_EDGE('',*,*,#11839,.F.);
#11839 = EDGE_CURVE('',#11840,#11831,#11842,.T.);
#11840 = VERTEX_POINT('',#11841);
#11841 = CARTESIAN_POINT('',(197.500831,-68.050652,0.));
#11842 = LINE('',#11843,#11844);
#11843 = CARTESIAN_POINT('',(197.500831,-68.050652,0.));
#11844 = VECTOR('',#11845,1.);
#11845 = DIRECTION('',(-0.706916749521,-0.707296761795,0.));
#11846 = ORIENTED_EDGE('',*,*,#11847,.F.);
#11847 = EDGE_CURVE('',#11730,#11840,#11848,.T.);
#11848 = CIRCLE('',#11849,2.107718847627);
#11849 = AXIS2_PLACEMENT_3D('',#11850,#11851,#11852);
#11850 = CARTESIAN_POINT('',(195.84228115237,-66.7500017228,0.));
#11851 = DIRECTION('',(0.,0.,-1.));
#11852 = DIRECTION('',(1.,8.173764511742E-07,0.));
#11853 = ORIENTED_EDGE('',*,*,#11737,.F.);
#11854 = FACE_BOUND('',#11855,.F.);
#11855 = EDGE_LOOP('',(#11856));
#11856 = ORIENTED_EDGE('',*,*,#11857,.T.);
#11857 = EDGE_CURVE('',#11858,#11858,#11860,.T.);
#11858 = VERTEX_POINT('',#11859);
#11859 = CARTESIAN_POINT('',(163.75,-108.87,0.));
#11860 = CIRCLE('',#11861,0.51);
#11861 = AXIS2_PLACEMENT_3D('',#11862,#11863,#11864);
#11862 = CARTESIAN_POINT('',(163.75,-108.36,0.));
#11863 = DIRECTION('',(-0.,0.,-1.));
#11864 = DIRECTION('',(-0.,-1.,0.));
#11865 = FACE_BOUND('',#11866,.F.);
#11866 = EDGE_LOOP('',(#11867));
#11867 = ORIENTED_EDGE('',*,*,#11868,.T.);
#11868 = EDGE_CURVE('',#11869,#11869,#11871,.T.);
#11869 = VERTEX_POINT('',#11870);
#11870 = CARTESIAN_POINT('',(163.75,-106.33,0.));
#11871 = CIRCLE('',#11872,0.51);
#11872 = AXIS2_PLACEMENT_3D('',#11873,#11874,#11875);
#11873 = CARTESIAN_POINT('',(163.75,-105.82,0.));
#11874 = DIRECTION('',(-0.,0.,-1.));
#11875 = DIRECTION('',(-0.,-1.,0.));
#11876 = FACE_BOUND('',#11877,.F.);
#11877 = EDGE_LOOP('',(#11878));
#11878 = ORIENTED_EDGE('',*,*,#11879,.T.);
#11879 = EDGE_CURVE('',#11880,#11880,#11882,.T.);
#11880 = VERTEX_POINT('',#11881);
#11881 = CARTESIAN_POINT('',(163.75,-103.79,0.));
#11882 = CIRCLE('',#11883,0.51);
#11883 = AXIS2_PLACEMENT_3D('',#11884,#11885,#11886);
#11884 = CARTESIAN_POINT('',(163.75,-103.28,0.));
#11885 = DIRECTION('',(-0.,0.,-1.));
#11886 = DIRECTION('',(-0.,-1.,0.));
#11887 = FACE_BOUND('',#11888,.F.);
#11888 = EDGE_LOOP('',(#11889));
#11889 = ORIENTED_EDGE('',*,*,#11890,.T.);
#11890 = EDGE_CURVE('',#11891,#11891,#11893,.T.);
#11891 = VERTEX_POINT('',#11892);
#11892 = CARTESIAN_POINT('',(163.75,-101.25,0.));
#11893 = CIRCLE('',#11894,0.51);
#11894 = AXIS2_PLACEMENT_3D('',#11895,#11896,#11897);
#11895 = CARTESIAN_POINT('',(163.75,-100.74,0.));
#11896 = DIRECTION('',(-0.,0.,-1.));
#11897 = DIRECTION('',(-0.,-1.,0.));
#11898 = FACE_BOUND('',#11899,.F.);
#11899 = EDGE_LOOP('',(#11900));
#11900 = ORIENTED_EDGE('',*,*,#11901,.T.);
#11901 = EDGE_CURVE('',#11902,#11902,#11904,.T.);
#11902 = VERTEX_POINT('',#11903);
#11903 = CARTESIAN_POINT('',(163.75,-98.71,0.));
#11904 = CIRCLE('',#11905,0.51);
#11905 = AXIS2_PLACEMENT_3D('',#11906,#11907,#11908);
#11906 = CARTESIAN_POINT('',(163.75,-98.2,0.));
#11907 = DIRECTION('',(-0.,0.,-1.));
#11908 = DIRECTION('',(-0.,-1.,0.));
#11909 = FACE_BOUND('',#11910,.F.);
#11910 = EDGE_LOOP('',(#11911));
#11911 = ORIENTED_EDGE('',*,*,#11912,.T.);
#11912 = EDGE_CURVE('',#11913,#11913,#11915,.T.);
#11913 = VERTEX_POINT('',#11914);
#11914 = CARTESIAN_POINT('',(167.8,-117.081,0.));
#11915 = CIRCLE('',#11916,0.381);
#11916 = AXIS2_PLACEMENT_3D('',#11917,#11918,#11919);
#11917 = CARTESIAN_POINT('',(167.8,-116.7,0.));
#11918 = DIRECTION('',(-0.,0.,-1.));
#11919 = DIRECTION('',(-0.,-1.,0.));
#11920 = FACE_BOUND('',#11921,.F.);
#11921 = EDGE_LOOP('',(#11922));
#11922 = ORIENTED_EDGE('',*,*,#11923,.T.);
#11923 = EDGE_CURVE('',#11924,#11924,#11926,.T.);
#11924 = VERTEX_POINT('',#11925);
#11925 = CARTESIAN_POINT('',(163.75,-96.17,0.));
#11926 = CIRCLE('',#11927,0.51);
#11927 = AXIS2_PLACEMENT_3D('',#11928,#11929,#11930);
#11928 = CARTESIAN_POINT('',(163.75,-95.66,0.));
#11929 = DIRECTION('',(-0.,0.,-1.));
#11930 = DIRECTION('',(-0.,-1.,0.));
#11931 = FACE_BOUND('',#11932,.F.);
#11932 = EDGE_LOOP('',(#11933));
#11933 = ORIENTED_EDGE('',*,*,#11934,.T.);
#11934 = EDGE_CURVE('',#11935,#11935,#11937,.T.);
#11935 = VERTEX_POINT('',#11936);
#11936 = CARTESIAN_POINT('',(163.75,-93.63,0.));
#11937 = CIRCLE('',#11938,0.51);
#11938 = AXIS2_PLACEMENT_3D('',#11939,#11940,#11941);
#11939 = CARTESIAN_POINT('',(163.75,-93.12,0.));
#11940 = DIRECTION('',(-0.,0.,-1.));
#11941 = DIRECTION('',(-0.,-1.,0.));
#11942 = FACE_BOUND('',#11943,.F.);
#11943 = EDGE_LOOP('',(#11944));
#11944 = ORIENTED_EDGE('',*,*,#11945,.T.);
#11945 = EDGE_CURVE('',#11946,#11946,#11948,.T.);
#11946 = VERTEX_POINT('',#11947);
#11947 = CARTESIAN_POINT('',(163.75,-91.09,0.));
#11948 = CIRCLE('',#11949,0.51);
#11949 = AXIS2_PLACEMENT_3D('',#11950,#11951,#11952);
#11950 = CARTESIAN_POINT('',(163.75,-90.58,0.));
#11951 = DIRECTION('',(-0.,0.,-1.));
#11952 = DIRECTION('',(-0.,-1.,0.));
#11953 = FACE_BOUND('',#11954,.F.);
#11954 = EDGE_LOOP('',(#11955));
#11955 = ORIENTED_EDGE('',*,*,#11956,.T.);
#11956 = EDGE_CURVE('',#11957,#11957,#11959,.T.);
#11957 = VERTEX_POINT('',#11958);
#11958 = CARTESIAN_POINT('',(163.75,-88.55,0.));
#11959 = CIRCLE('',#11960,0.51);
#11960 = AXIS2_PLACEMENT_3D('',#11961,#11962,#11963);
#11961 = CARTESIAN_POINT('',(163.75,-88.04,0.));
#11962 = DIRECTION('',(-0.,0.,-1.));
#11963 = DIRECTION('',(-0.,-1.,0.));
#11964 = FACE_BOUND('',#11965,.F.);
#11965 = EDGE_LOOP('',(#11966));
#11966 = ORIENTED_EDGE('',*,*,#11967,.T.);
#11967 = EDGE_CURVE('',#11968,#11968,#11970,.T.);
#11968 = VERTEX_POINT('',#11969);
#11969 = CARTESIAN_POINT('',(163.75,-86.01,0.));
#11970 = CIRCLE('',#11971,0.51);
#11971 = AXIS2_PLACEMENT_3D('',#11972,#11973,#11974);
#11972 = CARTESIAN_POINT('',(163.75,-85.5,0.));
#11973 = DIRECTION('',(-0.,0.,-1.));
#11974 = DIRECTION('',(-0.,-1.,0.));
#11975 = FACE_BOUND('',#11976,.F.);
#11976 = EDGE_LOOP('',(#11977));
#11977 = ORIENTED_EDGE('',*,*,#11978,.T.);
#11978 = EDGE_CURVE('',#11979,#11979,#11981,.T.);
#11979 = VERTEX_POINT('',#11980);
#11980 = CARTESIAN_POINT('',(163.75,-83.47,0.));
#11981 = CIRCLE('',#11982,0.51);
#11982 = AXIS2_PLACEMENT_3D('',#11983,#11984,#11985);
#11983 = CARTESIAN_POINT('',(163.75,-82.96,0.));
#11984 = DIRECTION('',(-0.,0.,-1.));
#11985 = DIRECTION('',(-0.,-1.,0.));
#11986 = FACE_BOUND('',#11987,.F.);
#11987 = EDGE_LOOP('',(#11988));
#11988 = ORIENTED_EDGE('',*,*,#11989,.T.);
#11989 = EDGE_CURVE('',#11990,#11990,#11992,.T.);
#11990 = VERTEX_POINT('',#11991);
#11991 = CARTESIAN_POINT('',(163.75,-80.93,0.));
#11992 = CIRCLE('',#11993,0.51);
#11993 = AXIS2_PLACEMENT_3D('',#11994,#11995,#11996);
#11994 = CARTESIAN_POINT('',(163.75,-80.42,0.));
#11995 = DIRECTION('',(-0.,0.,-1.));
#11996 = DIRECTION('',(-0.,-1.,0.));
#11997 = FACE_BOUND('',#11998,.F.);
#11998 = EDGE_LOOP('',(#11999));
#11999 = ORIENTED_EDGE('',*,*,#12000,.T.);
#12000 = EDGE_CURVE('',#12001,#12001,#12003,.T.);
#12001 = VERTEX_POINT('',#12002);
#12002 = CARTESIAN_POINT('',(163.75,-78.39,0.));
#12003 = CIRCLE('',#12004,0.51);
#12004 = AXIS2_PLACEMENT_3D('',#12005,#12006,#12007);
#12005 = CARTESIAN_POINT('',(163.75,-77.88,0.));
#12006 = DIRECTION('',(-0.,0.,-1.));
#12007 = DIRECTION('',(-0.,-1.,0.));
#12008 = FACE_BOUND('',#12009,.F.);
#12009 = EDGE_LOOP('',(#12010));
#12010 = ORIENTED_EDGE('',*,*,#12011,.T.);
#12011 = EDGE_CURVE('',#12012,#12012,#12014,.T.);
#12012 = VERTEX_POINT('',#12013);
#12013 = CARTESIAN_POINT('',(175.3,-117.081,0.));
#12014 = CIRCLE('',#12015,0.381);
#12015 = AXIS2_PLACEMENT_3D('',#12016,#12017,#12018);
#12016 = CARTESIAN_POINT('',(175.3,-116.7,0.));
#12017 = DIRECTION('',(-0.,0.,-1.));
#12018 = DIRECTION('',(-0.,-1.,0.));
#12019 = FACE_BOUND('',#12020,.F.);
#12020 = EDGE_LOOP('',(#12021));
#12021 = ORIENTED_EDGE('',*,*,#12022,.T.);
#12022 = EDGE_CURVE('',#12023,#12023,#12025,.T.);
#12023 = VERTEX_POINT('',#12024);
#12024 = CARTESIAN_POINT('',(178.99,-108.87,0.));
#12025 = CIRCLE('',#12026,0.51);
#12026 = AXIS2_PLACEMENT_3D('',#12027,#12028,#12029);
#12027 = CARTESIAN_POINT('',(178.99,-108.36,0.));
#12028 = DIRECTION('',(-0.,0.,-1.));
#12029 = DIRECTION('',(-0.,-1.,0.));
#12030 = FACE_BOUND('',#12031,.F.);
#12031 = EDGE_LOOP('',(#12032));
#12032 = ORIENTED_EDGE('',*,*,#12033,.T.);
#12033 = EDGE_CURVE('',#12034,#12034,#12036,.T.);
#12034 = VERTEX_POINT('',#12035);
#12035 = CARTESIAN_POINT('',(178.99,-106.33,0.));
#12036 = CIRCLE('',#12037,0.51);
#12037 = AXIS2_PLACEMENT_3D('',#12038,#12039,#12040);
#12038 = CARTESIAN_POINT('',(178.99,-105.82,0.));
#12039 = DIRECTION('',(-0.,0.,-1.));
#12040 = DIRECTION('',(-0.,-1.,0.));
#12041 = FACE_BOUND('',#12042,.F.);
#12042 = EDGE_LOOP('',(#12043));
#12043 = ORIENTED_EDGE('',*,*,#12044,.T.);
#12044 = EDGE_CURVE('',#12045,#12045,#12047,.T.);
#12045 = VERTEX_POINT('',#12046);
#12046 = CARTESIAN_POINT('',(178.99,-103.79,0.));
#12047 = CIRCLE('',#12048,0.51);
#12048 = AXIS2_PLACEMENT_3D('',#12049,#12050,#12051);
#12049 = CARTESIAN_POINT('',(178.99,-103.28,0.));
#12050 = DIRECTION('',(-0.,0.,-1.));
#12051 = DIRECTION('',(-0.,-1.,0.));
#12052 = FACE_BOUND('',#12053,.F.);
#12053 = EDGE_LOOP('',(#12054));
#12054 = ORIENTED_EDGE('',*,*,#12055,.T.);
#12055 = EDGE_CURVE('',#12056,#12056,#12058,.T.);
#12056 = VERTEX_POINT('',#12057);
#12057 = CARTESIAN_POINT('',(178.99,-101.25,0.));
#12058 = CIRCLE('',#12059,0.51);
#12059 = AXIS2_PLACEMENT_3D('',#12060,#12061,#12062);
#12060 = CARTESIAN_POINT('',(178.99,-100.74,0.));
#12061 = DIRECTION('',(-0.,0.,-1.));
#12062 = DIRECTION('',(-0.,-1.,0.));
#12063 = FACE_BOUND('',#12064,.F.);
#12064 = EDGE_LOOP('',(#12065));
#12065 = ORIENTED_EDGE('',*,*,#12066,.T.);
#12066 = EDGE_CURVE('',#12067,#12067,#12069,.T.);
#12067 = VERTEX_POINT('',#12068);
#12068 = CARTESIAN_POINT('',(178.99,-98.71,0.));
#12069 = CIRCLE('',#12070,0.51);
#12070 = AXIS2_PLACEMENT_3D('',#12071,#12072,#12073);
#12071 = CARTESIAN_POINT('',(178.99,-98.2,0.));
#12072 = DIRECTION('',(-0.,0.,-1.));
#12073 = DIRECTION('',(-0.,-1.,0.));
#12074 = FACE_BOUND('',#12075,.F.);
#12075 = EDGE_LOOP('',(#12076));
#12076 = ORIENTED_EDGE('',*,*,#12077,.T.);
#12077 = EDGE_CURVE('',#12078,#12078,#12080,.T.);
#12078 = VERTEX_POINT('',#12079);
#12079 = CARTESIAN_POINT('',(178.99,-96.17,0.));
#12080 = CIRCLE('',#12081,0.51);
#12081 = AXIS2_PLACEMENT_3D('',#12082,#12083,#12084);
#12082 = CARTESIAN_POINT('',(178.99,-95.66,0.));
#12083 = DIRECTION('',(-0.,0.,-1.));
#12084 = DIRECTION('',(-0.,-1.,0.));
#12085 = FACE_BOUND('',#12086,.F.);
#12086 = EDGE_LOOP('',(#12087));
#12087 = ORIENTED_EDGE('',*,*,#12088,.T.);
#12088 = EDGE_CURVE('',#12089,#12089,#12091,.T.);
#12089 = VERTEX_POINT('',#12090);
#12090 = CARTESIAN_POINT('',(178.99,-93.63,0.));
#12091 = CIRCLE('',#12092,0.51);
#12092 = AXIS2_PLACEMENT_3D('',#12093,#12094,#12095);
#12093 = CARTESIAN_POINT('',(178.99,-93.12,0.));
#12094 = DIRECTION('',(-0.,0.,-1.));
#12095 = DIRECTION('',(-0.,-1.,0.));
#12096 = FACE_BOUND('',#12097,.F.);
#12097 = EDGE_LOOP('',(#12098));
#12098 = ORIENTED_EDGE('',*,*,#12099,.T.);
#12099 = EDGE_CURVE('',#12100,#12100,#12102,.T.);
#12100 = VERTEX_POINT('',#12101);
#12101 = CARTESIAN_POINT('',(178.99,-91.09,0.));
#12102 = CIRCLE('',#12103,0.51);
#12103 = AXIS2_PLACEMENT_3D('',#12104,#12105,#12106);
#12104 = CARTESIAN_POINT('',(178.99,-90.58,0.));
#12105 = DIRECTION('',(-0.,0.,-1.));
#12106 = DIRECTION('',(-0.,-1.,0.));
#12107 = FACE_BOUND('',#12108,.F.);
#12108 = EDGE_LOOP('',(#12109));
#12109 = ORIENTED_EDGE('',*,*,#12110,.T.);
#12110 = EDGE_CURVE('',#12111,#12111,#12113,.T.);
#12111 = VERTEX_POINT('',#12112);
#12112 = CARTESIAN_POINT('',(178.99,-88.55,0.));
#12113 = CIRCLE('',#12114,0.51);
#12114 = AXIS2_PLACEMENT_3D('',#12115,#12116,#12117);
#12115 = CARTESIAN_POINT('',(178.99,-88.04,0.));
#12116 = DIRECTION('',(-0.,0.,-1.));
#12117 = DIRECTION('',(-0.,-1.,0.));
#12118 = FACE_BOUND('',#12119,.F.);
#12119 = EDGE_LOOP('',(#12120));
#12120 = ORIENTED_EDGE('',*,*,#12121,.T.);
#12121 = EDGE_CURVE('',#12122,#12122,#12124,.T.);
#12122 = VERTEX_POINT('',#12123);
#12123 = CARTESIAN_POINT('',(178.99,-86.01,0.));
#12124 = CIRCLE('',#12125,0.51);
#12125 = AXIS2_PLACEMENT_3D('',#12126,#12127,#12128);
#12126 = CARTESIAN_POINT('',(178.99,-85.5,0.));
#12127 = DIRECTION('',(-0.,0.,-1.));
#12128 = DIRECTION('',(-0.,-1.,0.));
#12129 = FACE_BOUND('',#12130,.F.);
#12130 = EDGE_LOOP('',(#12131));
#12131 = ORIENTED_EDGE('',*,*,#12132,.T.);
#12132 = EDGE_CURVE('',#12133,#12133,#12135,.T.);
#12133 = VERTEX_POINT('',#12134);
#12134 = CARTESIAN_POINT('',(178.99,-83.47,0.));
#12135 = CIRCLE('',#12136,0.51);
#12136 = AXIS2_PLACEMENT_3D('',#12137,#12138,#12139);
#12137 = CARTESIAN_POINT('',(178.99,-82.96,0.));
#12138 = DIRECTION('',(-0.,0.,-1.));
#12139 = DIRECTION('',(-0.,-1.,0.));
#12140 = FACE_BOUND('',#12141,.F.);
#12141 = EDGE_LOOP('',(#12142));
#12142 = ORIENTED_EDGE('',*,*,#12143,.T.);
#12143 = EDGE_CURVE('',#12144,#12144,#12146,.T.);
#12144 = VERTEX_POINT('',#12145);
#12145 = CARTESIAN_POINT('',(178.99,-80.93,0.));
#12146 = CIRCLE('',#12147,0.51);
#12147 = AXIS2_PLACEMENT_3D('',#12148,#12149,#12150);
#12148 = CARTESIAN_POINT('',(178.99,-80.42,0.));
#12149 = DIRECTION('',(-0.,0.,-1.));
#12150 = DIRECTION('',(-0.,-1.,0.));
#12151 = FACE_BOUND('',#12152,.F.);
#12152 = EDGE_LOOP('',(#12153));
#12153 = ORIENTED_EDGE('',*,*,#12154,.T.);
#12154 = EDGE_CURVE('',#12155,#12155,#12157,.T.);
#12155 = VERTEX_POINT('',#12156);
#12156 = CARTESIAN_POINT('',(178.99,-78.39,0.));
#12157 = CIRCLE('',#12158,0.51);
#12158 = AXIS2_PLACEMENT_3D('',#12159,#12160,#12161);
#12159 = CARTESIAN_POINT('',(178.99,-77.88,0.));
#12160 = DIRECTION('',(-0.,0.,-1.));
#12161 = DIRECTION('',(-0.,-1.,0.));
#12162 = FACE_BOUND('',#12163,.F.);
#12163 = EDGE_LOOP('',(#12164));
#12164 = ORIENTED_EDGE('',*,*,#12165,.T.);
#12165 = EDGE_CURVE('',#12166,#12166,#12168,.T.);
#12166 = VERTEX_POINT('',#12167);
#12167 = CARTESIAN_POINT('',(157.,-73.05,0.));
#12168 = CIRCLE('',#12169,1.6);
#12169 = AXIS2_PLACEMENT_3D('',#12170,#12171,#12172);
#12170 = CARTESIAN_POINT('',(157.,-71.45,0.));
#12171 = DIRECTION('',(-0.,0.,-1.));
#12172 = DIRECTION('',(-0.,-1.,0.));
#12173 = FACE_BOUND('',#12174,.F.);
#12174 = EDGE_LOOP('',(#12175));
#12175 = ORIENTED_EDGE('',*,*,#12176,.T.);
#12176 = EDGE_CURVE('',#12177,#12177,#12179,.T.);
#12177 = VERTEX_POINT('',#12178);
#12178 = CARTESIAN_POINT('',(163.75,-75.85,0.));
#12179 = CIRCLE('',#12180,0.51);
#12180 = AXIS2_PLACEMENT_3D('',#12181,#12182,#12183);
#12181 = CARTESIAN_POINT('',(163.75,-75.34,0.));
#12182 = DIRECTION('',(-0.,0.,-1.));
#12183 = DIRECTION('',(-0.,-1.,0.));
#12184 = FACE_BOUND('',#12185,.F.);
#12185 = EDGE_LOOP('',(#12186));
#12186 = ORIENTED_EDGE('',*,*,#12187,.T.);
#12187 = EDGE_CURVE('',#12188,#12188,#12190,.T.);
#12188 = VERTEX_POINT('',#12189);
#12189 = CARTESIAN_POINT('',(163.75,-73.31,0.));
#12190 = CIRCLE('',#12191,0.51);
#12191 = AXIS2_PLACEMENT_3D('',#12192,#12193,#12194);
#12192 = CARTESIAN_POINT('',(163.75,-72.8,0.));
#12193 = DIRECTION('',(-0.,0.,-1.));
#12194 = DIRECTION('',(-0.,-1.,0.));
#12195 = FACE_BOUND('',#12196,.F.);
#12196 = EDGE_LOOP('',(#12197));
#12197 = ORIENTED_EDGE('',*,*,#12198,.T.);
#12198 = EDGE_CURVE('',#12199,#12199,#12201,.T.);
#12199 = VERTEX_POINT('',#12200);
#12200 = CARTESIAN_POINT('',(163.75,-70.77,0.));
#12201 = CIRCLE('',#12202,0.51);
#12202 = AXIS2_PLACEMENT_3D('',#12203,#12204,#12205);
#12203 = CARTESIAN_POINT('',(163.75,-70.26,0.));
#12204 = DIRECTION('',(-0.,0.,-1.));
#12205 = DIRECTION('',(-0.,-1.,0.));
#12206 = FACE_BOUND('',#12207,.F.);
#12207 = EDGE_LOOP('',(#12208));
#12208 = ORIENTED_EDGE('',*,*,#12209,.T.);
#12209 = EDGE_CURVE('',#12210,#12210,#12212,.T.);
#12210 = VERTEX_POINT('',#12211);
#12211 = CARTESIAN_POINT('',(163.75,-68.23,0.));
#12212 = CIRCLE('',#12213,0.51);
#12213 = AXIS2_PLACEMENT_3D('',#12214,#12215,#12216);
#12214 = CARTESIAN_POINT('',(163.75,-67.72,0.));
#12215 = DIRECTION('',(-0.,0.,-1.));
#12216 = DIRECTION('',(-0.,-1.,0.));
#12217 = FACE_BOUND('',#12218,.F.);
#12218 = EDGE_LOOP('',(#12219));
#12219 = ORIENTED_EDGE('',*,*,#12220,.T.);
#12220 = EDGE_CURVE('',#12221,#12221,#12223,.T.);
#12221 = VERTEX_POINT('',#12222);
#12222 = CARTESIAN_POINT('',(156.,-62.95,0.));
#12223 = CIRCLE('',#12224,0.5);
#12224 = AXIS2_PLACEMENT_3D('',#12225,#12226,#12227);
#12225 = CARTESIAN_POINT('',(156.,-62.45,0.));
#12226 = DIRECTION('',(-0.,0.,-1.));
#12227 = DIRECTION('',(-0.,-1.,0.));
#12228 = FACE_BOUND('',#12229,.F.);
#12229 = EDGE_LOOP('',(#12230));
#12230 = ORIENTED_EDGE('',*,*,#12231,.T.);
#12231 = EDGE_CURVE('',#12232,#12232,#12234,.T.);
#12232 = VERTEX_POINT('',#12233);
#12233 = CARTESIAN_POINT('',(156.,-60.45,0.));
#12234 = CIRCLE('',#12235,0.5);
#12235 = AXIS2_PLACEMENT_3D('',#12236,#12237,#12238);
#12236 = CARTESIAN_POINT('',(156.,-59.95,0.));
#12237 = DIRECTION('',(-0.,0.,-1.));
#12238 = DIRECTION('',(-0.,-1.,0.));
#12239 = FACE_BOUND('',#12240,.F.);
#12240 = EDGE_LOOP('',(#12241));
#12241 = ORIENTED_EDGE('',*,*,#12242,.T.);
#12242 = EDGE_CURVE('',#12243,#12243,#12245,.T.);
#12243 = VERTEX_POINT('',#12244);
#12244 = CARTESIAN_POINT('',(163.75,-65.69,0.));
#12245 = CIRCLE('',#12246,0.51);
#12246 = AXIS2_PLACEMENT_3D('',#12247,#12248,#12249);
#12247 = CARTESIAN_POINT('',(163.75,-65.18,0.));
#12248 = DIRECTION('',(-0.,0.,-1.));
#12249 = DIRECTION('',(-0.,-1.,0.));
#12250 = FACE_BOUND('',#12251,.F.);
#12251 = EDGE_LOOP('',(#12252));
#12252 = ORIENTED_EDGE('',*,*,#12253,.T.);
#12253 = EDGE_CURVE('',#12254,#12254,#12256,.T.);
#12254 = VERTEX_POINT('',#12255);
#12255 = CARTESIAN_POINT('',(163.75,-63.15,0.));
#12256 = CIRCLE('',#12257,0.51);
#12257 = AXIS2_PLACEMENT_3D('',#12258,#12259,#12260);
#12258 = CARTESIAN_POINT('',(163.75,-62.64,0.));
#12259 = DIRECTION('',(-0.,0.,-1.));
#12260 = DIRECTION('',(-0.,-1.,0.));
#12261 = FACE_BOUND('',#12262,.F.);
#12262 = EDGE_LOOP('',(#12263));
#12263 = ORIENTED_EDGE('',*,*,#12264,.T.);
#12264 = EDGE_CURVE('',#12265,#12265,#12267,.T.);
#12265 = VERTEX_POINT('',#12266);
#12266 = CARTESIAN_POINT('',(163.75,-60.61,0.));
#12267 = CIRCLE('',#12268,0.51);
#12268 = AXIS2_PLACEMENT_3D('',#12269,#12270,#12271);
#12269 = CARTESIAN_POINT('',(163.75,-60.1,0.));
#12270 = DIRECTION('',(-0.,0.,-1.));
#12271 = DIRECTION('',(-0.,-1.,0.));
#12272 = FACE_BOUND('',#12273,.F.);
#12273 = EDGE_LOOP('',(#12274));
#12274 = ORIENTED_EDGE('',*,*,#12275,.T.);
#12275 = EDGE_CURVE('',#12276,#12276,#12278,.T.);
#12276 = VERTEX_POINT('',#12277);
#12277 = CARTESIAN_POINT('',(163.75,-58.07,0.));
#12278 = CIRCLE('',#12279,0.51);
#12279 = AXIS2_PLACEMENT_3D('',#12280,#12281,#12282);
#12280 = CARTESIAN_POINT('',(163.75,-57.56,0.));
#12281 = DIRECTION('',(-0.,0.,-1.));
#12282 = DIRECTION('',(-0.,-1.,0.));
#12283 = FACE_BOUND('',#12284,.F.);
#12284 = EDGE_LOOP('',(#12285));
#12285 = ORIENTED_EDGE('',*,*,#12286,.T.);
#12286 = EDGE_CURVE('',#12287,#12287,#12289,.T.);
#12287 = VERTEX_POINT('',#12288);
#12288 = CARTESIAN_POINT('',(156.,-53.5,0.));
#12289 = CIRCLE('',#12290,0.5);
#12290 = AXIS2_PLACEMENT_3D('',#12291,#12292,#12293);
#12291 = CARTESIAN_POINT('',(156.,-53.,0.));
#12292 = DIRECTION('',(-0.,0.,-1.));
#12293 = DIRECTION('',(-0.,-1.,0.));
#12294 = FACE_BOUND('',#12295,.F.);
#12295 = EDGE_LOOP('',(#12296));
#12296 = ORIENTED_EDGE('',*,*,#12297,.T.);
#12297 = EDGE_CURVE('',#12298,#12298,#12300,.T.);
#12298 = VERTEX_POINT('',#12299);
#12299 = CARTESIAN_POINT('',(156.,-51.,0.));
#12300 = CIRCLE('',#12301,0.5);
#12301 = AXIS2_PLACEMENT_3D('',#12302,#12303,#12304);
#12302 = CARTESIAN_POINT('',(156.,-50.5,0.));
#12303 = DIRECTION('',(-0.,0.,-1.));
#12304 = DIRECTION('',(-0.,-1.,0.));
#12305 = FACE_BOUND('',#12306,.F.);
#12306 = EDGE_LOOP('',(#12307));
#12307 = ORIENTED_EDGE('',*,*,#12308,.T.);
#12308 = EDGE_CURVE('',#12309,#12309,#12311,.T.);
#12309 = VERTEX_POINT('',#12310);
#12310 = CARTESIAN_POINT('',(163.75,-55.53,0.));
#12311 = CIRCLE('',#12312,0.51);
#12312 = AXIS2_PLACEMENT_3D('',#12313,#12314,#12315);
#12313 = CARTESIAN_POINT('',(163.75,-55.02,0.));
#12314 = DIRECTION('',(-0.,0.,-1.));
#12315 = DIRECTION('',(-0.,-1.,0.));
#12316 = FACE_BOUND('',#12317,.F.);
#12317 = EDGE_LOOP('',(#12318));
#12318 = ORIENTED_EDGE('',*,*,#12319,.T.);
#12319 = EDGE_CURVE('',#12320,#12320,#12322,.T.);
#12320 = VERTEX_POINT('',#12321);
#12321 = CARTESIAN_POINT('',(163.75,-52.99,0.));
#12322 = CIRCLE('',#12323,0.51);
#12323 = AXIS2_PLACEMENT_3D('',#12324,#12325,#12326);
#12324 = CARTESIAN_POINT('',(163.75,-52.48,0.));
#12325 = DIRECTION('',(-0.,0.,-1.));
#12326 = DIRECTION('',(-0.,-1.,0.));
#12327 = FACE_BOUND('',#12328,.F.);
#12328 = EDGE_LOOP('',(#12329));
#12329 = ORIENTED_EDGE('',*,*,#12330,.T.);
#12330 = EDGE_CURVE('',#12331,#12331,#12333,.T.);
#12331 = VERTEX_POINT('',#12332);
#12332 = CARTESIAN_POINT('',(163.75,-50.45,0.));
#12333 = CIRCLE('',#12334,0.51);
#12334 = AXIS2_PLACEMENT_3D('',#12335,#12336,#12337);
#12335 = CARTESIAN_POINT('',(163.75,-49.94,0.));
#12336 = DIRECTION('',(-0.,0.,-1.));
#12337 = DIRECTION('',(-0.,-1.,0.));
#12338 = FACE_BOUND('',#12339,.F.);
#12339 = EDGE_LOOP('',(#12340));
#12340 = ORIENTED_EDGE('',*,*,#12341,.T.);
#12341 = EDGE_CURVE('',#12342,#12342,#12344,.T.);
#12342 = VERTEX_POINT('',#12343);
#12343 = CARTESIAN_POINT('',(159.75,-42.075,0.));
#12344 = CIRCLE('',#12345,0.475);
#12345 = AXIS2_PLACEMENT_3D('',#12346,#12347,#12348);
#12346 = CARTESIAN_POINT('',(159.75,-41.6,0.));
#12347 = DIRECTION('',(-0.,0.,-1.));
#12348 = DIRECTION('',(-0.,-1.,0.));
#12349 = FACE_BOUND('',#12350,.F.);
#12350 = EDGE_LOOP('',(#12351));
#12351 = ORIENTED_EDGE('',*,*,#12352,.T.);
#12352 = EDGE_CURVE('',#12353,#12353,#12355,.T.);
#12353 = VERTEX_POINT('',#12354);
#12354 = CARTESIAN_POINT('',(162.25,-42.075,0.));
#12355 = CIRCLE('',#12356,0.475);
#12356 = AXIS2_PLACEMENT_3D('',#12357,#12358,#12359);
#12357 = CARTESIAN_POINT('',(162.25,-41.6,0.));
#12358 = DIRECTION('',(-0.,0.,-1.));
#12359 = DIRECTION('',(-0.,-1.,0.));
#12360 = FACE_BOUND('',#12361,.F.);
#12361 = EDGE_LOOP('',(#12362));
#12362 = ORIENTED_EDGE('',*,*,#12363,.T.);
#12363 = EDGE_CURVE('',#12364,#12364,#12366,.T.);
#12364 = VERTEX_POINT('',#12365);
#12365 = CARTESIAN_POINT('',(164.75,-42.075,0.));
#12366 = CIRCLE('',#12367,0.475);
#12367 = AXIS2_PLACEMENT_3D('',#12368,#12369,#12370);
#12368 = CARTESIAN_POINT('',(164.75,-41.6,0.));
#12369 = DIRECTION('',(-0.,0.,-1.));
#12370 = DIRECTION('',(-0.,-1.,0.));
#12371 = FACE_BOUND('',#12372,.F.);
#12372 = EDGE_LOOP('',(#12373));
#12373 = ORIENTED_EDGE('',*,*,#12374,.T.);
#12374 = EDGE_CURVE('',#12375,#12375,#12377,.T.);
#12375 = VERTEX_POINT('',#12376);
#12376 = CARTESIAN_POINT('',(167.25,-42.075,0.));
#12377 = CIRCLE('',#12378,0.475);
#12378 = AXIS2_PLACEMENT_3D('',#12379,#12380,#12381);
#12379 = CARTESIAN_POINT('',(167.25,-41.6,0.));
#12380 = DIRECTION('',(-0.,0.,-1.));
#12381 = DIRECTION('',(-0.,-1.,0.));
#12382 = FACE_BOUND('',#12383,.F.);
#12383 = EDGE_LOOP('',(#12384));
#12384 = ORIENTED_EDGE('',*,*,#12385,.T.);
#12385 = EDGE_CURVE('',#12386,#12386,#12388,.T.);
#12386 = VERTEX_POINT('',#12387);
#12387 = CARTESIAN_POINT('',(178.99,-75.85,0.));
#12388 = CIRCLE('',#12389,0.51);
#12389 = AXIS2_PLACEMENT_3D('',#12390,#12391,#12392);
#12390 = CARTESIAN_POINT('',(178.99,-75.34,0.));
#12391 = DIRECTION('',(-0.,0.,-1.));
#12392 = DIRECTION('',(-0.,-1.,0.));
#12393 = FACE_BOUND('',#12394,.F.);
#12394 = EDGE_LOOP('',(#12395));
#12395 = ORIENTED_EDGE('',*,*,#12396,.T.);
#12396 = EDGE_CURVE('',#12397,#12397,#12399,.T.);
#12397 = VERTEX_POINT('',#12398);
#12398 = CARTESIAN_POINT('',(178.99,-73.31,0.));
#12399 = CIRCLE('',#12400,0.51);
#12400 = AXIS2_PLACEMENT_3D('',#12401,#12402,#12403);
#12401 = CARTESIAN_POINT('',(178.99,-72.8,0.));
#12402 = DIRECTION('',(-0.,0.,-1.));
#12403 = DIRECTION('',(-0.,-1.,0.));
#12404 = FACE_BOUND('',#12405,.F.);
#12405 = EDGE_LOOP('',(#12406));
#12406 = ORIENTED_EDGE('',*,*,#12407,.T.);
#12407 = EDGE_CURVE('',#12408,#12408,#12410,.T.);
#12408 = VERTEX_POINT('',#12409);
#12409 = CARTESIAN_POINT('',(178.99,-70.77,0.));
#12410 = CIRCLE('',#12411,0.51);
#12411 = AXIS2_PLACEMENT_3D('',#12412,#12413,#12414);
#12412 = CARTESIAN_POINT('',(178.99,-70.26,0.));
#12413 = DIRECTION('',(-0.,0.,-1.));
#12414 = DIRECTION('',(-0.,-1.,0.));
#12415 = FACE_BOUND('',#12416,.F.);
#12416 = EDGE_LOOP('',(#12417));
#12417 = ORIENTED_EDGE('',*,*,#12418,.T.);
#12418 = EDGE_CURVE('',#12419,#12419,#12421,.T.);
#12419 = VERTEX_POINT('',#12420);
#12420 = CARTESIAN_POINT('',(178.99,-68.23,0.));
#12421 = CIRCLE('',#12422,0.51);
#12422 = AXIS2_PLACEMENT_3D('',#12423,#12424,#12425);
#12423 = CARTESIAN_POINT('',(178.99,-67.72,0.));
#12424 = DIRECTION('',(-0.,0.,-1.));
#12425 = DIRECTION('',(-0.,-1.,0.));
#12426 = FACE_BOUND('',#12427,.F.);
#12427 = EDGE_LOOP('',(#12428));
#12428 = ORIENTED_EDGE('',*,*,#12429,.T.);
#12429 = EDGE_CURVE('',#12430,#12430,#12432,.T.);
#12430 = VERTEX_POINT('',#12431);
#12431 = CARTESIAN_POINT('',(178.99,-65.69,0.));
#12432 = CIRCLE('',#12433,0.51);
#12433 = AXIS2_PLACEMENT_3D('',#12434,#12435,#12436);
#12434 = CARTESIAN_POINT('',(178.99,-65.18,0.));
#12435 = DIRECTION('',(-0.,0.,-1.));
#12436 = DIRECTION('',(-0.,-1.,0.));
#12437 = FACE_BOUND('',#12438,.F.);
#12438 = EDGE_LOOP('',(#12439));
#12439 = ORIENTED_EDGE('',*,*,#12440,.T.);
#12440 = EDGE_CURVE('',#12441,#12441,#12443,.T.);
#12441 = VERTEX_POINT('',#12442);
#12442 = CARTESIAN_POINT('',(178.99,-63.15,0.));
#12443 = CIRCLE('',#12444,0.51);
#12444 = AXIS2_PLACEMENT_3D('',#12445,#12446,#12447);
#12445 = CARTESIAN_POINT('',(178.99,-62.64,0.));
#12446 = DIRECTION('',(-0.,0.,-1.));
#12447 = DIRECTION('',(-0.,-1.,0.));
#12448 = FACE_BOUND('',#12449,.F.);
#12449 = EDGE_LOOP('',(#12450));
#12450 = ORIENTED_EDGE('',*,*,#12451,.T.);
#12451 = EDGE_CURVE('',#12452,#12452,#12454,.T.);
#12452 = VERTEX_POINT('',#12453);
#12453 = CARTESIAN_POINT('',(178.99,-60.61,0.));
#12454 = CIRCLE('',#12455,0.51);
#12455 = AXIS2_PLACEMENT_3D('',#12456,#12457,#12458);
#12456 = CARTESIAN_POINT('',(178.99,-60.1,0.));
#12457 = DIRECTION('',(-0.,0.,-1.));
#12458 = DIRECTION('',(-0.,-1.,0.));
#12459 = FACE_BOUND('',#12460,.F.);
#12460 = EDGE_LOOP('',(#12461));
#12461 = ORIENTED_EDGE('',*,*,#12462,.T.);
#12462 = EDGE_CURVE('',#12463,#12463,#12465,.T.);
#12463 = VERTEX_POINT('',#12464);
#12464 = CARTESIAN_POINT('',(178.99,-58.07,0.));
#12465 = CIRCLE('',#12466,0.51);
#12466 = AXIS2_PLACEMENT_3D('',#12467,#12468,#12469);
#12467 = CARTESIAN_POINT('',(178.99,-57.56,0.));
#12468 = DIRECTION('',(-0.,0.,-1.));
#12469 = DIRECTION('',(-0.,-1.,0.));
#12470 = FACE_BOUND('',#12471,.F.);
#12471 = EDGE_LOOP('',(#12472));
#12472 = ORIENTED_EDGE('',*,*,#12473,.T.);
#12473 = EDGE_CURVE('',#12474,#12474,#12476,.T.);
#12474 = VERTEX_POINT('',#12475);
#12475 = CARTESIAN_POINT('',(178.99,-55.53,0.));
#12476 = CIRCLE('',#12477,0.51);
#12477 = AXIS2_PLACEMENT_3D('',#12478,#12479,#12480);
#12478 = CARTESIAN_POINT('',(178.99,-55.02,0.));
#12479 = DIRECTION('',(-0.,0.,-1.));
#12480 = DIRECTION('',(-0.,-1.,0.));
#12481 = FACE_BOUND('',#12482,.F.);
#12482 = EDGE_LOOP('',(#12483));
#12483 = ORIENTED_EDGE('',*,*,#12484,.T.);
#12484 = EDGE_CURVE('',#12485,#12485,#12487,.T.);
#12485 = VERTEX_POINT('',#12486);
#12486 = CARTESIAN_POINT('',(178.99,-52.99,0.));
#12487 = CIRCLE('',#12488,0.51);
#12488 = AXIS2_PLACEMENT_3D('',#12489,#12490,#12491);
#12489 = CARTESIAN_POINT('',(178.99,-52.48,0.));
#12490 = DIRECTION('',(-0.,0.,-1.));
#12491 = DIRECTION('',(-0.,-1.,0.));
#12492 = FACE_BOUND('',#12493,.F.);
#12493 = EDGE_LOOP('',(#12494));
#12494 = ORIENTED_EDGE('',*,*,#12495,.T.);
#12495 = EDGE_CURVE('',#12496,#12496,#12498,.T.);
#12496 = VERTEX_POINT('',#12497);
#12497 = CARTESIAN_POINT('',(178.99,-50.45,0.));
#12498 = CIRCLE('',#12499,0.51);
#12499 = AXIS2_PLACEMENT_3D('',#12500,#12501,#12502);
#12500 = CARTESIAN_POINT('',(178.99,-49.94,0.));
#12501 = DIRECTION('',(-0.,0.,-1.));
#12502 = DIRECTION('',(-0.,-1.,0.));
#12503 = FACE_BOUND('',#12504,.F.);
#12504 = EDGE_LOOP('',(#12505));
#12505 = ORIENTED_EDGE('',*,*,#12506,.T.);
#12506 = EDGE_CURVE('',#12507,#12507,#12509,.T.);
#12507 = VERTEX_POINT('',#12508);
#12508 = CARTESIAN_POINT('',(176.9,-42.125,0.));
#12509 = CIRCLE('',#12510,0.475);
#12510 = AXIS2_PLACEMENT_3D('',#12511,#12512,#12513);
#12511 = CARTESIAN_POINT('',(176.9,-41.65,0.));
#12512 = DIRECTION('',(-0.,0.,-1.));
#12513 = DIRECTION('',(-0.,-1.,0.));
#12514 = FACE_BOUND('',#12515,.F.);
#12515 = EDGE_LOOP('',(#12516));
#12516 = ORIENTED_EDGE('',*,*,#12517,.T.);
#12517 = EDGE_CURVE('',#12518,#12518,#12520,.T.);
#12518 = VERTEX_POINT('',#12519);
#12519 = CARTESIAN_POINT('',(179.4,-42.125,0.));
#12520 = CIRCLE('',#12521,0.475);
#12521 = AXIS2_PLACEMENT_3D('',#12522,#12523,#12524);
#12522 = CARTESIAN_POINT('',(179.4,-41.65,0.));
#12523 = DIRECTION('',(-0.,0.,-1.));
#12524 = DIRECTION('',(-0.,-1.,0.));
#12525 = FACE_BOUND('',#12526,.F.);
#12526 = EDGE_LOOP('',(#12527));
#12527 = ORIENTED_EDGE('',*,*,#12528,.T.);
#12528 = EDGE_CURVE('',#12529,#12529,#12531,.T.);
#12529 = VERTEX_POINT('',#12530);
#12530 = CARTESIAN_POINT('',(181.9,-42.125,0.));
#12531 = CIRCLE('',#12532,0.475);
#12532 = AXIS2_PLACEMENT_3D('',#12533,#12534,#12535);
#12533 = CARTESIAN_POINT('',(181.9,-41.65,0.));
#12534 = DIRECTION('',(-0.,0.,-1.));
#12535 = DIRECTION('',(-0.,-1.,0.));
#12536 = FACE_BOUND('',#12537,.F.);
#12537 = EDGE_LOOP('',(#12538));
#12538 = ORIENTED_EDGE('',*,*,#12539,.T.);
#12539 = EDGE_CURVE('',#12540,#12540,#12542,.T.);
#12540 = VERTEX_POINT('',#12541);
#12541 = CARTESIAN_POINT('',(184.4,-42.125,0.));
#12542 = CIRCLE('',#12543,0.475);
#12543 = AXIS2_PLACEMENT_3D('',#12544,#12545,#12546);
#12544 = CARTESIAN_POINT('',(184.4,-41.65,0.));
#12545 = DIRECTION('',(-0.,0.,-1.));
#12546 = DIRECTION('',(-0.,-1.,0.));
#12547 = FACE_BOUND('',#12548,.F.);
#12548 = EDGE_LOOP('',(#12549));
#12549 = ORIENTED_EDGE('',*,*,#12550,.T.);
#12550 = EDGE_CURVE('',#12551,#12551,#12553,.T.);
#12551 = VERTEX_POINT('',#12552);
#12552 = CARTESIAN_POINT('',(192.7,-37.9,0.));
#12553 = CIRCLE('',#12554,1.6);
#12554 = AXIS2_PLACEMENT_3D('',#12555,#12556,#12557);
#12555 = CARTESIAN_POINT('',(192.7,-36.3,0.));
#12556 = DIRECTION('',(-0.,0.,-1.));
#12557 = DIRECTION('',(-0.,-1.,0.));
#12558 = PLANE('',#12559);
#12559 = AXIS2_PLACEMENT_3D('',#12560,#12561,#12562);
#12560 = CARTESIAN_POINT('',(0.,0.,0.));
#12561 = DIRECTION('',(0.,0.,1.));
#12562 = DIRECTION('',(1.,0.,-0.));
#12563 = ADVANCED_FACE('',(#12564,#12670,#12681,#12692,#12703,#12714,
    #12725,#12736,#12747,#12758,#12769,#12780,#12791,#12802,#12813,
    #12824,#12835,#12846,#12857,#12868,#12879,#12890,#12901,#12912,
    #12923,#12934,#12945,#12956,#12967,#12978,#12989,#13000,#13011,
    #13022,#13033,#13044,#13055,#13066,#13077,#13088,#13099,#13110,
    #13121,#13132,#13143,#13154,#13165,#13176,#13187,#13198,#13209,
    #13220,#13231,#13242,#13253,#13264,#13275,#13286,#13297,#13308,
    #13319,#13330,#13341,#13352,#13363),#13374,.T.);
#12564 = FACE_BOUND('',#12565,.T.);
#12565 = EDGE_LOOP('',(#12566,#12567,#12568,#12577,#12585,#12594,#12602,
    #12611,#12619,#12628,#12637,#12645,#12654,#12662,#12669));
#12566 = ORIENTED_EDGE('',*,*,#11657,.F.);
#12567 = ORIENTED_EDGE('',*,*,#11699,.F.);
#12568 = ORIENTED_EDGE('',*,*,#12569,.F.);
#12569 = EDGE_CURVE('',#12570,#11692,#12572,.T.);
#12570 = VERTEX_POINT('',#12571);
#12571 = CARTESIAN_POINT('',(145.59875,-33.037104,1.51));
#12572 = CIRCLE('',#12573,2.001301203304);
#12573 = AXIS2_PLACEMENT_3D('',#12574,#12575,#12576);
#12574 = CARTESIAN_POINT('',(147.6000015522,-33.0512012033,1.51));
#12575 = DIRECTION('',(0.,0.,-1.));
#12576 = DIRECTION('',(-0.999975190592,7.044018801375E-03,0.));
#12577 = ORIENTED_EDGE('',*,*,#12578,.F.);
#12578 = EDGE_CURVE('',#12579,#12570,#12581,.T.);
#12579 = VERTEX_POINT('',#12580);
#12580 = CARTESIAN_POINT('',(145.6,-66.74995,1.51));
#12581 = LINE('',#12582,#12583);
#12582 = CARTESIAN_POINT('',(145.6,-66.74995,1.51));
#12583 = VECTOR('',#12584,1.);
#12584 = DIRECTION('',(-3.7077854511E-05,0.999999999313,0.));
#12585 = ORIENTED_EDGE('',*,*,#12586,.F.);
#12586 = EDGE_CURVE('',#12587,#12579,#12589,.T.);
#12587 = VERTEX_POINT('',#12588);
#12588 = CARTESIAN_POINT('',(146.05,-68.051652,1.51));
#12589 = CIRCLE('',#12590,2.107668427058);
#12590 = AXIS2_PLACEMENT_3D('',#12591,#12592,#12593);
#12591 = CARTESIAN_POINT('',(147.70766842703,-66.74996018377,1.51));
#12592 = DIRECTION('',(0.,0.,-1.));
#12593 = DIRECTION('',(-0.786493931281,-0.617598005225,-0.));
#12594 = ORIENTED_EDGE('',*,*,#12595,.F.);
#12595 = EDGE_CURVE('',#12596,#12587,#12598,.T.);
#12596 = VERTEX_POINT('',#12597);
#12597 = CARTESIAN_POINT('',(158.445856,-80.453953,1.51));
#12598 = LINE('',#12599,#12600);
#12599 = CARTESIAN_POINT('',(158.445856,-80.453953,1.51));
#12600 = VECTOR('',#12601,1.);
#12601 = DIRECTION('',(-0.706922981428,0.707290533182,0.));
#12602 = ORIENTED_EDGE('',*,*,#12603,.F.);
#12603 = EDGE_CURVE('',#12604,#12596,#12606,.T.);
#12604 = VERTEX_POINT('',#12605);
#12605 = CARTESIAN_POINT('',(159.,-82.04995,1.51));
#12606 = CIRCLE('',#12607,2.009354741541);
#12607 = AXIS2_PLACEMENT_3D('',#12608,#12609,#12610);
#12608 = CARTESIAN_POINT('',(157.00062341907,-81.84995058752,1.51));
#12609 = DIRECTION('',(0.,0.,1.));
#12610 = DIRECTION('',(0.99503414683,-9.953414812198E-02,0.));
#12611 = ORIENTED_EDGE('',*,*,#12612,.F.);
#12612 = EDGE_CURVE('',#12613,#12604,#12615,.T.);
#12613 = VERTEX_POINT('',#12614);
#12614 = CARTESIAN_POINT('',(159.,-108.14995,1.51));
#12615 = LINE('',#12616,#12617);
#12616 = CARTESIAN_POINT('',(159.,-108.14995,1.51));
#12617 = VECTOR('',#12618,1.);
#12618 = DIRECTION('',(0.,1.,0.));
#12619 = ORIENTED_EDGE('',*,*,#12620,.F.);
#12620 = EDGE_CURVE('',#12621,#12613,#12623,.T.);
#12621 = VERTEX_POINT('',#12622);
#12622 = CARTESIAN_POINT('',(171.778545,-130.274902,1.51));
#12623 = CIRCLE('',#12624,25.536944795423);
#12624 = AXIS2_PLACEMENT_3D('',#12625,#12626,#12627);
#12625 = CARTESIAN_POINT('',(184.53694455604,-108.153446572,1.51));
#12626 = DIRECTION('',(0.,0.,-1.));
#12627 = DIRECTION('',(-0.499605558075,-0.866253015199,-0.));
#12628 = ORIENTED_EDGE('',*,*,#12629,.F.);
#12629 = EDGE_CURVE('',#12630,#12621,#12632,.T.);
#12630 = VERTEX_POINT('',#12631);
#12631 = CARTESIAN_POINT('',(184.55,-108.15,1.51));
#12632 = CIRCLE('',#12633,25.550003499024);
#12633 = AXIS2_PLACEMENT_3D('',#12634,#12635,#12636);
#12634 = CARTESIAN_POINT('',(158.99999650097,-108.1499979988,1.51));
#12635 = DIRECTION('',(0.,0.,-1.));
#12636 = DIRECTION('',(1.,-7.832122229566E-08,0.));
#12637 = ORIENTED_EDGE('',*,*,#12638,.F.);
#12638 = EDGE_CURVE('',#12639,#12630,#12641,.T.);
#12639 = VERTEX_POINT('',#12640);
#12640 = CARTESIAN_POINT('',(184.55,-82.05,1.51));
#12641 = LINE('',#12642,#12643);
#12642 = CARTESIAN_POINT('',(184.55,-82.05,1.51));
#12643 = VECTOR('',#12644,1.);
#12644 = DIRECTION('',(0.,-1.,0.));
#12645 = ORIENTED_EDGE('',*,*,#12646,.F.);
#12646 = EDGE_CURVE('',#12647,#12639,#12649,.T.);
#12647 = VERTEX_POINT('',#12648);
#12648 = CARTESIAN_POINT('',(185.104144,-80.454003,1.51));
#12649 = CIRCLE('',#12650,2.009354741541);
#12650 = AXIS2_PLACEMENT_3D('',#12651,#12652,#12653);
#12651 = CARTESIAN_POINT('',(186.54937658092,-81.85000058752,1.51));
#12652 = DIRECTION('',(0.,0.,1.));
#12653 = DIRECTION('',(-0.7192520818,0.694749194189,0.));
#12654 = ORIENTED_EDGE('',*,*,#12655,.F.);
#12655 = EDGE_CURVE('',#12656,#12647,#12658,.T.);
#12656 = VERTEX_POINT('',#12657);
#12657 = CARTESIAN_POINT('',(197.500831,-68.050652,1.51));
#12658 = LINE('',#12659,#12660);
#12659 = CARTESIAN_POINT('',(197.500831,-68.050652,1.51));
#12660 = VECTOR('',#12661,1.);
#12661 = DIRECTION('',(-0.706916749521,-0.707296761795,0.));
#12662 = ORIENTED_EDGE('',*,*,#12663,.F.);
#12663 = EDGE_CURVE('',#11722,#12656,#12664,.T.);
#12664 = CIRCLE('',#12665,2.107718847627);
#12665 = AXIS2_PLACEMENT_3D('',#12666,#12667,#12668);
#12666 = CARTESIAN_POINT('',(195.84228115237,-66.7500017228,1.51));
#12667 = DIRECTION('',(0.,0.,-1.));
#12668 = DIRECTION('',(1.,8.173764511742E-07,0.));
#12669 = ORIENTED_EDGE('',*,*,#11721,.F.);
#12670 = FACE_BOUND('',#12671,.T.);
#12671 = EDGE_LOOP('',(#12672));
#12672 = ORIENTED_EDGE('',*,*,#12673,.T.);
#12673 = EDGE_CURVE('',#12674,#12674,#12676,.T.);
#12674 = VERTEX_POINT('',#12675);
#12675 = CARTESIAN_POINT('',(163.75,-108.87,1.51));
#12676 = CIRCLE('',#12677,0.51);
#12677 = AXIS2_PLACEMENT_3D('',#12678,#12679,#12680);
#12678 = CARTESIAN_POINT('',(163.75,-108.36,1.51));
#12679 = DIRECTION('',(-0.,0.,-1.));
#12680 = DIRECTION('',(-0.,-1.,0.));
#12681 = FACE_BOUND('',#12682,.T.);
#12682 = EDGE_LOOP('',(#12683));
#12683 = ORIENTED_EDGE('',*,*,#12684,.T.);
#12684 = EDGE_CURVE('',#12685,#12685,#12687,.T.);
#12685 = VERTEX_POINT('',#12686);
#12686 = CARTESIAN_POINT('',(163.75,-106.33,1.51));
#12687 = CIRCLE('',#12688,0.51);
#12688 = AXIS2_PLACEMENT_3D('',#12689,#12690,#12691);
#12689 = CARTESIAN_POINT('',(163.75,-105.82,1.51));
#12690 = DIRECTION('',(-0.,0.,-1.));
#12691 = DIRECTION('',(-0.,-1.,0.));
#12692 = FACE_BOUND('',#12693,.T.);
#12693 = EDGE_LOOP('',(#12694));
#12694 = ORIENTED_EDGE('',*,*,#12695,.T.);
#12695 = EDGE_CURVE('',#12696,#12696,#12698,.T.);
#12696 = VERTEX_POINT('',#12697);
#12697 = CARTESIAN_POINT('',(163.75,-103.79,1.51));
#12698 = CIRCLE('',#12699,0.51);
#12699 = AXIS2_PLACEMENT_3D('',#12700,#12701,#12702);
#12700 = CARTESIAN_POINT('',(163.75,-103.28,1.51));
#12701 = DIRECTION('',(-0.,0.,-1.));
#12702 = DIRECTION('',(-0.,-1.,0.));
#12703 = FACE_BOUND('',#12704,.T.);
#12704 = EDGE_LOOP('',(#12705));
#12705 = ORIENTED_EDGE('',*,*,#12706,.T.);
#12706 = EDGE_CURVE('',#12707,#12707,#12709,.T.);
#12707 = VERTEX_POINT('',#12708);
#12708 = CARTESIAN_POINT('',(163.75,-101.25,1.51));
#12709 = CIRCLE('',#12710,0.51);
#12710 = AXIS2_PLACEMENT_3D('',#12711,#12712,#12713);
#12711 = CARTESIAN_POINT('',(163.75,-100.74,1.51));
#12712 = DIRECTION('',(-0.,0.,-1.));
#12713 = DIRECTION('',(-0.,-1.,0.));
#12714 = FACE_BOUND('',#12715,.T.);
#12715 = EDGE_LOOP('',(#12716));
#12716 = ORIENTED_EDGE('',*,*,#12717,.T.);
#12717 = EDGE_CURVE('',#12718,#12718,#12720,.T.);
#12718 = VERTEX_POINT('',#12719);
#12719 = CARTESIAN_POINT('',(163.75,-98.71,1.51));
#12720 = CIRCLE('',#12721,0.51);
#12721 = AXIS2_PLACEMENT_3D('',#12722,#12723,#12724);
#12722 = CARTESIAN_POINT('',(163.75,-98.2,1.51));
#12723 = DIRECTION('',(-0.,0.,-1.));
#12724 = DIRECTION('',(-0.,-1.,0.));
#12725 = FACE_BOUND('',#12726,.T.);
#12726 = EDGE_LOOP('',(#12727));
#12727 = ORIENTED_EDGE('',*,*,#12728,.T.);
#12728 = EDGE_CURVE('',#12729,#12729,#12731,.T.);
#12729 = VERTEX_POINT('',#12730);
#12730 = CARTESIAN_POINT('',(167.8,-117.081,1.51));
#12731 = CIRCLE('',#12732,0.381);
#12732 = AXIS2_PLACEMENT_3D('',#12733,#12734,#12735);
#12733 = CARTESIAN_POINT('',(167.8,-116.7,1.51));
#12734 = DIRECTION('',(-0.,0.,-1.));
#12735 = DIRECTION('',(-0.,-1.,0.));
#12736 = FACE_BOUND('',#12737,.T.);
#12737 = EDGE_LOOP('',(#12738));
#12738 = ORIENTED_EDGE('',*,*,#12739,.T.);
#12739 = EDGE_CURVE('',#12740,#12740,#12742,.T.);
#12740 = VERTEX_POINT('',#12741);
#12741 = CARTESIAN_POINT('',(163.75,-96.17,1.51));
#12742 = CIRCLE('',#12743,0.51);
#12743 = AXIS2_PLACEMENT_3D('',#12744,#12745,#12746);
#12744 = CARTESIAN_POINT('',(163.75,-95.66,1.51));
#12745 = DIRECTION('',(-0.,0.,-1.));
#12746 = DIRECTION('',(-0.,-1.,0.));
#12747 = FACE_BOUND('',#12748,.T.);
#12748 = EDGE_LOOP('',(#12749));
#12749 = ORIENTED_EDGE('',*,*,#12750,.T.);
#12750 = EDGE_CURVE('',#12751,#12751,#12753,.T.);
#12751 = VERTEX_POINT('',#12752);
#12752 = CARTESIAN_POINT('',(163.75,-93.63,1.51));
#12753 = CIRCLE('',#12754,0.51);
#12754 = AXIS2_PLACEMENT_3D('',#12755,#12756,#12757);
#12755 = CARTESIAN_POINT('',(163.75,-93.12,1.51));
#12756 = DIRECTION('',(-0.,0.,-1.));
#12757 = DIRECTION('',(-0.,-1.,0.));
#12758 = FACE_BOUND('',#12759,.T.);
#12759 = EDGE_LOOP('',(#12760));
#12760 = ORIENTED_EDGE('',*,*,#12761,.T.);
#12761 = EDGE_CURVE('',#12762,#12762,#12764,.T.);
#12762 = VERTEX_POINT('',#12763);
#12763 = CARTESIAN_POINT('',(163.75,-91.09,1.51));
#12764 = CIRCLE('',#12765,0.51);
#12765 = AXIS2_PLACEMENT_3D('',#12766,#12767,#12768);
#12766 = CARTESIAN_POINT('',(163.75,-90.58,1.51));
#12767 = DIRECTION('',(-0.,0.,-1.));
#12768 = DIRECTION('',(-0.,-1.,0.));
#12769 = FACE_BOUND('',#12770,.T.);
#12770 = EDGE_LOOP('',(#12771));
#12771 = ORIENTED_EDGE('',*,*,#12772,.T.);
#12772 = EDGE_CURVE('',#12773,#12773,#12775,.T.);
#12773 = VERTEX_POINT('',#12774);
#12774 = CARTESIAN_POINT('',(163.75,-88.55,1.51));
#12775 = CIRCLE('',#12776,0.51);
#12776 = AXIS2_PLACEMENT_3D('',#12777,#12778,#12779);
#12777 = CARTESIAN_POINT('',(163.75,-88.04,1.51));
#12778 = DIRECTION('',(-0.,0.,-1.));
#12779 = DIRECTION('',(-0.,-1.,0.));
#12780 = FACE_BOUND('',#12781,.T.);
#12781 = EDGE_LOOP('',(#12782));
#12782 = ORIENTED_EDGE('',*,*,#12783,.T.);
#12783 = EDGE_CURVE('',#12784,#12784,#12786,.T.);
#12784 = VERTEX_POINT('',#12785);
#12785 = CARTESIAN_POINT('',(163.75,-86.01,1.51));
#12786 = CIRCLE('',#12787,0.51);
#12787 = AXIS2_PLACEMENT_3D('',#12788,#12789,#12790);
#12788 = CARTESIAN_POINT('',(163.75,-85.5,1.51));
#12789 = DIRECTION('',(-0.,0.,-1.));
#12790 = DIRECTION('',(-0.,-1.,0.));
#12791 = FACE_BOUND('',#12792,.T.);
#12792 = EDGE_LOOP('',(#12793));
#12793 = ORIENTED_EDGE('',*,*,#12794,.T.);
#12794 = EDGE_CURVE('',#12795,#12795,#12797,.T.);
#12795 = VERTEX_POINT('',#12796);
#12796 = CARTESIAN_POINT('',(163.75,-83.47,1.51));
#12797 = CIRCLE('',#12798,0.51);
#12798 = AXIS2_PLACEMENT_3D('',#12799,#12800,#12801);
#12799 = CARTESIAN_POINT('',(163.75,-82.96,1.51));
#12800 = DIRECTION('',(-0.,0.,-1.));
#12801 = DIRECTION('',(-0.,-1.,0.));
#12802 = FACE_BOUND('',#12803,.T.);
#12803 = EDGE_LOOP('',(#12804));
#12804 = ORIENTED_EDGE('',*,*,#12805,.T.);
#12805 = EDGE_CURVE('',#12806,#12806,#12808,.T.);
#12806 = VERTEX_POINT('',#12807);
#12807 = CARTESIAN_POINT('',(163.75,-80.93,1.51));
#12808 = CIRCLE('',#12809,0.51);
#12809 = AXIS2_PLACEMENT_3D('',#12810,#12811,#12812);
#12810 = CARTESIAN_POINT('',(163.75,-80.42,1.51));
#12811 = DIRECTION('',(-0.,0.,-1.));
#12812 = DIRECTION('',(-0.,-1.,0.));
#12813 = FACE_BOUND('',#12814,.T.);
#12814 = EDGE_LOOP('',(#12815));
#12815 = ORIENTED_EDGE('',*,*,#12816,.T.);
#12816 = EDGE_CURVE('',#12817,#12817,#12819,.T.);
#12817 = VERTEX_POINT('',#12818);
#12818 = CARTESIAN_POINT('',(163.75,-78.39,1.51));
#12819 = CIRCLE('',#12820,0.51);
#12820 = AXIS2_PLACEMENT_3D('',#12821,#12822,#12823);
#12821 = CARTESIAN_POINT('',(163.75,-77.88,1.51));
#12822 = DIRECTION('',(-0.,0.,-1.));
#12823 = DIRECTION('',(-0.,-1.,0.));
#12824 = FACE_BOUND('',#12825,.T.);
#12825 = EDGE_LOOP('',(#12826));
#12826 = ORIENTED_EDGE('',*,*,#12827,.T.);
#12827 = EDGE_CURVE('',#12828,#12828,#12830,.T.);
#12828 = VERTEX_POINT('',#12829);
#12829 = CARTESIAN_POINT('',(175.3,-117.081,1.51));
#12830 = CIRCLE('',#12831,0.381);
#12831 = AXIS2_PLACEMENT_3D('',#12832,#12833,#12834);
#12832 = CARTESIAN_POINT('',(175.3,-116.7,1.51));
#12833 = DIRECTION('',(-0.,0.,-1.));
#12834 = DIRECTION('',(-0.,-1.,0.));
#12835 = FACE_BOUND('',#12836,.T.);
#12836 = EDGE_LOOP('',(#12837));
#12837 = ORIENTED_EDGE('',*,*,#12838,.T.);
#12838 = EDGE_CURVE('',#12839,#12839,#12841,.T.);
#12839 = VERTEX_POINT('',#12840);
#12840 = CARTESIAN_POINT('',(178.99,-108.87,1.51));
#12841 = CIRCLE('',#12842,0.51);
#12842 = AXIS2_PLACEMENT_3D('',#12843,#12844,#12845);
#12843 = CARTESIAN_POINT('',(178.99,-108.36,1.51));
#12844 = DIRECTION('',(-0.,0.,-1.));
#12845 = DIRECTION('',(-0.,-1.,0.));
#12846 = FACE_BOUND('',#12847,.T.);
#12847 = EDGE_LOOP('',(#12848));
#12848 = ORIENTED_EDGE('',*,*,#12849,.T.);
#12849 = EDGE_CURVE('',#12850,#12850,#12852,.T.);
#12850 = VERTEX_POINT('',#12851);
#12851 = CARTESIAN_POINT('',(178.99,-106.33,1.51));
#12852 = CIRCLE('',#12853,0.51);
#12853 = AXIS2_PLACEMENT_3D('',#12854,#12855,#12856);
#12854 = CARTESIAN_POINT('',(178.99,-105.82,1.51));
#12855 = DIRECTION('',(-0.,0.,-1.));
#12856 = DIRECTION('',(-0.,-1.,0.));
#12857 = FACE_BOUND('',#12858,.T.);
#12858 = EDGE_LOOP('',(#12859));
#12859 = ORIENTED_EDGE('',*,*,#12860,.T.);
#12860 = EDGE_CURVE('',#12861,#12861,#12863,.T.);
#12861 = VERTEX_POINT('',#12862);
#12862 = CARTESIAN_POINT('',(178.99,-103.79,1.51));
#12863 = CIRCLE('',#12864,0.51);
#12864 = AXIS2_PLACEMENT_3D('',#12865,#12866,#12867);
#12865 = CARTESIAN_POINT('',(178.99,-103.28,1.51));
#12866 = DIRECTION('',(-0.,0.,-1.));
#12867 = DIRECTION('',(-0.,-1.,0.));
#12868 = FACE_BOUND('',#12869,.T.);
#12869 = EDGE_LOOP('',(#12870));
#12870 = ORIENTED_EDGE('',*,*,#12871,.T.);
#12871 = EDGE_CURVE('',#12872,#12872,#12874,.T.);
#12872 = VERTEX_POINT('',#12873);
#12873 = CARTESIAN_POINT('',(178.99,-101.25,1.51));
#12874 = CIRCLE('',#12875,0.51);
#12875 = AXIS2_PLACEMENT_3D('',#12876,#12877,#12878);
#12876 = CARTESIAN_POINT('',(178.99,-100.74,1.51));
#12877 = DIRECTION('',(-0.,0.,-1.));
#12878 = DIRECTION('',(-0.,-1.,0.));
#12879 = FACE_BOUND('',#12880,.T.);
#12880 = EDGE_LOOP('',(#12881));
#12881 = ORIENTED_EDGE('',*,*,#12882,.T.);
#12882 = EDGE_CURVE('',#12883,#12883,#12885,.T.);
#12883 = VERTEX_POINT('',#12884);
#12884 = CARTESIAN_POINT('',(178.99,-98.71,1.51));
#12885 = CIRCLE('',#12886,0.51);
#12886 = AXIS2_PLACEMENT_3D('',#12887,#12888,#12889);
#12887 = CARTESIAN_POINT('',(178.99,-98.2,1.51));
#12888 = DIRECTION('',(-0.,0.,-1.));
#12889 = DIRECTION('',(-0.,-1.,0.));
#12890 = FACE_BOUND('',#12891,.T.);
#12891 = EDGE_LOOP('',(#12892));
#12892 = ORIENTED_EDGE('',*,*,#12893,.T.);
#12893 = EDGE_CURVE('',#12894,#12894,#12896,.T.);
#12894 = VERTEX_POINT('',#12895);
#12895 = CARTESIAN_POINT('',(178.99,-96.17,1.51));
#12896 = CIRCLE('',#12897,0.51);
#12897 = AXIS2_PLACEMENT_3D('',#12898,#12899,#12900);
#12898 = CARTESIAN_POINT('',(178.99,-95.66,1.51));
#12899 = DIRECTION('',(-0.,0.,-1.));
#12900 = DIRECTION('',(-0.,-1.,0.));
#12901 = FACE_BOUND('',#12902,.T.);
#12902 = EDGE_LOOP('',(#12903));
#12903 = ORIENTED_EDGE('',*,*,#12904,.T.);
#12904 = EDGE_CURVE('',#12905,#12905,#12907,.T.);
#12905 = VERTEX_POINT('',#12906);
#12906 = CARTESIAN_POINT('',(178.99,-93.63,1.51));
#12907 = CIRCLE('',#12908,0.51);
#12908 = AXIS2_PLACEMENT_3D('',#12909,#12910,#12911);
#12909 = CARTESIAN_POINT('',(178.99,-93.12,1.51));
#12910 = DIRECTION('',(-0.,0.,-1.));
#12911 = DIRECTION('',(-0.,-1.,0.));
#12912 = FACE_BOUND('',#12913,.T.);
#12913 = EDGE_LOOP('',(#12914));
#12914 = ORIENTED_EDGE('',*,*,#12915,.T.);
#12915 = EDGE_CURVE('',#12916,#12916,#12918,.T.);
#12916 = VERTEX_POINT('',#12917);
#12917 = CARTESIAN_POINT('',(178.99,-91.09,1.51));
#12918 = CIRCLE('',#12919,0.51);
#12919 = AXIS2_PLACEMENT_3D('',#12920,#12921,#12922);
#12920 = CARTESIAN_POINT('',(178.99,-90.58,1.51));
#12921 = DIRECTION('',(-0.,0.,-1.));
#12922 = DIRECTION('',(-0.,-1.,0.));
#12923 = FACE_BOUND('',#12924,.T.);
#12924 = EDGE_LOOP('',(#12925));
#12925 = ORIENTED_EDGE('',*,*,#12926,.T.);
#12926 = EDGE_CURVE('',#12927,#12927,#12929,.T.);
#12927 = VERTEX_POINT('',#12928);
#12928 = CARTESIAN_POINT('',(178.99,-88.55,1.51));
#12929 = CIRCLE('',#12930,0.51);
#12930 = AXIS2_PLACEMENT_3D('',#12931,#12932,#12933);
#12931 = CARTESIAN_POINT('',(178.99,-88.04,1.51));
#12932 = DIRECTION('',(-0.,0.,-1.));
#12933 = DIRECTION('',(-0.,-1.,0.));
#12934 = FACE_BOUND('',#12935,.T.);
#12935 = EDGE_LOOP('',(#12936));
#12936 = ORIENTED_EDGE('',*,*,#12937,.T.);
#12937 = EDGE_CURVE('',#12938,#12938,#12940,.T.);
#12938 = VERTEX_POINT('',#12939);
#12939 = CARTESIAN_POINT('',(178.99,-86.01,1.51));
#12940 = CIRCLE('',#12941,0.51);
#12941 = AXIS2_PLACEMENT_3D('',#12942,#12943,#12944);
#12942 = CARTESIAN_POINT('',(178.99,-85.5,1.51));
#12943 = DIRECTION('',(-0.,0.,-1.));
#12944 = DIRECTION('',(-0.,-1.,0.));
#12945 = FACE_BOUND('',#12946,.T.);
#12946 = EDGE_LOOP('',(#12947));
#12947 = ORIENTED_EDGE('',*,*,#12948,.T.);
#12948 = EDGE_CURVE('',#12949,#12949,#12951,.T.);
#12949 = VERTEX_POINT('',#12950);
#12950 = CARTESIAN_POINT('',(178.99,-83.47,1.51));
#12951 = CIRCLE('',#12952,0.51);
#12952 = AXIS2_PLACEMENT_3D('',#12953,#12954,#12955);
#12953 = CARTESIAN_POINT('',(178.99,-82.96,1.51));
#12954 = DIRECTION('',(-0.,0.,-1.));
#12955 = DIRECTION('',(-0.,-1.,0.));
#12956 = FACE_BOUND('',#12957,.T.);
#12957 = EDGE_LOOP('',(#12958));
#12958 = ORIENTED_EDGE('',*,*,#12959,.T.);
#12959 = EDGE_CURVE('',#12960,#12960,#12962,.T.);
#12960 = VERTEX_POINT('',#12961);
#12961 = CARTESIAN_POINT('',(178.99,-80.93,1.51));
#12962 = CIRCLE('',#12963,0.51);
#12963 = AXIS2_PLACEMENT_3D('',#12964,#12965,#12966);
#12964 = CARTESIAN_POINT('',(178.99,-80.42,1.51));
#12965 = DIRECTION('',(-0.,0.,-1.));
#12966 = DIRECTION('',(-0.,-1.,0.));
#12967 = FACE_BOUND('',#12968,.T.);
#12968 = EDGE_LOOP('',(#12969));
#12969 = ORIENTED_EDGE('',*,*,#12970,.T.);
#12970 = EDGE_CURVE('',#12971,#12971,#12973,.T.);
#12971 = VERTEX_POINT('',#12972);
#12972 = CARTESIAN_POINT('',(178.99,-78.39,1.51));
#12973 = CIRCLE('',#12974,0.51);
#12974 = AXIS2_PLACEMENT_3D('',#12975,#12976,#12977);
#12975 = CARTESIAN_POINT('',(178.99,-77.88,1.51));
#12976 = DIRECTION('',(-0.,0.,-1.));
#12977 = DIRECTION('',(-0.,-1.,0.));
#12978 = FACE_BOUND('',#12979,.T.);
#12979 = EDGE_LOOP('',(#12980));
#12980 = ORIENTED_EDGE('',*,*,#12981,.T.);
#12981 = EDGE_CURVE('',#12982,#12982,#12984,.T.);
#12982 = VERTEX_POINT('',#12983);
#12983 = CARTESIAN_POINT('',(157.,-73.05,1.51));
#12984 = CIRCLE('',#12985,1.6);
#12985 = AXIS2_PLACEMENT_3D('',#12986,#12987,#12988);
#12986 = CARTESIAN_POINT('',(157.,-71.45,1.51));
#12987 = DIRECTION('',(-0.,0.,-1.));
#12988 = DIRECTION('',(-0.,-1.,0.));
#12989 = FACE_BOUND('',#12990,.T.);
#12990 = EDGE_LOOP('',(#12991));
#12991 = ORIENTED_EDGE('',*,*,#12992,.T.);
#12992 = EDGE_CURVE('',#12993,#12993,#12995,.T.);
#12993 = VERTEX_POINT('',#12994);
#12994 = CARTESIAN_POINT('',(163.75,-75.85,1.51));
#12995 = CIRCLE('',#12996,0.51);
#12996 = AXIS2_PLACEMENT_3D('',#12997,#12998,#12999);
#12997 = CARTESIAN_POINT('',(163.75,-75.34,1.51));
#12998 = DIRECTION('',(-0.,0.,-1.));
#12999 = DIRECTION('',(-0.,-1.,0.));
#13000 = FACE_BOUND('',#13001,.T.);
#13001 = EDGE_LOOP('',(#13002));
#13002 = ORIENTED_EDGE('',*,*,#13003,.T.);
#13003 = EDGE_CURVE('',#13004,#13004,#13006,.T.);
#13004 = VERTEX_POINT('',#13005);
#13005 = CARTESIAN_POINT('',(163.75,-73.31,1.51));
#13006 = CIRCLE('',#13007,0.51);
#13007 = AXIS2_PLACEMENT_3D('',#13008,#13009,#13010);
#13008 = CARTESIAN_POINT('',(163.75,-72.8,1.51));
#13009 = DIRECTION('',(-0.,0.,-1.));
#13010 = DIRECTION('',(-0.,-1.,0.));
#13011 = FACE_BOUND('',#13012,.T.);
#13012 = EDGE_LOOP('',(#13013));
#13013 = ORIENTED_EDGE('',*,*,#13014,.T.);
#13014 = EDGE_CURVE('',#13015,#13015,#13017,.T.);
#13015 = VERTEX_POINT('',#13016);
#13016 = CARTESIAN_POINT('',(163.75,-70.77,1.51));
#13017 = CIRCLE('',#13018,0.51);
#13018 = AXIS2_PLACEMENT_3D('',#13019,#13020,#13021);
#13019 = CARTESIAN_POINT('',(163.75,-70.26,1.51));
#13020 = DIRECTION('',(-0.,0.,-1.));
#13021 = DIRECTION('',(-0.,-1.,0.));
#13022 = FACE_BOUND('',#13023,.T.);
#13023 = EDGE_LOOP('',(#13024));
#13024 = ORIENTED_EDGE('',*,*,#13025,.T.);
#13025 = EDGE_CURVE('',#13026,#13026,#13028,.T.);
#13026 = VERTEX_POINT('',#13027);
#13027 = CARTESIAN_POINT('',(163.75,-68.23,1.51));
#13028 = CIRCLE('',#13029,0.51);
#13029 = AXIS2_PLACEMENT_3D('',#13030,#13031,#13032);
#13030 = CARTESIAN_POINT('',(163.75,-67.72,1.51));
#13031 = DIRECTION('',(-0.,0.,-1.));
#13032 = DIRECTION('',(-0.,-1.,0.));
#13033 = FACE_BOUND('',#13034,.T.);
#13034 = EDGE_LOOP('',(#13035));
#13035 = ORIENTED_EDGE('',*,*,#13036,.T.);
#13036 = EDGE_CURVE('',#13037,#13037,#13039,.T.);
#13037 = VERTEX_POINT('',#13038);
#13038 = CARTESIAN_POINT('',(156.,-62.95,1.51));
#13039 = CIRCLE('',#13040,0.5);
#13040 = AXIS2_PLACEMENT_3D('',#13041,#13042,#13043);
#13041 = CARTESIAN_POINT('',(156.,-62.45,1.51));
#13042 = DIRECTION('',(-0.,0.,-1.));
#13043 = DIRECTION('',(-0.,-1.,0.));
#13044 = FACE_BOUND('',#13045,.T.);
#13045 = EDGE_LOOP('',(#13046));
#13046 = ORIENTED_EDGE('',*,*,#13047,.T.);
#13047 = EDGE_CURVE('',#13048,#13048,#13050,.T.);
#13048 = VERTEX_POINT('',#13049);
#13049 = CARTESIAN_POINT('',(156.,-60.45,1.51));
#13050 = CIRCLE('',#13051,0.5);
#13051 = AXIS2_PLACEMENT_3D('',#13052,#13053,#13054);
#13052 = CARTESIAN_POINT('',(156.,-59.95,1.51));
#13053 = DIRECTION('',(-0.,0.,-1.));
#13054 = DIRECTION('',(-0.,-1.,0.));
#13055 = FACE_BOUND('',#13056,.T.);
#13056 = EDGE_LOOP('',(#13057));
#13057 = ORIENTED_EDGE('',*,*,#13058,.T.);
#13058 = EDGE_CURVE('',#13059,#13059,#13061,.T.);
#13059 = VERTEX_POINT('',#13060);
#13060 = CARTESIAN_POINT('',(163.75,-65.69,1.51));
#13061 = CIRCLE('',#13062,0.51);
#13062 = AXIS2_PLACEMENT_3D('',#13063,#13064,#13065);
#13063 = CARTESIAN_POINT('',(163.75,-65.18,1.51));
#13064 = DIRECTION('',(-0.,0.,-1.));
#13065 = DIRECTION('',(-0.,-1.,0.));
#13066 = FACE_BOUND('',#13067,.T.);
#13067 = EDGE_LOOP('',(#13068));
#13068 = ORIENTED_EDGE('',*,*,#13069,.T.);
#13069 = EDGE_CURVE('',#13070,#13070,#13072,.T.);
#13070 = VERTEX_POINT('',#13071);
#13071 = CARTESIAN_POINT('',(163.75,-63.15,1.51));
#13072 = CIRCLE('',#13073,0.51);
#13073 = AXIS2_PLACEMENT_3D('',#13074,#13075,#13076);
#13074 = CARTESIAN_POINT('',(163.75,-62.64,1.51));
#13075 = DIRECTION('',(-0.,0.,-1.));
#13076 = DIRECTION('',(-0.,-1.,0.));
#13077 = FACE_BOUND('',#13078,.T.);
#13078 = EDGE_LOOP('',(#13079));
#13079 = ORIENTED_EDGE('',*,*,#13080,.T.);
#13080 = EDGE_CURVE('',#13081,#13081,#13083,.T.);
#13081 = VERTEX_POINT('',#13082);
#13082 = CARTESIAN_POINT('',(163.75,-60.61,1.51));
#13083 = CIRCLE('',#13084,0.51);
#13084 = AXIS2_PLACEMENT_3D('',#13085,#13086,#13087);
#13085 = CARTESIAN_POINT('',(163.75,-60.1,1.51));
#13086 = DIRECTION('',(-0.,0.,-1.));
#13087 = DIRECTION('',(-0.,-1.,0.));
#13088 = FACE_BOUND('',#13089,.T.);
#13089 = EDGE_LOOP('',(#13090));
#13090 = ORIENTED_EDGE('',*,*,#13091,.T.);
#13091 = EDGE_CURVE('',#13092,#13092,#13094,.T.);
#13092 = VERTEX_POINT('',#13093);
#13093 = CARTESIAN_POINT('',(163.75,-58.07,1.51));
#13094 = CIRCLE('',#13095,0.51);
#13095 = AXIS2_PLACEMENT_3D('',#13096,#13097,#13098);
#13096 = CARTESIAN_POINT('',(163.75,-57.56,1.51));
#13097 = DIRECTION('',(-0.,0.,-1.));
#13098 = DIRECTION('',(-0.,-1.,0.));
#13099 = FACE_BOUND('',#13100,.T.);
#13100 = EDGE_LOOP('',(#13101));
#13101 = ORIENTED_EDGE('',*,*,#13102,.T.);
#13102 = EDGE_CURVE('',#13103,#13103,#13105,.T.);
#13103 = VERTEX_POINT('',#13104);
#13104 = CARTESIAN_POINT('',(156.,-53.5,1.51));
#13105 = CIRCLE('',#13106,0.5);
#13106 = AXIS2_PLACEMENT_3D('',#13107,#13108,#13109);
#13107 = CARTESIAN_POINT('',(156.,-53.,1.51));
#13108 = DIRECTION('',(-0.,0.,-1.));
#13109 = DIRECTION('',(-0.,-1.,0.));
#13110 = FACE_BOUND('',#13111,.T.);
#13111 = EDGE_LOOP('',(#13112));
#13112 = ORIENTED_EDGE('',*,*,#13113,.T.);
#13113 = EDGE_CURVE('',#13114,#13114,#13116,.T.);
#13114 = VERTEX_POINT('',#13115);
#13115 = CARTESIAN_POINT('',(156.,-51.,1.51));
#13116 = CIRCLE('',#13117,0.5);
#13117 = AXIS2_PLACEMENT_3D('',#13118,#13119,#13120);
#13118 = CARTESIAN_POINT('',(156.,-50.5,1.51));
#13119 = DIRECTION('',(-0.,0.,-1.));
#13120 = DIRECTION('',(-0.,-1.,0.));
#13121 = FACE_BOUND('',#13122,.T.);
#13122 = EDGE_LOOP('',(#13123));
#13123 = ORIENTED_EDGE('',*,*,#13124,.T.);
#13124 = EDGE_CURVE('',#13125,#13125,#13127,.T.);
#13125 = VERTEX_POINT('',#13126);
#13126 = CARTESIAN_POINT('',(163.75,-55.53,1.51));
#13127 = CIRCLE('',#13128,0.51);
#13128 = AXIS2_PLACEMENT_3D('',#13129,#13130,#13131);
#13129 = CARTESIAN_POINT('',(163.75,-55.02,1.51));
#13130 = DIRECTION('',(-0.,0.,-1.));
#13131 = DIRECTION('',(-0.,-1.,0.));
#13132 = FACE_BOUND('',#13133,.T.);
#13133 = EDGE_LOOP('',(#13134));
#13134 = ORIENTED_EDGE('',*,*,#13135,.T.);
#13135 = EDGE_CURVE('',#13136,#13136,#13138,.T.);
#13136 = VERTEX_POINT('',#13137);
#13137 = CARTESIAN_POINT('',(163.75,-52.99,1.51));
#13138 = CIRCLE('',#13139,0.51);
#13139 = AXIS2_PLACEMENT_3D('',#13140,#13141,#13142);
#13140 = CARTESIAN_POINT('',(163.75,-52.48,1.51));
#13141 = DIRECTION('',(-0.,0.,-1.));
#13142 = DIRECTION('',(-0.,-1.,0.));
#13143 = FACE_BOUND('',#13144,.T.);
#13144 = EDGE_LOOP('',(#13145));
#13145 = ORIENTED_EDGE('',*,*,#13146,.T.);
#13146 = EDGE_CURVE('',#13147,#13147,#13149,.T.);
#13147 = VERTEX_POINT('',#13148);
#13148 = CARTESIAN_POINT('',(163.75,-50.45,1.51));
#13149 = CIRCLE('',#13150,0.51);
#13150 = AXIS2_PLACEMENT_3D('',#13151,#13152,#13153);
#13151 = CARTESIAN_POINT('',(163.75,-49.94,1.51));
#13152 = DIRECTION('',(-0.,0.,-1.));
#13153 = DIRECTION('',(-0.,-1.,0.));
#13154 = FACE_BOUND('',#13155,.T.);
#13155 = EDGE_LOOP('',(#13156));
#13156 = ORIENTED_EDGE('',*,*,#13157,.T.);
#13157 = EDGE_CURVE('',#13158,#13158,#13160,.T.);
#13158 = VERTEX_POINT('',#13159);
#13159 = CARTESIAN_POINT('',(159.75,-42.075,1.51));
#13160 = CIRCLE('',#13161,0.475);
#13161 = AXIS2_PLACEMENT_3D('',#13162,#13163,#13164);
#13162 = CARTESIAN_POINT('',(159.75,-41.6,1.51));
#13163 = DIRECTION('',(-0.,0.,-1.));
#13164 = DIRECTION('',(-0.,-1.,0.));
#13165 = FACE_BOUND('',#13166,.T.);
#13166 = EDGE_LOOP('',(#13167));
#13167 = ORIENTED_EDGE('',*,*,#13168,.T.);
#13168 = EDGE_CURVE('',#13169,#13169,#13171,.T.);
#13169 = VERTEX_POINT('',#13170);
#13170 = CARTESIAN_POINT('',(162.25,-42.075,1.51));
#13171 = CIRCLE('',#13172,0.475);
#13172 = AXIS2_PLACEMENT_3D('',#13173,#13174,#13175);
#13173 = CARTESIAN_POINT('',(162.25,-41.6,1.51));
#13174 = DIRECTION('',(-0.,0.,-1.));
#13175 = DIRECTION('',(-0.,-1.,0.));
#13176 = FACE_BOUND('',#13177,.T.);
#13177 = EDGE_LOOP('',(#13178));
#13178 = ORIENTED_EDGE('',*,*,#13179,.T.);
#13179 = EDGE_CURVE('',#13180,#13180,#13182,.T.);
#13180 = VERTEX_POINT('',#13181);
#13181 = CARTESIAN_POINT('',(164.75,-42.075,1.51));
#13182 = CIRCLE('',#13183,0.475);
#13183 = AXIS2_PLACEMENT_3D('',#13184,#13185,#13186);
#13184 = CARTESIAN_POINT('',(164.75,-41.6,1.51));
#13185 = DIRECTION('',(-0.,0.,-1.));
#13186 = DIRECTION('',(-0.,-1.,0.));
#13187 = FACE_BOUND('',#13188,.T.);
#13188 = EDGE_LOOP('',(#13189));
#13189 = ORIENTED_EDGE('',*,*,#13190,.T.);
#13190 = EDGE_CURVE('',#13191,#13191,#13193,.T.);
#13191 = VERTEX_POINT('',#13192);
#13192 = CARTESIAN_POINT('',(167.25,-42.075,1.51));
#13193 = CIRCLE('',#13194,0.475);
#13194 = AXIS2_PLACEMENT_3D('',#13195,#13196,#13197);
#13195 = CARTESIAN_POINT('',(167.25,-41.6,1.51));
#13196 = DIRECTION('',(-0.,0.,-1.));
#13197 = DIRECTION('',(-0.,-1.,0.));
#13198 = FACE_BOUND('',#13199,.T.);
#13199 = EDGE_LOOP('',(#13200));
#13200 = ORIENTED_EDGE('',*,*,#13201,.T.);
#13201 = EDGE_CURVE('',#13202,#13202,#13204,.T.);
#13202 = VERTEX_POINT('',#13203);
#13203 = CARTESIAN_POINT('',(178.99,-75.85,1.51));
#13204 = CIRCLE('',#13205,0.51);
#13205 = AXIS2_PLACEMENT_3D('',#13206,#13207,#13208);
#13206 = CARTESIAN_POINT('',(178.99,-75.34,1.51));
#13207 = DIRECTION('',(-0.,0.,-1.));
#13208 = DIRECTION('',(-0.,-1.,0.));
#13209 = FACE_BOUND('',#13210,.T.);
#13210 = EDGE_LOOP('',(#13211));
#13211 = ORIENTED_EDGE('',*,*,#13212,.T.);
#13212 = EDGE_CURVE('',#13213,#13213,#13215,.T.);
#13213 = VERTEX_POINT('',#13214);
#13214 = CARTESIAN_POINT('',(178.99,-73.31,1.51));
#13215 = CIRCLE('',#13216,0.51);
#13216 = AXIS2_PLACEMENT_3D('',#13217,#13218,#13219);
#13217 = CARTESIAN_POINT('',(178.99,-72.8,1.51));
#13218 = DIRECTION('',(-0.,0.,-1.));
#13219 = DIRECTION('',(-0.,-1.,0.));
#13220 = FACE_BOUND('',#13221,.T.);
#13221 = EDGE_LOOP('',(#13222));
#13222 = ORIENTED_EDGE('',*,*,#13223,.T.);
#13223 = EDGE_CURVE('',#13224,#13224,#13226,.T.);
#13224 = VERTEX_POINT('',#13225);
#13225 = CARTESIAN_POINT('',(178.99,-70.77,1.51));
#13226 = CIRCLE('',#13227,0.51);
#13227 = AXIS2_PLACEMENT_3D('',#13228,#13229,#13230);
#13228 = CARTESIAN_POINT('',(178.99,-70.26,1.51));
#13229 = DIRECTION('',(-0.,0.,-1.));
#13230 = DIRECTION('',(-0.,-1.,0.));
#13231 = FACE_BOUND('',#13232,.T.);
#13232 = EDGE_LOOP('',(#13233));
#13233 = ORIENTED_EDGE('',*,*,#13234,.T.);
#13234 = EDGE_CURVE('',#13235,#13235,#13237,.T.);
#13235 = VERTEX_POINT('',#13236);
#13236 = CARTESIAN_POINT('',(178.99,-68.23,1.51));
#13237 = CIRCLE('',#13238,0.51);
#13238 = AXIS2_PLACEMENT_3D('',#13239,#13240,#13241);
#13239 = CARTESIAN_POINT('',(178.99,-67.72,1.51));
#13240 = DIRECTION('',(-0.,0.,-1.));
#13241 = DIRECTION('',(-0.,-1.,0.));
#13242 = FACE_BOUND('',#13243,.T.);
#13243 = EDGE_LOOP('',(#13244));
#13244 = ORIENTED_EDGE('',*,*,#13245,.T.);
#13245 = EDGE_CURVE('',#13246,#13246,#13248,.T.);
#13246 = VERTEX_POINT('',#13247);
#13247 = CARTESIAN_POINT('',(178.99,-65.69,1.51));
#13248 = CIRCLE('',#13249,0.51);
#13249 = AXIS2_PLACEMENT_3D('',#13250,#13251,#13252);
#13250 = CARTESIAN_POINT('',(178.99,-65.18,1.51));
#13251 = DIRECTION('',(-0.,0.,-1.));
#13252 = DIRECTION('',(-0.,-1.,0.));
#13253 = FACE_BOUND('',#13254,.T.);
#13254 = EDGE_LOOP('',(#13255));
#13255 = ORIENTED_EDGE('',*,*,#13256,.T.);
#13256 = EDGE_CURVE('',#13257,#13257,#13259,.T.);
#13257 = VERTEX_POINT('',#13258);
#13258 = CARTESIAN_POINT('',(178.99,-63.15,1.51));
#13259 = CIRCLE('',#13260,0.51);
#13260 = AXIS2_PLACEMENT_3D('',#13261,#13262,#13263);
#13261 = CARTESIAN_POINT('',(178.99,-62.64,1.51));
#13262 = DIRECTION('',(-0.,0.,-1.));
#13263 = DIRECTION('',(-0.,-1.,0.));
#13264 = FACE_BOUND('',#13265,.T.);
#13265 = EDGE_LOOP('',(#13266));
#13266 = ORIENTED_EDGE('',*,*,#13267,.T.);
#13267 = EDGE_CURVE('',#13268,#13268,#13270,.T.);
#13268 = VERTEX_POINT('',#13269);
#13269 = CARTESIAN_POINT('',(178.99,-60.61,1.51));
#13270 = CIRCLE('',#13271,0.51);
#13271 = AXIS2_PLACEMENT_3D('',#13272,#13273,#13274);
#13272 = CARTESIAN_POINT('',(178.99,-60.1,1.51));
#13273 = DIRECTION('',(-0.,0.,-1.));
#13274 = DIRECTION('',(-0.,-1.,0.));
#13275 = FACE_BOUND('',#13276,.T.);
#13276 = EDGE_LOOP('',(#13277));
#13277 = ORIENTED_EDGE('',*,*,#13278,.T.);
#13278 = EDGE_CURVE('',#13279,#13279,#13281,.T.);
#13279 = VERTEX_POINT('',#13280);
#13280 = CARTESIAN_POINT('',(178.99,-58.07,1.51));
#13281 = CIRCLE('',#13282,0.51);
#13282 = AXIS2_PLACEMENT_3D('',#13283,#13284,#13285);
#13283 = CARTESIAN_POINT('',(178.99,-57.56,1.51));
#13284 = DIRECTION('',(-0.,0.,-1.));
#13285 = DIRECTION('',(-0.,-1.,0.));
#13286 = FACE_BOUND('',#13287,.T.);
#13287 = EDGE_LOOP('',(#13288));
#13288 = ORIENTED_EDGE('',*,*,#13289,.T.);
#13289 = EDGE_CURVE('',#13290,#13290,#13292,.T.);
#13290 = VERTEX_POINT('',#13291);
#13291 = CARTESIAN_POINT('',(178.99,-55.53,1.51));
#13292 = CIRCLE('',#13293,0.51);
#13293 = AXIS2_PLACEMENT_3D('',#13294,#13295,#13296);
#13294 = CARTESIAN_POINT('',(178.99,-55.02,1.51));
#13295 = DIRECTION('',(-0.,0.,-1.));
#13296 = DIRECTION('',(-0.,-1.,0.));
#13297 = FACE_BOUND('',#13298,.T.);
#13298 = EDGE_LOOP('',(#13299));
#13299 = ORIENTED_EDGE('',*,*,#13300,.T.);
#13300 = EDGE_CURVE('',#13301,#13301,#13303,.T.);
#13301 = VERTEX_POINT('',#13302);
#13302 = CARTESIAN_POINT('',(178.99,-52.99,1.51));
#13303 = CIRCLE('',#13304,0.51);
#13304 = AXIS2_PLACEMENT_3D('',#13305,#13306,#13307);
#13305 = CARTESIAN_POINT('',(178.99,-52.48,1.51));
#13306 = DIRECTION('',(-0.,0.,-1.));
#13307 = DIRECTION('',(-0.,-1.,0.));
#13308 = FACE_BOUND('',#13309,.T.);
#13309 = EDGE_LOOP('',(#13310));
#13310 = ORIENTED_EDGE('',*,*,#13311,.T.);
#13311 = EDGE_CURVE('',#13312,#13312,#13314,.T.);
#13312 = VERTEX_POINT('',#13313);
#13313 = CARTESIAN_POINT('',(178.99,-50.45,1.51));
#13314 = CIRCLE('',#13315,0.51);
#13315 = AXIS2_PLACEMENT_3D('',#13316,#13317,#13318);
#13316 = CARTESIAN_POINT('',(178.99,-49.94,1.51));
#13317 = DIRECTION('',(-0.,0.,-1.));
#13318 = DIRECTION('',(-0.,-1.,0.));
#13319 = FACE_BOUND('',#13320,.T.);
#13320 = EDGE_LOOP('',(#13321));
#13321 = ORIENTED_EDGE('',*,*,#13322,.T.);
#13322 = EDGE_CURVE('',#13323,#13323,#13325,.T.);
#13323 = VERTEX_POINT('',#13324);
#13324 = CARTESIAN_POINT('',(176.9,-42.125,1.51));
#13325 = CIRCLE('',#13326,0.475);
#13326 = AXIS2_PLACEMENT_3D('',#13327,#13328,#13329);
#13327 = CARTESIAN_POINT('',(176.9,-41.65,1.51));
#13328 = DIRECTION('',(-0.,0.,-1.));
#13329 = DIRECTION('',(-0.,-1.,0.));
#13330 = FACE_BOUND('',#13331,.T.);
#13331 = EDGE_LOOP('',(#13332));
#13332 = ORIENTED_EDGE('',*,*,#13333,.T.);
#13333 = EDGE_CURVE('',#13334,#13334,#13336,.T.);
#13334 = VERTEX_POINT('',#13335);
#13335 = CARTESIAN_POINT('',(179.4,-42.125,1.51));
#13336 = CIRCLE('',#13337,0.475);
#13337 = AXIS2_PLACEMENT_3D('',#13338,#13339,#13340);
#13338 = CARTESIAN_POINT('',(179.4,-41.65,1.51));
#13339 = DIRECTION('',(-0.,0.,-1.));
#13340 = DIRECTION('',(-0.,-1.,0.));
#13341 = FACE_BOUND('',#13342,.T.);
#13342 = EDGE_LOOP('',(#13343));
#13343 = ORIENTED_EDGE('',*,*,#13344,.T.);
#13344 = EDGE_CURVE('',#13345,#13345,#13347,.T.);
#13345 = VERTEX_POINT('',#13346);
#13346 = CARTESIAN_POINT('',(181.9,-42.125,1.51));
#13347 = CIRCLE('',#13348,0.475);
#13348 = AXIS2_PLACEMENT_3D('',#13349,#13350,#13351);
#13349 = CARTESIAN_POINT('',(181.9,-41.65,1.51));
#13350 = DIRECTION('',(-0.,0.,-1.));
#13351 = DIRECTION('',(-0.,-1.,0.));
#13352 = FACE_BOUND('',#13353,.T.);
#13353 = EDGE_LOOP('',(#13354));
#13354 = ORIENTED_EDGE('',*,*,#13355,.T.);
#13355 = EDGE_CURVE('',#13356,#13356,#13358,.T.);
#13356 = VERTEX_POINT('',#13357);
#13357 = CARTESIAN_POINT('',(184.4,-42.125,1.51));
#13358 = CIRCLE('',#13359,0.475);
#13359 = AXIS2_PLACEMENT_3D('',#13360,#13361,#13362);
#13360 = CARTESIAN_POINT('',(184.4,-41.65,1.51));
#13361 = DIRECTION('',(-0.,0.,-1.));
#13362 = DIRECTION('',(-0.,-1.,0.));
#13363 = FACE_BOUND('',#13364,.T.);
#13364 = EDGE_LOOP('',(#13365));
#13365 = ORIENTED_EDGE('',*,*,#13366,.T.);
#13366 = EDGE_CURVE('',#13367,#13367,#13369,.T.);
#13367 = VERTEX_POINT('',#13368);
#13368 = CARTESIAN_POINT('',(192.7,-37.9,1.51));
#13369 = CIRCLE('',#13370,1.6);
#13370 = AXIS2_PLACEMENT_3D('',#13371,#13372,#13373);
#13371 = CARTESIAN_POINT('',(192.7,-36.3,1.51));
#13372 = DIRECTION('',(-0.,0.,-1.));
#13373 = DIRECTION('',(-0.,-1.,0.));
#13374 = PLANE('',#13375);
#13375 = AXIS2_PLACEMENT_3D('',#13376,#13377,#13378);
#13376 = CARTESIAN_POINT('',(0.,0.,1.51));
#13377 = DIRECTION('',(0.,0.,1.));
#13378 = DIRECTION('',(1.,0.,-0.));
#13379 = ADVANCED_FACE('',(#13380),#13391,.T.);
#13380 = FACE_BOUND('',#13381,.T.);
#13381 = EDGE_LOOP('',(#13382,#13388,#13389,#13390));
#13382 = ORIENTED_EDGE('',*,*,#13383,.T.);
#13383 = EDGE_CURVE('',#11754,#12570,#13384,.T.);
#13384 = LINE('',#13385,#13386);
#13385 = CARTESIAN_POINT('',(145.59875,-33.037104,0.));
#13386 = VECTOR('',#13387,1.);
#13387 = DIRECTION('',(0.,0.,1.));
#13388 = ORIENTED_EDGE('',*,*,#12569,.T.);
#13389 = ORIENTED_EDGE('',*,*,#11689,.F.);
#13390 = ORIENTED_EDGE('',*,*,#11753,.F.);
#13391 = CYLINDRICAL_SURFACE('',#13392,2.001301203304);
#13392 = AXIS2_PLACEMENT_3D('',#13393,#13394,#13395);
#13393 = CARTESIAN_POINT('',(147.6000015522,-33.0512012033,0.));
#13394 = DIRECTION('',(0.,0.,-1.));
#13395 = DIRECTION('',(-0.999975190592,7.044018801375E-03,0.));
#13396 = ADVANCED_FACE('',(#13397),#13408,.T.);
#13397 = FACE_BOUND('',#13398,.T.);
#13398 = EDGE_LOOP('',(#13399,#13400,#13401,#13407));
#13399 = ORIENTED_EDGE('',*,*,#11729,.T.);
#13400 = ORIENTED_EDGE('',*,*,#12663,.T.);
#13401 = ORIENTED_EDGE('',*,*,#13402,.F.);
#13402 = EDGE_CURVE('',#11840,#12656,#13403,.T.);
#13403 = LINE('',#13404,#13405);
#13404 = CARTESIAN_POINT('',(197.500831,-68.050652,0.));
#13405 = VECTOR('',#13406,1.);
#13406 = DIRECTION('',(0.,0.,1.));
#13407 = ORIENTED_EDGE('',*,*,#11847,.F.);
#13408 = CYLINDRICAL_SURFACE('',#13409,2.107718847627);
#13409 = AXIS2_PLACEMENT_3D('',#13410,#13411,#13412);
#13410 = CARTESIAN_POINT('',(195.84228115237,-66.7500017228,0.));
#13411 = DIRECTION('',(0.,0.,-1.));
#13412 = DIRECTION('',(1.,8.173764511742E-07,0.));
#13413 = ADVANCED_FACE('',(#13414),#13425,.T.);
#13414 = FACE_BOUND('',#13415,.T.);
#13415 = EDGE_LOOP('',(#13416,#13422,#13423,#13424));
#13416 = ORIENTED_EDGE('',*,*,#13417,.T.);
#13417 = EDGE_CURVE('',#11763,#12579,#13418,.T.);
#13418 = LINE('',#13419,#13420);
#13419 = CARTESIAN_POINT('',(145.6,-66.74995,0.));
#13420 = VECTOR('',#13421,1.);
#13421 = DIRECTION('',(0.,0.,1.));
#13422 = ORIENTED_EDGE('',*,*,#12578,.T.);
#13423 = ORIENTED_EDGE('',*,*,#13383,.F.);
#13424 = ORIENTED_EDGE('',*,*,#11762,.F.);
#13425 = PLANE('',#13426);
#13426 = AXIS2_PLACEMENT_3D('',#13427,#13428,#13429);
#13427 = CARTESIAN_POINT('',(145.6,-66.74995,0.));
#13428 = DIRECTION('',(-0.999999999313,-3.7077854511E-05,0.));
#13429 = DIRECTION('',(-3.7077854511E-05,0.999999999313,0.));
#13430 = ADVANCED_FACE('',(#13431),#13442,.T.);
#13431 = FACE_BOUND('',#13432,.T.);
#13432 = EDGE_LOOP('',(#13433,#13434,#13435,#13441));
#13433 = ORIENTED_EDGE('',*,*,#13402,.T.);
#13434 = ORIENTED_EDGE('',*,*,#12655,.T.);
#13435 = ORIENTED_EDGE('',*,*,#13436,.F.);
#13436 = EDGE_CURVE('',#11831,#12647,#13437,.T.);
#13437 = LINE('',#13438,#13439);
#13438 = CARTESIAN_POINT('',(185.104144,-80.454003,0.));
#13439 = VECTOR('',#13440,1.);
#13440 = DIRECTION('',(0.,0.,1.));
#13441 = ORIENTED_EDGE('',*,*,#11839,.F.);
#13442 = PLANE('',#13443);
#13443 = AXIS2_PLACEMENT_3D('',#13444,#13445,#13446);
#13444 = CARTESIAN_POINT('',(197.500831,-68.050652,0.));
#13445 = DIRECTION('',(0.707296761795,-0.706916749521,0.));
#13446 = DIRECTION('',(-0.706916749521,-0.707296761795,0.));
#13447 = ADVANCED_FACE('',(#13448),#13459,.T.);
#13448 = FACE_BOUND('',#13449,.T.);
#13449 = EDGE_LOOP('',(#13450,#13456,#13457,#13458));
#13450 = ORIENTED_EDGE('',*,*,#13451,.T.);
#13451 = EDGE_CURVE('',#11771,#12587,#13452,.T.);
#13452 = LINE('',#13453,#13454);
#13453 = CARTESIAN_POINT('',(146.05,-68.051652,0.));
#13454 = VECTOR('',#13455,1.);
#13455 = DIRECTION('',(0.,0.,1.));
#13456 = ORIENTED_EDGE('',*,*,#12586,.T.);
#13457 = ORIENTED_EDGE('',*,*,#13417,.F.);
#13458 = ORIENTED_EDGE('',*,*,#11770,.F.);
#13459 = CYLINDRICAL_SURFACE('',#13460,2.107668427058);
#13460 = AXIS2_PLACEMENT_3D('',#13461,#13462,#13463);
#13461 = CARTESIAN_POINT('',(147.70766842703,-66.74996018377,0.));
#13462 = DIRECTION('',(0.,0.,-1.));
#13463 = DIRECTION('',(-0.786493931281,-0.617598005225,-0.));
#13464 = ADVANCED_FACE('',(#13465),#13476,.F.);
#13465 = FACE_BOUND('',#13466,.T.);
#13466 = EDGE_LOOP('',(#13467,#13468,#13469,#13475));
#13467 = ORIENTED_EDGE('',*,*,#13436,.T.);
#13468 = ORIENTED_EDGE('',*,*,#12646,.T.);
#13469 = ORIENTED_EDGE('',*,*,#13470,.F.);
#13470 = EDGE_CURVE('',#11823,#12639,#13471,.T.);
#13471 = LINE('',#13472,#13473);
#13472 = CARTESIAN_POINT('',(184.55,-82.05,0.));
#13473 = VECTOR('',#13474,1.);
#13474 = DIRECTION('',(0.,0.,1.));
#13475 = ORIENTED_EDGE('',*,*,#11830,.F.);
#13476 = CYLINDRICAL_SURFACE('',#13477,2.009354741541);
#13477 = AXIS2_PLACEMENT_3D('',#13478,#13479,#13480);
#13478 = CARTESIAN_POINT('',(186.54937658092,-81.85000058752,0.));
#13479 = DIRECTION('',(-0.,-0.,-1.));
#13480 = DIRECTION('',(-0.7192520818,0.694749194189,0.));
#13481 = ADVANCED_FACE('',(#13482),#13493,.T.);
#13482 = FACE_BOUND('',#13483,.T.);
#13483 = EDGE_LOOP('',(#13484,#13490,#13491,#13492));
#13484 = ORIENTED_EDGE('',*,*,#13485,.T.);
#13485 = EDGE_CURVE('',#11780,#12596,#13486,.T.);
#13486 = LINE('',#13487,#13488);
#13487 = CARTESIAN_POINT('',(158.445856,-80.453953,0.));
#13488 = VECTOR('',#13489,1.);
#13489 = DIRECTION('',(0.,0.,1.));
#13490 = ORIENTED_EDGE('',*,*,#12595,.T.);
#13491 = ORIENTED_EDGE('',*,*,#13451,.F.);
#13492 = ORIENTED_EDGE('',*,*,#11779,.F.);
#13493 = PLANE('',#13494);
#13494 = AXIS2_PLACEMENT_3D('',#13495,#13496,#13497);
#13495 = CARTESIAN_POINT('',(158.445856,-80.453953,0.));
#13496 = DIRECTION('',(-0.707290533182,-0.706922981428,0.));
#13497 = DIRECTION('',(-0.706922981428,0.707290533182,0.));
#13498 = ADVANCED_FACE('',(#13499),#13510,.T.);
#13499 = FACE_BOUND('',#13500,.T.);
#13500 = EDGE_LOOP('',(#13501,#13502,#13503,#13509));
#13501 = ORIENTED_EDGE('',*,*,#13470,.T.);
#13502 = ORIENTED_EDGE('',*,*,#12638,.T.);
#13503 = ORIENTED_EDGE('',*,*,#13504,.F.);
#13504 = EDGE_CURVE('',#11814,#12630,#13505,.T.);
#13505 = LINE('',#13506,#13507);
#13506 = CARTESIAN_POINT('',(184.55,-108.15,0.));
#13507 = VECTOR('',#13508,1.);
#13508 = DIRECTION('',(0.,0.,1.));
#13509 = ORIENTED_EDGE('',*,*,#11822,.F.);
#13510 = PLANE('',#13511);
#13511 = AXIS2_PLACEMENT_3D('',#13512,#13513,#13514);
#13512 = CARTESIAN_POINT('',(184.55,-82.05,0.));
#13513 = DIRECTION('',(1.,0.,-0.));
#13514 = DIRECTION('',(0.,-1.,0.));
#13515 = ADVANCED_FACE('',(#13516),#13527,.F.);
#13516 = FACE_BOUND('',#13517,.T.);
#13517 = EDGE_LOOP('',(#13518,#13524,#13525,#13526));
#13518 = ORIENTED_EDGE('',*,*,#13519,.T.);
#13519 = EDGE_CURVE('',#11788,#12604,#13520,.T.);
#13520 = LINE('',#13521,#13522);
#13521 = CARTESIAN_POINT('',(159.,-82.04995,0.));
#13522 = VECTOR('',#13523,1.);
#13523 = DIRECTION('',(0.,0.,1.));
#13524 = ORIENTED_EDGE('',*,*,#12603,.T.);
#13525 = ORIENTED_EDGE('',*,*,#13485,.F.);
#13526 = ORIENTED_EDGE('',*,*,#11787,.F.);
#13527 = CYLINDRICAL_SURFACE('',#13528,2.009354741541);
#13528 = AXIS2_PLACEMENT_3D('',#13529,#13530,#13531);
#13529 = CARTESIAN_POINT('',(157.00062341907,-81.84995058752,0.));
#13530 = DIRECTION('',(-0.,-0.,-1.));
#13531 = DIRECTION('',(0.99503414683,-9.953414812198E-02,0.));
#13532 = ADVANCED_FACE('',(#13533),#13544,.T.);
#13533 = FACE_BOUND('',#13534,.T.);
#13534 = EDGE_LOOP('',(#13535,#13536,#13537,#13543));
#13535 = ORIENTED_EDGE('',*,*,#13504,.T.);
#13536 = ORIENTED_EDGE('',*,*,#12629,.T.);
#13537 = ORIENTED_EDGE('',*,*,#13538,.F.);
#13538 = EDGE_CURVE('',#11805,#12621,#13539,.T.);
#13539 = LINE('',#13540,#13541);
#13540 = CARTESIAN_POINT('',(171.778545,-130.274902,0.));
#13541 = VECTOR('',#13542,1.);
#13542 = DIRECTION('',(0.,0.,1.));
#13543 = ORIENTED_EDGE('',*,*,#11813,.F.);
#13544 = CYLINDRICAL_SURFACE('',#13545,25.550003499024);
#13545 = AXIS2_PLACEMENT_3D('',#13546,#13547,#13548);
#13546 = CARTESIAN_POINT('',(158.99999650097,-108.1499979988,0.));
#13547 = DIRECTION('',(0.,0.,-1.));
#13548 = DIRECTION('',(1.,-7.832122229566E-08,0.));
#13549 = ADVANCED_FACE('',(#13550),#13561,.T.);
#13550 = FACE_BOUND('',#13551,.T.);
#13551 = EDGE_LOOP('',(#13552,#13558,#13559,#13560));
#13552 = ORIENTED_EDGE('',*,*,#13553,.T.);
#13553 = EDGE_CURVE('',#11797,#12613,#13554,.T.);
#13554 = LINE('',#13555,#13556);
#13555 = CARTESIAN_POINT('',(159.,-108.14995,0.));
#13556 = VECTOR('',#13557,1.);
#13557 = DIRECTION('',(0.,0.,1.));
#13558 = ORIENTED_EDGE('',*,*,#12612,.T.);
#13559 = ORIENTED_EDGE('',*,*,#13519,.F.);
#13560 = ORIENTED_EDGE('',*,*,#11796,.F.);
#13561 = PLANE('',#13562);
#13562 = AXIS2_PLACEMENT_3D('',#13563,#13564,#13565);
#13563 = CARTESIAN_POINT('',(159.,-108.14995,0.));
#13564 = DIRECTION('',(-1.,0.,0.));
#13565 = DIRECTION('',(0.,1.,0.));
#13566 = ADVANCED_FACE('',(#13567),#13573,.T.);
#13567 = FACE_BOUND('',#13568,.T.);
#13568 = EDGE_LOOP('',(#13569,#13570,#13571,#13572));
#13569 = ORIENTED_EDGE('',*,*,#13538,.T.);
#13570 = ORIENTED_EDGE('',*,*,#12620,.T.);
#13571 = ORIENTED_EDGE('',*,*,#13553,.F.);
#13572 = ORIENTED_EDGE('',*,*,#11804,.F.);
#13573 = CYLINDRICAL_SURFACE('',#13574,25.536944795423);
#13574 = AXIS2_PLACEMENT_3D('',#13575,#13576,#13577);
#13575 = CARTESIAN_POINT('',(184.53694455604,-108.153446572,0.));
#13576 = DIRECTION('',(0.,0.,-1.));
#13577 = DIRECTION('',(-0.499605558075,-0.866253015199,-0.));
#13578 = ADVANCED_FACE('',(#13579),#13590,.F.);
#13579 = FACE_BOUND('',#13580,.T.);
#13580 = EDGE_LOOP('',(#13581,#13582,#13588,#13589));
#13581 = ORIENTED_EDGE('',*,*,#11857,.T.);
#13582 = ORIENTED_EDGE('',*,*,#13583,.T.);
#13583 = EDGE_CURVE('',#11858,#12674,#13584,.T.);
#13584 = LINE('',#13585,#13586);
#13585 = CARTESIAN_POINT('',(163.75,-108.87,-4.6E-02));
#13586 = VECTOR('',#13587,1.);
#13587 = DIRECTION('',(0.,0.,1.));
#13588 = ORIENTED_EDGE('',*,*,#12673,.F.);
#13589 = ORIENTED_EDGE('',*,*,#13583,.F.);
#13590 = CYLINDRICAL_SURFACE('',#13591,0.51);
#13591 = AXIS2_PLACEMENT_3D('',#13592,#13593,#13594);
#13592 = CARTESIAN_POINT('',(163.75,-108.36,-4.6E-02));
#13593 = DIRECTION('',(-0.,-0.,-1.));
#13594 = DIRECTION('',(-0.,-1.,0.));
#13595 = ADVANCED_FACE('',(#13596),#13607,.F.);
#13596 = FACE_BOUND('',#13597,.T.);
#13597 = EDGE_LOOP('',(#13598,#13599,#13605,#13606));
#13598 = ORIENTED_EDGE('',*,*,#11868,.T.);
#13599 = ORIENTED_EDGE('',*,*,#13600,.T.);
#13600 = EDGE_CURVE('',#11869,#12685,#13601,.T.);
#13601 = LINE('',#13602,#13603);
#13602 = CARTESIAN_POINT('',(163.75,-106.33,-4.6E-02));
#13603 = VECTOR('',#13604,1.);
#13604 = DIRECTION('',(0.,0.,1.));
#13605 = ORIENTED_EDGE('',*,*,#12684,.F.);
#13606 = ORIENTED_EDGE('',*,*,#13600,.F.);
#13607 = CYLINDRICAL_SURFACE('',#13608,0.51);
#13608 = AXIS2_PLACEMENT_3D('',#13609,#13610,#13611);
#13609 = CARTESIAN_POINT('',(163.75,-105.82,-4.6E-02));
#13610 = DIRECTION('',(-0.,-0.,-1.));
#13611 = DIRECTION('',(-0.,-1.,0.));
#13612 = ADVANCED_FACE('',(#13613),#13624,.F.);
#13613 = FACE_BOUND('',#13614,.T.);
#13614 = EDGE_LOOP('',(#13615,#13616,#13622,#13623));
#13615 = ORIENTED_EDGE('',*,*,#11879,.T.);
#13616 = ORIENTED_EDGE('',*,*,#13617,.T.);
#13617 = EDGE_CURVE('',#11880,#12696,#13618,.T.);
#13618 = LINE('',#13619,#13620);
#13619 = CARTESIAN_POINT('',(163.75,-103.79,-4.6E-02));
#13620 = VECTOR('',#13621,1.);
#13621 = DIRECTION('',(0.,0.,1.));
#13622 = ORIENTED_EDGE('',*,*,#12695,.F.);
#13623 = ORIENTED_EDGE('',*,*,#13617,.F.);
#13624 = CYLINDRICAL_SURFACE('',#13625,0.51);
#13625 = AXIS2_PLACEMENT_3D('',#13626,#13627,#13628);
#13626 = CARTESIAN_POINT('',(163.75,-103.28,-4.6E-02));
#13627 = DIRECTION('',(-0.,-0.,-1.));
#13628 = DIRECTION('',(-0.,-1.,0.));
#13629 = ADVANCED_FACE('',(#13630),#13641,.F.);
#13630 = FACE_BOUND('',#13631,.T.);
#13631 = EDGE_LOOP('',(#13632,#13633,#13639,#13640));
#13632 = ORIENTED_EDGE('',*,*,#11890,.T.);
#13633 = ORIENTED_EDGE('',*,*,#13634,.T.);
#13634 = EDGE_CURVE('',#11891,#12707,#13635,.T.);
#13635 = LINE('',#13636,#13637);
#13636 = CARTESIAN_POINT('',(163.75,-101.25,-4.6E-02));
#13637 = VECTOR('',#13638,1.);
#13638 = DIRECTION('',(0.,0.,1.));
#13639 = ORIENTED_EDGE('',*,*,#12706,.F.);
#13640 = ORIENTED_EDGE('',*,*,#13634,.F.);
#13641 = CYLINDRICAL_SURFACE('',#13642,0.51);
#13642 = AXIS2_PLACEMENT_3D('',#13643,#13644,#13645);
#13643 = CARTESIAN_POINT('',(163.75,-100.74,-4.6E-02));
#13644 = DIRECTION('',(-0.,-0.,-1.));
#13645 = DIRECTION('',(-0.,-1.,0.));
#13646 = ADVANCED_FACE('',(#13647),#13658,.F.);
#13647 = FACE_BOUND('',#13648,.T.);
#13648 = EDGE_LOOP('',(#13649,#13650,#13656,#13657));
#13649 = ORIENTED_EDGE('',*,*,#11901,.T.);
#13650 = ORIENTED_EDGE('',*,*,#13651,.T.);
#13651 = EDGE_CURVE('',#11902,#12718,#13652,.T.);
#13652 = LINE('',#13653,#13654);
#13653 = CARTESIAN_POINT('',(163.75,-98.71,-4.6E-02));
#13654 = VECTOR('',#13655,1.);
#13655 = DIRECTION('',(0.,0.,1.));
#13656 = ORIENTED_EDGE('',*,*,#12717,.F.);
#13657 = ORIENTED_EDGE('',*,*,#13651,.F.);
#13658 = CYLINDRICAL_SURFACE('',#13659,0.51);
#13659 = AXIS2_PLACEMENT_3D('',#13660,#13661,#13662);
#13660 = CARTESIAN_POINT('',(163.75,-98.2,-4.6E-02));
#13661 = DIRECTION('',(-0.,-0.,-1.));
#13662 = DIRECTION('',(-0.,-1.,0.));
#13663 = ADVANCED_FACE('',(#13664),#13675,.F.);
#13664 = FACE_BOUND('',#13665,.T.);
#13665 = EDGE_LOOP('',(#13666,#13667,#13673,#13674));
#13666 = ORIENTED_EDGE('',*,*,#11912,.T.);
#13667 = ORIENTED_EDGE('',*,*,#13668,.T.);
#13668 = EDGE_CURVE('',#11913,#12729,#13669,.T.);
#13669 = LINE('',#13670,#13671);
#13670 = CARTESIAN_POINT('',(167.8,-117.081,-4.6E-02));
#13671 = VECTOR('',#13672,1.);
#13672 = DIRECTION('',(0.,0.,1.));
#13673 = ORIENTED_EDGE('',*,*,#12728,.F.);
#13674 = ORIENTED_EDGE('',*,*,#13668,.F.);
#13675 = CYLINDRICAL_SURFACE('',#13676,0.381);
#13676 = AXIS2_PLACEMENT_3D('',#13677,#13678,#13679);
#13677 = CARTESIAN_POINT('',(167.8,-116.7,-4.6E-02));
#13678 = DIRECTION('',(-0.,-0.,-1.));
#13679 = DIRECTION('',(-0.,-1.,0.));
#13680 = ADVANCED_FACE('',(#13681),#13692,.F.);
#13681 = FACE_BOUND('',#13682,.T.);
#13682 = EDGE_LOOP('',(#13683,#13684,#13690,#13691));
#13683 = ORIENTED_EDGE('',*,*,#11923,.T.);
#13684 = ORIENTED_EDGE('',*,*,#13685,.T.);
#13685 = EDGE_CURVE('',#11924,#12740,#13686,.T.);
#13686 = LINE('',#13687,#13688);
#13687 = CARTESIAN_POINT('',(163.75,-96.17,-4.6E-02));
#13688 = VECTOR('',#13689,1.);
#13689 = DIRECTION('',(0.,0.,1.));
#13690 = ORIENTED_EDGE('',*,*,#12739,.F.);
#13691 = ORIENTED_EDGE('',*,*,#13685,.F.);
#13692 = CYLINDRICAL_SURFACE('',#13693,0.51);
#13693 = AXIS2_PLACEMENT_3D('',#13694,#13695,#13696);
#13694 = CARTESIAN_POINT('',(163.75,-95.66,-4.6E-02));
#13695 = DIRECTION('',(-0.,-0.,-1.));
#13696 = DIRECTION('',(-0.,-1.,0.));
#13697 = ADVANCED_FACE('',(#13698),#13709,.F.);
#13698 = FACE_BOUND('',#13699,.T.);
#13699 = EDGE_LOOP('',(#13700,#13701,#13707,#13708));
#13700 = ORIENTED_EDGE('',*,*,#11934,.T.);
#13701 = ORIENTED_EDGE('',*,*,#13702,.T.);
#13702 = EDGE_CURVE('',#11935,#12751,#13703,.T.);
#13703 = LINE('',#13704,#13705);
#13704 = CARTESIAN_POINT('',(163.75,-93.63,-4.6E-02));
#13705 = VECTOR('',#13706,1.);
#13706 = DIRECTION('',(0.,0.,1.));
#13707 = ORIENTED_EDGE('',*,*,#12750,.F.);
#13708 = ORIENTED_EDGE('',*,*,#13702,.F.);
#13709 = CYLINDRICAL_SURFACE('',#13710,0.51);
#13710 = AXIS2_PLACEMENT_3D('',#13711,#13712,#13713);
#13711 = CARTESIAN_POINT('',(163.75,-93.12,-4.6E-02));
#13712 = DIRECTION('',(-0.,-0.,-1.));
#13713 = DIRECTION('',(-0.,-1.,0.));
#13714 = ADVANCED_FACE('',(#13715),#13726,.F.);
#13715 = FACE_BOUND('',#13716,.T.);
#13716 = EDGE_LOOP('',(#13717,#13718,#13724,#13725));
#13717 = ORIENTED_EDGE('',*,*,#11945,.T.);
#13718 = ORIENTED_EDGE('',*,*,#13719,.T.);
#13719 = EDGE_CURVE('',#11946,#12762,#13720,.T.);
#13720 = LINE('',#13721,#13722);
#13721 = CARTESIAN_POINT('',(163.75,-91.09,-4.6E-02));
#13722 = VECTOR('',#13723,1.);
#13723 = DIRECTION('',(0.,0.,1.));
#13724 = ORIENTED_EDGE('',*,*,#12761,.F.);
#13725 = ORIENTED_EDGE('',*,*,#13719,.F.);
#13726 = CYLINDRICAL_SURFACE('',#13727,0.51);
#13727 = AXIS2_PLACEMENT_3D('',#13728,#13729,#13730);
#13728 = CARTESIAN_POINT('',(163.75,-90.58,-4.6E-02));
#13729 = DIRECTION('',(-0.,-0.,-1.));
#13730 = DIRECTION('',(-0.,-1.,0.));
#13731 = ADVANCED_FACE('',(#13732),#13743,.F.);
#13732 = FACE_BOUND('',#13733,.T.);
#13733 = EDGE_LOOP('',(#13734,#13735,#13741,#13742));
#13734 = ORIENTED_EDGE('',*,*,#11956,.T.);
#13735 = ORIENTED_EDGE('',*,*,#13736,.T.);
#13736 = EDGE_CURVE('',#11957,#12773,#13737,.T.);
#13737 = LINE('',#13738,#13739);
#13738 = CARTESIAN_POINT('',(163.75,-88.55,-4.6E-02));
#13739 = VECTOR('',#13740,1.);
#13740 = DIRECTION('',(0.,0.,1.));
#13741 = ORIENTED_EDGE('',*,*,#12772,.F.);
#13742 = ORIENTED_EDGE('',*,*,#13736,.F.);
#13743 = CYLINDRICAL_SURFACE('',#13744,0.51);
#13744 = AXIS2_PLACEMENT_3D('',#13745,#13746,#13747);
#13745 = CARTESIAN_POINT('',(163.75,-88.04,-4.6E-02));
#13746 = DIRECTION('',(-0.,-0.,-1.));
#13747 = DIRECTION('',(-0.,-1.,0.));
#13748 = ADVANCED_FACE('',(#13749),#13760,.F.);
#13749 = FACE_BOUND('',#13750,.T.);
#13750 = EDGE_LOOP('',(#13751,#13752,#13758,#13759));
#13751 = ORIENTED_EDGE('',*,*,#11967,.T.);
#13752 = ORIENTED_EDGE('',*,*,#13753,.T.);
#13753 = EDGE_CURVE('',#11968,#12784,#13754,.T.);
#13754 = LINE('',#13755,#13756);
#13755 = CARTESIAN_POINT('',(163.75,-86.01,-4.6E-02));
#13756 = VECTOR('',#13757,1.);
#13757 = DIRECTION('',(0.,0.,1.));
#13758 = ORIENTED_EDGE('',*,*,#12783,.F.);
#13759 = ORIENTED_EDGE('',*,*,#13753,.F.);
#13760 = CYLINDRICAL_SURFACE('',#13761,0.51);
#13761 = AXIS2_PLACEMENT_3D('',#13762,#13763,#13764);
#13762 = CARTESIAN_POINT('',(163.75,-85.5,-4.6E-02));
#13763 = DIRECTION('',(-0.,-0.,-1.));
#13764 = DIRECTION('',(-0.,-1.,0.));
#13765 = ADVANCED_FACE('',(#13766),#13777,.F.);
#13766 = FACE_BOUND('',#13767,.T.);
#13767 = EDGE_LOOP('',(#13768,#13769,#13775,#13776));
#13768 = ORIENTED_EDGE('',*,*,#11978,.T.);
#13769 = ORIENTED_EDGE('',*,*,#13770,.T.);
#13770 = EDGE_CURVE('',#11979,#12795,#13771,.T.);
#13771 = LINE('',#13772,#13773);
#13772 = CARTESIAN_POINT('',(163.75,-83.47,-4.6E-02));
#13773 = VECTOR('',#13774,1.);
#13774 = DIRECTION('',(0.,0.,1.));
#13775 = ORIENTED_EDGE('',*,*,#12794,.F.);
#13776 = ORIENTED_EDGE('',*,*,#13770,.F.);
#13777 = CYLINDRICAL_SURFACE('',#13778,0.51);
#13778 = AXIS2_PLACEMENT_3D('',#13779,#13780,#13781);
#13779 = CARTESIAN_POINT('',(163.75,-82.96,-4.6E-02));
#13780 = DIRECTION('',(-0.,-0.,-1.));
#13781 = DIRECTION('',(-0.,-1.,0.));
#13782 = ADVANCED_FACE('',(#13783),#13794,.F.);
#13783 = FACE_BOUND('',#13784,.T.);
#13784 = EDGE_LOOP('',(#13785,#13786,#13792,#13793));
#13785 = ORIENTED_EDGE('',*,*,#11989,.T.);
#13786 = ORIENTED_EDGE('',*,*,#13787,.T.);
#13787 = EDGE_CURVE('',#11990,#12806,#13788,.T.);
#13788 = LINE('',#13789,#13790);
#13789 = CARTESIAN_POINT('',(163.75,-80.93,-4.6E-02));
#13790 = VECTOR('',#13791,1.);
#13791 = DIRECTION('',(0.,0.,1.));
#13792 = ORIENTED_EDGE('',*,*,#12805,.F.);
#13793 = ORIENTED_EDGE('',*,*,#13787,.F.);
#13794 = CYLINDRICAL_SURFACE('',#13795,0.51);
#13795 = AXIS2_PLACEMENT_3D('',#13796,#13797,#13798);
#13796 = CARTESIAN_POINT('',(163.75,-80.42,-4.6E-02));
#13797 = DIRECTION('',(-0.,-0.,-1.));
#13798 = DIRECTION('',(-0.,-1.,0.));
#13799 = ADVANCED_FACE('',(#13800),#13811,.F.);
#13800 = FACE_BOUND('',#13801,.T.);
#13801 = EDGE_LOOP('',(#13802,#13803,#13809,#13810));
#13802 = ORIENTED_EDGE('',*,*,#12000,.T.);
#13803 = ORIENTED_EDGE('',*,*,#13804,.T.);
#13804 = EDGE_CURVE('',#12001,#12817,#13805,.T.);
#13805 = LINE('',#13806,#13807);
#13806 = CARTESIAN_POINT('',(163.75,-78.39,-4.6E-02));
#13807 = VECTOR('',#13808,1.);
#13808 = DIRECTION('',(0.,0.,1.));
#13809 = ORIENTED_EDGE('',*,*,#12816,.F.);
#13810 = ORIENTED_EDGE('',*,*,#13804,.F.);
#13811 = CYLINDRICAL_SURFACE('',#13812,0.51);
#13812 = AXIS2_PLACEMENT_3D('',#13813,#13814,#13815);
#13813 = CARTESIAN_POINT('',(163.75,-77.88,-4.6E-02));
#13814 = DIRECTION('',(-0.,-0.,-1.));
#13815 = DIRECTION('',(-0.,-1.,0.));
#13816 = ADVANCED_FACE('',(#13817),#13828,.F.);
#13817 = FACE_BOUND('',#13818,.T.);
#13818 = EDGE_LOOP('',(#13819,#13820,#13826,#13827));
#13819 = ORIENTED_EDGE('',*,*,#12011,.T.);
#13820 = ORIENTED_EDGE('',*,*,#13821,.T.);
#13821 = EDGE_CURVE('',#12012,#12828,#13822,.T.);
#13822 = LINE('',#13823,#13824);
#13823 = CARTESIAN_POINT('',(175.3,-117.081,-4.6E-02));
#13824 = VECTOR('',#13825,1.);
#13825 = DIRECTION('',(0.,0.,1.));
#13826 = ORIENTED_EDGE('',*,*,#12827,.F.);
#13827 = ORIENTED_EDGE('',*,*,#13821,.F.);
#13828 = CYLINDRICAL_SURFACE('',#13829,0.381);
#13829 = AXIS2_PLACEMENT_3D('',#13830,#13831,#13832);
#13830 = CARTESIAN_POINT('',(175.3,-116.7,-4.6E-02));
#13831 = DIRECTION('',(-0.,-0.,-1.));
#13832 = DIRECTION('',(-0.,-1.,0.));
#13833 = ADVANCED_FACE('',(#13834),#13845,.F.);
#13834 = FACE_BOUND('',#13835,.T.);
#13835 = EDGE_LOOP('',(#13836,#13837,#13843,#13844));
#13836 = ORIENTED_EDGE('',*,*,#12022,.T.);
#13837 = ORIENTED_EDGE('',*,*,#13838,.T.);
#13838 = EDGE_CURVE('',#12023,#12839,#13839,.T.);
#13839 = LINE('',#13840,#13841);
#13840 = CARTESIAN_POINT('',(178.99,-108.87,-4.6E-02));
#13841 = VECTOR('',#13842,1.);
#13842 = DIRECTION('',(0.,0.,1.));
#13843 = ORIENTED_EDGE('',*,*,#12838,.F.);
#13844 = ORIENTED_EDGE('',*,*,#13838,.F.);
#13845 = CYLINDRICAL_SURFACE('',#13846,0.51);
#13846 = AXIS2_PLACEMENT_3D('',#13847,#13848,#13849);
#13847 = CARTESIAN_POINT('',(178.99,-108.36,-4.6E-02));
#13848 = DIRECTION('',(-0.,-0.,-1.));
#13849 = DIRECTION('',(-0.,-1.,0.));
#13850 = ADVANCED_FACE('',(#13851),#13862,.F.);
#13851 = FACE_BOUND('',#13852,.T.);
#13852 = EDGE_LOOP('',(#13853,#13854,#13860,#13861));
#13853 = ORIENTED_EDGE('',*,*,#12033,.T.);
#13854 = ORIENTED_EDGE('',*,*,#13855,.T.);
#13855 = EDGE_CURVE('',#12034,#12850,#13856,.T.);
#13856 = LINE('',#13857,#13858);
#13857 = CARTESIAN_POINT('',(178.99,-106.33,-4.6E-02));
#13858 = VECTOR('',#13859,1.);
#13859 = DIRECTION('',(0.,0.,1.));
#13860 = ORIENTED_EDGE('',*,*,#12849,.F.);
#13861 = ORIENTED_EDGE('',*,*,#13855,.F.);
#13862 = CYLINDRICAL_SURFACE('',#13863,0.51);
#13863 = AXIS2_PLACEMENT_3D('',#13864,#13865,#13866);
#13864 = CARTESIAN_POINT('',(178.99,-105.82,-4.6E-02));
#13865 = DIRECTION('',(-0.,-0.,-1.));
#13866 = DIRECTION('',(-0.,-1.,0.));
#13867 = ADVANCED_FACE('',(#13868),#13879,.F.);
#13868 = FACE_BOUND('',#13869,.T.);
#13869 = EDGE_LOOP('',(#13870,#13871,#13877,#13878));
#13870 = ORIENTED_EDGE('',*,*,#12044,.T.);
#13871 = ORIENTED_EDGE('',*,*,#13872,.T.);
#13872 = EDGE_CURVE('',#12045,#12861,#13873,.T.);
#13873 = LINE('',#13874,#13875);
#13874 = CARTESIAN_POINT('',(178.99,-103.79,-4.6E-02));
#13875 = VECTOR('',#13876,1.);
#13876 = DIRECTION('',(0.,0.,1.));
#13877 = ORIENTED_EDGE('',*,*,#12860,.F.);
#13878 = ORIENTED_EDGE('',*,*,#13872,.F.);
#13879 = CYLINDRICAL_SURFACE('',#13880,0.51);
#13880 = AXIS2_PLACEMENT_3D('',#13881,#13882,#13883);
#13881 = CARTESIAN_POINT('',(178.99,-103.28,-4.6E-02));
#13882 = DIRECTION('',(-0.,-0.,-1.));
#13883 = DIRECTION('',(-0.,-1.,0.));
#13884 = ADVANCED_FACE('',(#13885),#13896,.F.);
#13885 = FACE_BOUND('',#13886,.T.);
#13886 = EDGE_LOOP('',(#13887,#13888,#13894,#13895));
#13887 = ORIENTED_EDGE('',*,*,#12055,.T.);
#13888 = ORIENTED_EDGE('',*,*,#13889,.T.);
#13889 = EDGE_CURVE('',#12056,#12872,#13890,.T.);
#13890 = LINE('',#13891,#13892);
#13891 = CARTESIAN_POINT('',(178.99,-101.25,-4.6E-02));
#13892 = VECTOR('',#13893,1.);
#13893 = DIRECTION('',(0.,0.,1.));
#13894 = ORIENTED_EDGE('',*,*,#12871,.F.);
#13895 = ORIENTED_EDGE('',*,*,#13889,.F.);
#13896 = CYLINDRICAL_SURFACE('',#13897,0.51);
#13897 = AXIS2_PLACEMENT_3D('',#13898,#13899,#13900);
#13898 = CARTESIAN_POINT('',(178.99,-100.74,-4.6E-02));
#13899 = DIRECTION('',(-0.,-0.,-1.));
#13900 = DIRECTION('',(-0.,-1.,0.));
#13901 = ADVANCED_FACE('',(#13902),#13913,.F.);
#13902 = FACE_BOUND('',#13903,.T.);
#13903 = EDGE_LOOP('',(#13904,#13905,#13911,#13912));
#13904 = ORIENTED_EDGE('',*,*,#12066,.T.);
#13905 = ORIENTED_EDGE('',*,*,#13906,.T.);
#13906 = EDGE_CURVE('',#12067,#12883,#13907,.T.);
#13907 = LINE('',#13908,#13909);
#13908 = CARTESIAN_POINT('',(178.99,-98.71,-4.6E-02));
#13909 = VECTOR('',#13910,1.);
#13910 = DIRECTION('',(0.,0.,1.));
#13911 = ORIENTED_EDGE('',*,*,#12882,.F.);
#13912 = ORIENTED_EDGE('',*,*,#13906,.F.);
#13913 = CYLINDRICAL_SURFACE('',#13914,0.51);
#13914 = AXIS2_PLACEMENT_3D('',#13915,#13916,#13917);
#13915 = CARTESIAN_POINT('',(178.99,-98.2,-4.6E-02));
#13916 = DIRECTION('',(-0.,-0.,-1.));
#13917 = DIRECTION('',(-0.,-1.,0.));
#13918 = ADVANCED_FACE('',(#13919),#13930,.F.);
#13919 = FACE_BOUND('',#13920,.T.);
#13920 = EDGE_LOOP('',(#13921,#13922,#13928,#13929));
#13921 = ORIENTED_EDGE('',*,*,#12077,.T.);
#13922 = ORIENTED_EDGE('',*,*,#13923,.T.);
#13923 = EDGE_CURVE('',#12078,#12894,#13924,.T.);
#13924 = LINE('',#13925,#13926);
#13925 = CARTESIAN_POINT('',(178.99,-96.17,-4.6E-02));
#13926 = VECTOR('',#13927,1.);
#13927 = DIRECTION('',(0.,0.,1.));
#13928 = ORIENTED_EDGE('',*,*,#12893,.F.);
#13929 = ORIENTED_EDGE('',*,*,#13923,.F.);
#13930 = CYLINDRICAL_SURFACE('',#13931,0.51);
#13931 = AXIS2_PLACEMENT_3D('',#13932,#13933,#13934);
#13932 = CARTESIAN_POINT('',(178.99,-95.66,-4.6E-02));
#13933 = DIRECTION('',(-0.,-0.,-1.));
#13934 = DIRECTION('',(-0.,-1.,0.));
#13935 = ADVANCED_FACE('',(#13936),#13947,.F.);
#13936 = FACE_BOUND('',#13937,.T.);
#13937 = EDGE_LOOP('',(#13938,#13939,#13945,#13946));
#13938 = ORIENTED_EDGE('',*,*,#12088,.T.);
#13939 = ORIENTED_EDGE('',*,*,#13940,.T.);
#13940 = EDGE_CURVE('',#12089,#12905,#13941,.T.);
#13941 = LINE('',#13942,#13943);
#13942 = CARTESIAN_POINT('',(178.99,-93.63,-4.6E-02));
#13943 = VECTOR('',#13944,1.);
#13944 = DIRECTION('',(0.,0.,1.));
#13945 = ORIENTED_EDGE('',*,*,#12904,.F.);
#13946 = ORIENTED_EDGE('',*,*,#13940,.F.);
#13947 = CYLINDRICAL_SURFACE('',#13948,0.51);
#13948 = AXIS2_PLACEMENT_3D('',#13949,#13950,#13951);
#13949 = CARTESIAN_POINT('',(178.99,-93.12,-4.6E-02));
#13950 = DIRECTION('',(-0.,-0.,-1.));
#13951 = DIRECTION('',(-0.,-1.,0.));
#13952 = ADVANCED_FACE('',(#13953),#13964,.F.);
#13953 = FACE_BOUND('',#13954,.T.);
#13954 = EDGE_LOOP('',(#13955,#13956,#13962,#13963));
#13955 = ORIENTED_EDGE('',*,*,#12099,.T.);
#13956 = ORIENTED_EDGE('',*,*,#13957,.T.);
#13957 = EDGE_CURVE('',#12100,#12916,#13958,.T.);
#13958 = LINE('',#13959,#13960);
#13959 = CARTESIAN_POINT('',(178.99,-91.09,-4.6E-02));
#13960 = VECTOR('',#13961,1.);
#13961 = DIRECTION('',(0.,0.,1.));
#13962 = ORIENTED_EDGE('',*,*,#12915,.F.);
#13963 = ORIENTED_EDGE('',*,*,#13957,.F.);
#13964 = CYLINDRICAL_SURFACE('',#13965,0.51);
#13965 = AXIS2_PLACEMENT_3D('',#13966,#13967,#13968);
#13966 = CARTESIAN_POINT('',(178.99,-90.58,-4.6E-02));
#13967 = DIRECTION('',(-0.,-0.,-1.));
#13968 = DIRECTION('',(-0.,-1.,0.));
#13969 = ADVANCED_FACE('',(#13970),#13981,.F.);
#13970 = FACE_BOUND('',#13971,.T.);
#13971 = EDGE_LOOP('',(#13972,#13973,#13979,#13980));
#13972 = ORIENTED_EDGE('',*,*,#12110,.T.);
#13973 = ORIENTED_EDGE('',*,*,#13974,.T.);
#13974 = EDGE_CURVE('',#12111,#12927,#13975,.T.);
#13975 = LINE('',#13976,#13977);
#13976 = CARTESIAN_POINT('',(178.99,-88.55,-4.6E-02));
#13977 = VECTOR('',#13978,1.);
#13978 = DIRECTION('',(0.,0.,1.));
#13979 = ORIENTED_EDGE('',*,*,#12926,.F.);
#13980 = ORIENTED_EDGE('',*,*,#13974,.F.);
#13981 = CYLINDRICAL_SURFACE('',#13982,0.51);
#13982 = AXIS2_PLACEMENT_3D('',#13983,#13984,#13985);
#13983 = CARTESIAN_POINT('',(178.99,-88.04,-4.6E-02));
#13984 = DIRECTION('',(-0.,-0.,-1.));
#13985 = DIRECTION('',(-0.,-1.,0.));
#13986 = ADVANCED_FACE('',(#13987),#13998,.F.);
#13987 = FACE_BOUND('',#13988,.T.);
#13988 = EDGE_LOOP('',(#13989,#13990,#13996,#13997));
#13989 = ORIENTED_EDGE('',*,*,#12121,.T.);
#13990 = ORIENTED_EDGE('',*,*,#13991,.T.);
#13991 = EDGE_CURVE('',#12122,#12938,#13992,.T.);
#13992 = LINE('',#13993,#13994);
#13993 = CARTESIAN_POINT('',(178.99,-86.01,-4.6E-02));
#13994 = VECTOR('',#13995,1.);
#13995 = DIRECTION('',(0.,0.,1.));
#13996 = ORIENTED_EDGE('',*,*,#12937,.F.);
#13997 = ORIENTED_EDGE('',*,*,#13991,.F.);
#13998 = CYLINDRICAL_SURFACE('',#13999,0.51);
#13999 = AXIS2_PLACEMENT_3D('',#14000,#14001,#14002);
#14000 = CARTESIAN_POINT('',(178.99,-85.5,-4.6E-02));
#14001 = DIRECTION('',(-0.,-0.,-1.));
#14002 = DIRECTION('',(-0.,-1.,0.));
#14003 = ADVANCED_FACE('',(#14004),#14015,.F.);
#14004 = FACE_BOUND('',#14005,.T.);
#14005 = EDGE_LOOP('',(#14006,#14007,#14013,#14014));
#14006 = ORIENTED_EDGE('',*,*,#12132,.T.);
#14007 = ORIENTED_EDGE('',*,*,#14008,.T.);
#14008 = EDGE_CURVE('',#12133,#12949,#14009,.T.);
#14009 = LINE('',#14010,#14011);
#14010 = CARTESIAN_POINT('',(178.99,-83.47,-4.6E-02));
#14011 = VECTOR('',#14012,1.);
#14012 = DIRECTION('',(0.,0.,1.));
#14013 = ORIENTED_EDGE('',*,*,#12948,.F.);
#14014 = ORIENTED_EDGE('',*,*,#14008,.F.);
#14015 = CYLINDRICAL_SURFACE('',#14016,0.51);
#14016 = AXIS2_PLACEMENT_3D('',#14017,#14018,#14019);
#14017 = CARTESIAN_POINT('',(178.99,-82.96,-4.6E-02));
#14018 = DIRECTION('',(-0.,-0.,-1.));
#14019 = DIRECTION('',(-0.,-1.,0.));
#14020 = ADVANCED_FACE('',(#14021),#14032,.F.);
#14021 = FACE_BOUND('',#14022,.T.);
#14022 = EDGE_LOOP('',(#14023,#14024,#14030,#14031));
#14023 = ORIENTED_EDGE('',*,*,#12143,.T.);
#14024 = ORIENTED_EDGE('',*,*,#14025,.T.);
#14025 = EDGE_CURVE('',#12144,#12960,#14026,.T.);
#14026 = LINE('',#14027,#14028);
#14027 = CARTESIAN_POINT('',(178.99,-80.93,-4.6E-02));
#14028 = VECTOR('',#14029,1.);
#14029 = DIRECTION('',(0.,0.,1.));
#14030 = ORIENTED_EDGE('',*,*,#12959,.F.);
#14031 = ORIENTED_EDGE('',*,*,#14025,.F.);
#14032 = CYLINDRICAL_SURFACE('',#14033,0.51);
#14033 = AXIS2_PLACEMENT_3D('',#14034,#14035,#14036);
#14034 = CARTESIAN_POINT('',(178.99,-80.42,-4.6E-02));
#14035 = DIRECTION('',(-0.,-0.,-1.));
#14036 = DIRECTION('',(-0.,-1.,0.));
#14037 = ADVANCED_FACE('',(#14038),#14049,.F.);
#14038 = FACE_BOUND('',#14039,.T.);
#14039 = EDGE_LOOP('',(#14040,#14041,#14047,#14048));
#14040 = ORIENTED_EDGE('',*,*,#12154,.T.);
#14041 = ORIENTED_EDGE('',*,*,#14042,.T.);
#14042 = EDGE_CURVE('',#12155,#12971,#14043,.T.);
#14043 = LINE('',#14044,#14045);
#14044 = CARTESIAN_POINT('',(178.99,-78.39,-4.6E-02));
#14045 = VECTOR('',#14046,1.);
#14046 = DIRECTION('',(0.,0.,1.));
#14047 = ORIENTED_EDGE('',*,*,#12970,.F.);
#14048 = ORIENTED_EDGE('',*,*,#14042,.F.);
#14049 = CYLINDRICAL_SURFACE('',#14050,0.51);
#14050 = AXIS2_PLACEMENT_3D('',#14051,#14052,#14053);
#14051 = CARTESIAN_POINT('',(178.99,-77.88,-4.6E-02));
#14052 = DIRECTION('',(-0.,-0.,-1.));
#14053 = DIRECTION('',(-0.,-1.,0.));
#14054 = ADVANCED_FACE('',(#14055),#14066,.F.);
#14055 = FACE_BOUND('',#14056,.T.);
#14056 = EDGE_LOOP('',(#14057,#14058,#14064,#14065));
#14057 = ORIENTED_EDGE('',*,*,#12165,.T.);
#14058 = ORIENTED_EDGE('',*,*,#14059,.T.);
#14059 = EDGE_CURVE('',#12166,#12982,#14060,.T.);
#14060 = LINE('',#14061,#14062);
#14061 = CARTESIAN_POINT('',(157.,-73.05,-4.6E-02));
#14062 = VECTOR('',#14063,1.);
#14063 = DIRECTION('',(0.,0.,1.));
#14064 = ORIENTED_EDGE('',*,*,#12981,.F.);
#14065 = ORIENTED_EDGE('',*,*,#14059,.F.);
#14066 = CYLINDRICAL_SURFACE('',#14067,1.6);
#14067 = AXIS2_PLACEMENT_3D('',#14068,#14069,#14070);
#14068 = CARTESIAN_POINT('',(157.,-71.45,-4.6E-02));
#14069 = DIRECTION('',(-0.,-0.,-1.));
#14070 = DIRECTION('',(-0.,-1.,0.));
#14071 = ADVANCED_FACE('',(#14072),#14083,.F.);
#14072 = FACE_BOUND('',#14073,.T.);
#14073 = EDGE_LOOP('',(#14074,#14075,#14081,#14082));
#14074 = ORIENTED_EDGE('',*,*,#12176,.T.);
#14075 = ORIENTED_EDGE('',*,*,#14076,.T.);
#14076 = EDGE_CURVE('',#12177,#12993,#14077,.T.);
#14077 = LINE('',#14078,#14079);
#14078 = CARTESIAN_POINT('',(163.75,-75.85,-4.6E-02));
#14079 = VECTOR('',#14080,1.);
#14080 = DIRECTION('',(0.,0.,1.));
#14081 = ORIENTED_EDGE('',*,*,#12992,.F.);
#14082 = ORIENTED_EDGE('',*,*,#14076,.F.);
#14083 = CYLINDRICAL_SURFACE('',#14084,0.51);
#14084 = AXIS2_PLACEMENT_3D('',#14085,#14086,#14087);
#14085 = CARTESIAN_POINT('',(163.75,-75.34,-4.6E-02));
#14086 = DIRECTION('',(-0.,-0.,-1.));
#14087 = DIRECTION('',(-0.,-1.,0.));
#14088 = ADVANCED_FACE('',(#14089),#14100,.F.);
#14089 = FACE_BOUND('',#14090,.T.);
#14090 = EDGE_LOOP('',(#14091,#14092,#14098,#14099));
#14091 = ORIENTED_EDGE('',*,*,#12187,.T.);
#14092 = ORIENTED_EDGE('',*,*,#14093,.T.);
#14093 = EDGE_CURVE('',#12188,#13004,#14094,.T.);
#14094 = LINE('',#14095,#14096);
#14095 = CARTESIAN_POINT('',(163.75,-73.31,-4.6E-02));
#14096 = VECTOR('',#14097,1.);
#14097 = DIRECTION('',(0.,0.,1.));
#14098 = ORIENTED_EDGE('',*,*,#13003,.F.);
#14099 = ORIENTED_EDGE('',*,*,#14093,.F.);
#14100 = CYLINDRICAL_SURFACE('',#14101,0.51);
#14101 = AXIS2_PLACEMENT_3D('',#14102,#14103,#14104);
#14102 = CARTESIAN_POINT('',(163.75,-72.8,-4.6E-02));
#14103 = DIRECTION('',(-0.,-0.,-1.));
#14104 = DIRECTION('',(-0.,-1.,0.));
#14105 = ADVANCED_FACE('',(#14106),#14117,.F.);
#14106 = FACE_BOUND('',#14107,.T.);
#14107 = EDGE_LOOP('',(#14108,#14109,#14115,#14116));
#14108 = ORIENTED_EDGE('',*,*,#12198,.T.);
#14109 = ORIENTED_EDGE('',*,*,#14110,.T.);
#14110 = EDGE_CURVE('',#12199,#13015,#14111,.T.);
#14111 = LINE('',#14112,#14113);
#14112 = CARTESIAN_POINT('',(163.75,-70.77,-4.6E-02));
#14113 = VECTOR('',#14114,1.);
#14114 = DIRECTION('',(0.,0.,1.));
#14115 = ORIENTED_EDGE('',*,*,#13014,.F.);
#14116 = ORIENTED_EDGE('',*,*,#14110,.F.);
#14117 = CYLINDRICAL_SURFACE('',#14118,0.51);
#14118 = AXIS2_PLACEMENT_3D('',#14119,#14120,#14121);
#14119 = CARTESIAN_POINT('',(163.75,-70.26,-4.6E-02));
#14120 = DIRECTION('',(-0.,-0.,-1.));
#14121 = DIRECTION('',(-0.,-1.,0.));
#14122 = ADVANCED_FACE('',(#14123),#14134,.F.);
#14123 = FACE_BOUND('',#14124,.T.);
#14124 = EDGE_LOOP('',(#14125,#14126,#14132,#14133));
#14125 = ORIENTED_EDGE('',*,*,#12209,.T.);
#14126 = ORIENTED_EDGE('',*,*,#14127,.T.);
#14127 = EDGE_CURVE('',#12210,#13026,#14128,.T.);
#14128 = LINE('',#14129,#14130);
#14129 = CARTESIAN_POINT('',(163.75,-68.23,-4.6E-02));
#14130 = VECTOR('',#14131,1.);
#14131 = DIRECTION('',(0.,0.,1.));
#14132 = ORIENTED_EDGE('',*,*,#13025,.F.);
#14133 = ORIENTED_EDGE('',*,*,#14127,.F.);
#14134 = CYLINDRICAL_SURFACE('',#14135,0.51);
#14135 = AXIS2_PLACEMENT_3D('',#14136,#14137,#14138);
#14136 = CARTESIAN_POINT('',(163.75,-67.72,-4.6E-02));
#14137 = DIRECTION('',(-0.,-0.,-1.));
#14138 = DIRECTION('',(-0.,-1.,0.));
#14139 = ADVANCED_FACE('',(#14140),#14151,.F.);
#14140 = FACE_BOUND('',#14141,.T.);
#14141 = EDGE_LOOP('',(#14142,#14143,#14149,#14150));
#14142 = ORIENTED_EDGE('',*,*,#12220,.T.);
#14143 = ORIENTED_EDGE('',*,*,#14144,.T.);
#14144 = EDGE_CURVE('',#12221,#13037,#14145,.T.);
#14145 = LINE('',#14146,#14147);
#14146 = CARTESIAN_POINT('',(156.,-62.95,-4.6E-02));
#14147 = VECTOR('',#14148,1.);
#14148 = DIRECTION('',(0.,0.,1.));
#14149 = ORIENTED_EDGE('',*,*,#13036,.F.);
#14150 = ORIENTED_EDGE('',*,*,#14144,.F.);
#14151 = CYLINDRICAL_SURFACE('',#14152,0.5);
#14152 = AXIS2_PLACEMENT_3D('',#14153,#14154,#14155);
#14153 = CARTESIAN_POINT('',(156.,-62.45,-4.6E-02));
#14154 = DIRECTION('',(-0.,-0.,-1.));
#14155 = DIRECTION('',(-0.,-1.,0.));
#14156 = ADVANCED_FACE('',(#14157),#14168,.F.);
#14157 = FACE_BOUND('',#14158,.T.);
#14158 = EDGE_LOOP('',(#14159,#14160,#14166,#14167));
#14159 = ORIENTED_EDGE('',*,*,#12231,.T.);
#14160 = ORIENTED_EDGE('',*,*,#14161,.T.);
#14161 = EDGE_CURVE('',#12232,#13048,#14162,.T.);
#14162 = LINE('',#14163,#14164);
#14163 = CARTESIAN_POINT('',(156.,-60.45,-4.6E-02));
#14164 = VECTOR('',#14165,1.);
#14165 = DIRECTION('',(0.,0.,1.));
#14166 = ORIENTED_EDGE('',*,*,#13047,.F.);
#14167 = ORIENTED_EDGE('',*,*,#14161,.F.);
#14168 = CYLINDRICAL_SURFACE('',#14169,0.5);
#14169 = AXIS2_PLACEMENT_3D('',#14170,#14171,#14172);
#14170 = CARTESIAN_POINT('',(156.,-59.95,-4.6E-02));
#14171 = DIRECTION('',(-0.,-0.,-1.));
#14172 = DIRECTION('',(-0.,-1.,0.));
#14173 = ADVANCED_FACE('',(#14174),#14185,.F.);
#14174 = FACE_BOUND('',#14175,.T.);
#14175 = EDGE_LOOP('',(#14176,#14177,#14183,#14184));
#14176 = ORIENTED_EDGE('',*,*,#12242,.T.);
#14177 = ORIENTED_EDGE('',*,*,#14178,.T.);
#14178 = EDGE_CURVE('',#12243,#13059,#14179,.T.);
#14179 = LINE('',#14180,#14181);
#14180 = CARTESIAN_POINT('',(163.75,-65.69,-4.6E-02));
#14181 = VECTOR('',#14182,1.);
#14182 = DIRECTION('',(0.,0.,1.));
#14183 = ORIENTED_EDGE('',*,*,#13058,.F.);
#14184 = ORIENTED_EDGE('',*,*,#14178,.F.);
#14185 = CYLINDRICAL_SURFACE('',#14186,0.51);
#14186 = AXIS2_PLACEMENT_3D('',#14187,#14188,#14189);
#14187 = CARTESIAN_POINT('',(163.75,-65.18,-4.6E-02));
#14188 = DIRECTION('',(-0.,-0.,-1.));
#14189 = DIRECTION('',(-0.,-1.,0.));
#14190 = ADVANCED_FACE('',(#14191),#14202,.F.);
#14191 = FACE_BOUND('',#14192,.T.);
#14192 = EDGE_LOOP('',(#14193,#14194,#14200,#14201));
#14193 = ORIENTED_EDGE('',*,*,#12253,.T.);
#14194 = ORIENTED_EDGE('',*,*,#14195,.T.);
#14195 = EDGE_CURVE('',#12254,#13070,#14196,.T.);
#14196 = LINE('',#14197,#14198);
#14197 = CARTESIAN_POINT('',(163.75,-63.15,-4.6E-02));
#14198 = VECTOR('',#14199,1.);
#14199 = DIRECTION('',(0.,0.,1.));
#14200 = ORIENTED_EDGE('',*,*,#13069,.F.);
#14201 = ORIENTED_EDGE('',*,*,#14195,.F.);
#14202 = CYLINDRICAL_SURFACE('',#14203,0.51);
#14203 = AXIS2_PLACEMENT_3D('',#14204,#14205,#14206);
#14204 = CARTESIAN_POINT('',(163.75,-62.64,-4.6E-02));
#14205 = DIRECTION('',(-0.,-0.,-1.));
#14206 = DIRECTION('',(-0.,-1.,0.));
#14207 = ADVANCED_FACE('',(#14208),#14219,.F.);
#14208 = FACE_BOUND('',#14209,.T.);
#14209 = EDGE_LOOP('',(#14210,#14211,#14217,#14218));
#14210 = ORIENTED_EDGE('',*,*,#12264,.T.);
#14211 = ORIENTED_EDGE('',*,*,#14212,.T.);
#14212 = EDGE_CURVE('',#12265,#13081,#14213,.T.);
#14213 = LINE('',#14214,#14215);
#14214 = CARTESIAN_POINT('',(163.75,-60.61,-4.6E-02));
#14215 = VECTOR('',#14216,1.);
#14216 = DIRECTION('',(0.,0.,1.));
#14217 = ORIENTED_EDGE('',*,*,#13080,.F.);
#14218 = ORIENTED_EDGE('',*,*,#14212,.F.);
#14219 = CYLINDRICAL_SURFACE('',#14220,0.51);
#14220 = AXIS2_PLACEMENT_3D('',#14221,#14222,#14223);
#14221 = CARTESIAN_POINT('',(163.75,-60.1,-4.6E-02));
#14222 = DIRECTION('',(-0.,-0.,-1.));
#14223 = DIRECTION('',(-0.,-1.,0.));
#14224 = ADVANCED_FACE('',(#14225),#14236,.F.);
#14225 = FACE_BOUND('',#14226,.T.);
#14226 = EDGE_LOOP('',(#14227,#14228,#14234,#14235));
#14227 = ORIENTED_EDGE('',*,*,#12275,.T.);
#14228 = ORIENTED_EDGE('',*,*,#14229,.T.);
#14229 = EDGE_CURVE('',#12276,#13092,#14230,.T.);
#14230 = LINE('',#14231,#14232);
#14231 = CARTESIAN_POINT('',(163.75,-58.07,-4.6E-02));
#14232 = VECTOR('',#14233,1.);
#14233 = DIRECTION('',(0.,0.,1.));
#14234 = ORIENTED_EDGE('',*,*,#13091,.F.);
#14235 = ORIENTED_EDGE('',*,*,#14229,.F.);
#14236 = CYLINDRICAL_SURFACE('',#14237,0.51);
#14237 = AXIS2_PLACEMENT_3D('',#14238,#14239,#14240);
#14238 = CARTESIAN_POINT('',(163.75,-57.56,-4.6E-02));
#14239 = DIRECTION('',(-0.,-0.,-1.));
#14240 = DIRECTION('',(-0.,-1.,0.));
#14241 = ADVANCED_FACE('',(#14242),#14253,.F.);
#14242 = FACE_BOUND('',#14243,.T.);
#14243 = EDGE_LOOP('',(#14244,#14245,#14251,#14252));
#14244 = ORIENTED_EDGE('',*,*,#12286,.T.);
#14245 = ORIENTED_EDGE('',*,*,#14246,.T.);
#14246 = EDGE_CURVE('',#12287,#13103,#14247,.T.);
#14247 = LINE('',#14248,#14249);
#14248 = CARTESIAN_POINT('',(156.,-53.5,-4.6E-02));
#14249 = VECTOR('',#14250,1.);
#14250 = DIRECTION('',(0.,0.,1.));
#14251 = ORIENTED_EDGE('',*,*,#13102,.F.);
#14252 = ORIENTED_EDGE('',*,*,#14246,.F.);
#14253 = CYLINDRICAL_SURFACE('',#14254,0.5);
#14254 = AXIS2_PLACEMENT_3D('',#14255,#14256,#14257);
#14255 = CARTESIAN_POINT('',(156.,-53.,-4.6E-02));
#14256 = DIRECTION('',(-0.,-0.,-1.));
#14257 = DIRECTION('',(-0.,-1.,0.));
#14258 = ADVANCED_FACE('',(#14259),#14270,.F.);
#14259 = FACE_BOUND('',#14260,.T.);
#14260 = EDGE_LOOP('',(#14261,#14262,#14268,#14269));
#14261 = ORIENTED_EDGE('',*,*,#12297,.T.);
#14262 = ORIENTED_EDGE('',*,*,#14263,.T.);
#14263 = EDGE_CURVE('',#12298,#13114,#14264,.T.);
#14264 = LINE('',#14265,#14266);
#14265 = CARTESIAN_POINT('',(156.,-51.,-4.6E-02));
#14266 = VECTOR('',#14267,1.);
#14267 = DIRECTION('',(0.,0.,1.));
#14268 = ORIENTED_EDGE('',*,*,#13113,.F.);
#14269 = ORIENTED_EDGE('',*,*,#14263,.F.);
#14270 = CYLINDRICAL_SURFACE('',#14271,0.5);
#14271 = AXIS2_PLACEMENT_3D('',#14272,#14273,#14274);
#14272 = CARTESIAN_POINT('',(156.,-50.5,-4.6E-02));
#14273 = DIRECTION('',(-0.,-0.,-1.));
#14274 = DIRECTION('',(-0.,-1.,0.));
#14275 = ADVANCED_FACE('',(#14276),#14287,.F.);
#14276 = FACE_BOUND('',#14277,.T.);
#14277 = EDGE_LOOP('',(#14278,#14279,#14285,#14286));
#14278 = ORIENTED_EDGE('',*,*,#12308,.T.);
#14279 = ORIENTED_EDGE('',*,*,#14280,.T.);
#14280 = EDGE_CURVE('',#12309,#13125,#14281,.T.);
#14281 = LINE('',#14282,#14283);
#14282 = CARTESIAN_POINT('',(163.75,-55.53,-4.6E-02));
#14283 = VECTOR('',#14284,1.);
#14284 = DIRECTION('',(0.,0.,1.));
#14285 = ORIENTED_EDGE('',*,*,#13124,.F.);
#14286 = ORIENTED_EDGE('',*,*,#14280,.F.);
#14287 = CYLINDRICAL_SURFACE('',#14288,0.51);
#14288 = AXIS2_PLACEMENT_3D('',#14289,#14290,#14291);
#14289 = CARTESIAN_POINT('',(163.75,-55.02,-4.6E-02));
#14290 = DIRECTION('',(-0.,-0.,-1.));
#14291 = DIRECTION('',(-0.,-1.,0.));
#14292 = ADVANCED_FACE('',(#14293),#14304,.F.);
#14293 = FACE_BOUND('',#14294,.T.);
#14294 = EDGE_LOOP('',(#14295,#14296,#14302,#14303));
#14295 = ORIENTED_EDGE('',*,*,#12319,.T.);
#14296 = ORIENTED_EDGE('',*,*,#14297,.T.);
#14297 = EDGE_CURVE('',#12320,#13136,#14298,.T.);
#14298 = LINE('',#14299,#14300);
#14299 = CARTESIAN_POINT('',(163.75,-52.99,-4.6E-02));
#14300 = VECTOR('',#14301,1.);
#14301 = DIRECTION('',(0.,0.,1.));
#14302 = ORIENTED_EDGE('',*,*,#13135,.F.);
#14303 = ORIENTED_EDGE('',*,*,#14297,.F.);
#14304 = CYLINDRICAL_SURFACE('',#14305,0.51);
#14305 = AXIS2_PLACEMENT_3D('',#14306,#14307,#14308);
#14306 = CARTESIAN_POINT('',(163.75,-52.48,-4.6E-02));
#14307 = DIRECTION('',(-0.,-0.,-1.));
#14308 = DIRECTION('',(-0.,-1.,0.));
#14309 = ADVANCED_FACE('',(#14310),#14321,.F.);
#14310 = FACE_BOUND('',#14311,.T.);
#14311 = EDGE_LOOP('',(#14312,#14313,#14319,#14320));
#14312 = ORIENTED_EDGE('',*,*,#12330,.T.);
#14313 = ORIENTED_EDGE('',*,*,#14314,.T.);
#14314 = EDGE_CURVE('',#12331,#13147,#14315,.T.);
#14315 = LINE('',#14316,#14317);
#14316 = CARTESIAN_POINT('',(163.75,-50.45,-4.6E-02));
#14317 = VECTOR('',#14318,1.);
#14318 = DIRECTION('',(0.,0.,1.));
#14319 = ORIENTED_EDGE('',*,*,#13146,.F.);
#14320 = ORIENTED_EDGE('',*,*,#14314,.F.);
#14321 = CYLINDRICAL_SURFACE('',#14322,0.51);
#14322 = AXIS2_PLACEMENT_3D('',#14323,#14324,#14325);
#14323 = CARTESIAN_POINT('',(163.75,-49.94,-4.6E-02));
#14324 = DIRECTION('',(-0.,-0.,-1.));
#14325 = DIRECTION('',(-0.,-1.,0.));
#14326 = ADVANCED_FACE('',(#14327),#14338,.F.);
#14327 = FACE_BOUND('',#14328,.T.);
#14328 = EDGE_LOOP('',(#14329,#14330,#14336,#14337));
#14329 = ORIENTED_EDGE('',*,*,#12341,.T.);
#14330 = ORIENTED_EDGE('',*,*,#14331,.T.);
#14331 = EDGE_CURVE('',#12342,#13158,#14332,.T.);
#14332 = LINE('',#14333,#14334);
#14333 = CARTESIAN_POINT('',(159.75,-42.075,-4.6E-02));
#14334 = VECTOR('',#14335,1.);
#14335 = DIRECTION('',(0.,0.,1.));
#14336 = ORIENTED_EDGE('',*,*,#13157,.F.);
#14337 = ORIENTED_EDGE('',*,*,#14331,.F.);
#14338 = CYLINDRICAL_SURFACE('',#14339,0.475);
#14339 = AXIS2_PLACEMENT_3D('',#14340,#14341,#14342);
#14340 = CARTESIAN_POINT('',(159.75,-41.6,-4.6E-02));
#14341 = DIRECTION('',(-0.,-0.,-1.));
#14342 = DIRECTION('',(-0.,-1.,0.));
#14343 = ADVANCED_FACE('',(#14344),#14355,.F.);
#14344 = FACE_BOUND('',#14345,.T.);
#14345 = EDGE_LOOP('',(#14346,#14347,#14353,#14354));
#14346 = ORIENTED_EDGE('',*,*,#12352,.T.);
#14347 = ORIENTED_EDGE('',*,*,#14348,.T.);
#14348 = EDGE_CURVE('',#12353,#13169,#14349,.T.);
#14349 = LINE('',#14350,#14351);
#14350 = CARTESIAN_POINT('',(162.25,-42.075,-4.6E-02));
#14351 = VECTOR('',#14352,1.);
#14352 = DIRECTION('',(0.,0.,1.));
#14353 = ORIENTED_EDGE('',*,*,#13168,.F.);
#14354 = ORIENTED_EDGE('',*,*,#14348,.F.);
#14355 = CYLINDRICAL_SURFACE('',#14356,0.475);
#14356 = AXIS2_PLACEMENT_3D('',#14357,#14358,#14359);
#14357 = CARTESIAN_POINT('',(162.25,-41.6,-4.6E-02));
#14358 = DIRECTION('',(-0.,-0.,-1.));
#14359 = DIRECTION('',(-0.,-1.,0.));
#14360 = ADVANCED_FACE('',(#14361),#14372,.F.);
#14361 = FACE_BOUND('',#14362,.T.);
#14362 = EDGE_LOOP('',(#14363,#14364,#14370,#14371));
#14363 = ORIENTED_EDGE('',*,*,#12363,.T.);
#14364 = ORIENTED_EDGE('',*,*,#14365,.T.);
#14365 = EDGE_CURVE('',#12364,#13180,#14366,.T.);
#14366 = LINE('',#14367,#14368);
#14367 = CARTESIAN_POINT('',(164.75,-42.075,-4.6E-02));
#14368 = VECTOR('',#14369,1.);
#14369 = DIRECTION('',(0.,0.,1.));
#14370 = ORIENTED_EDGE('',*,*,#13179,.F.);
#14371 = ORIENTED_EDGE('',*,*,#14365,.F.);
#14372 = CYLINDRICAL_SURFACE('',#14373,0.475);
#14373 = AXIS2_PLACEMENT_3D('',#14374,#14375,#14376);
#14374 = CARTESIAN_POINT('',(164.75,-41.6,-4.6E-02));
#14375 = DIRECTION('',(-0.,-0.,-1.));
#14376 = DIRECTION('',(-0.,-1.,0.));
#14377 = ADVANCED_FACE('',(#14378),#14389,.F.);
#14378 = FACE_BOUND('',#14379,.T.);
#14379 = EDGE_LOOP('',(#14380,#14381,#14387,#14388));
#14380 = ORIENTED_EDGE('',*,*,#12374,.T.);
#14381 = ORIENTED_EDGE('',*,*,#14382,.T.);
#14382 = EDGE_CURVE('',#12375,#13191,#14383,.T.);
#14383 = LINE('',#14384,#14385);
#14384 = CARTESIAN_POINT('',(167.25,-42.075,-4.6E-02));
#14385 = VECTOR('',#14386,1.);
#14386 = DIRECTION('',(0.,0.,1.));
#14387 = ORIENTED_EDGE('',*,*,#13190,.F.);
#14388 = ORIENTED_EDGE('',*,*,#14382,.F.);
#14389 = CYLINDRICAL_SURFACE('',#14390,0.475);
#14390 = AXIS2_PLACEMENT_3D('',#14391,#14392,#14393);
#14391 = CARTESIAN_POINT('',(167.25,-41.6,-4.6E-02));
#14392 = DIRECTION('',(-0.,-0.,-1.));
#14393 = DIRECTION('',(-0.,-1.,0.));
#14394 = ADVANCED_FACE('',(#14395),#14406,.F.);
#14395 = FACE_BOUND('',#14396,.T.);
#14396 = EDGE_LOOP('',(#14397,#14398,#14404,#14405));
#14397 = ORIENTED_EDGE('',*,*,#12385,.T.);
#14398 = ORIENTED_EDGE('',*,*,#14399,.T.);
#14399 = EDGE_CURVE('',#12386,#13202,#14400,.T.);
#14400 = LINE('',#14401,#14402);
#14401 = CARTESIAN_POINT('',(178.99,-75.85,-4.6E-02));
#14402 = VECTOR('',#14403,1.);
#14403 = DIRECTION('',(0.,0.,1.));
#14404 = ORIENTED_EDGE('',*,*,#13201,.F.);
#14405 = ORIENTED_EDGE('',*,*,#14399,.F.);
#14406 = CYLINDRICAL_SURFACE('',#14407,0.51);
#14407 = AXIS2_PLACEMENT_3D('',#14408,#14409,#14410);
#14408 = CARTESIAN_POINT('',(178.99,-75.34,-4.6E-02));
#14409 = DIRECTION('',(-0.,-0.,-1.));
#14410 = DIRECTION('',(-0.,-1.,0.));
#14411 = ADVANCED_FACE('',(#14412),#14423,.F.);
#14412 = FACE_BOUND('',#14413,.T.);
#14413 = EDGE_LOOP('',(#14414,#14415,#14421,#14422));
#14414 = ORIENTED_EDGE('',*,*,#12396,.T.);
#14415 = ORIENTED_EDGE('',*,*,#14416,.T.);
#14416 = EDGE_CURVE('',#12397,#13213,#14417,.T.);
#14417 = LINE('',#14418,#14419);
#14418 = CARTESIAN_POINT('',(178.99,-73.31,-4.6E-02));
#14419 = VECTOR('',#14420,1.);
#14420 = DIRECTION('',(0.,0.,1.));
#14421 = ORIENTED_EDGE('',*,*,#13212,.F.);
#14422 = ORIENTED_EDGE('',*,*,#14416,.F.);
#14423 = CYLINDRICAL_SURFACE('',#14424,0.51);
#14424 = AXIS2_PLACEMENT_3D('',#14425,#14426,#14427);
#14425 = CARTESIAN_POINT('',(178.99,-72.8,-4.6E-02));
#14426 = DIRECTION('',(-0.,-0.,-1.));
#14427 = DIRECTION('',(-0.,-1.,0.));
#14428 = ADVANCED_FACE('',(#14429),#14440,.F.);
#14429 = FACE_BOUND('',#14430,.T.);
#14430 = EDGE_LOOP('',(#14431,#14432,#14438,#14439));
#14431 = ORIENTED_EDGE('',*,*,#12407,.T.);
#14432 = ORIENTED_EDGE('',*,*,#14433,.T.);
#14433 = EDGE_CURVE('',#12408,#13224,#14434,.T.);
#14434 = LINE('',#14435,#14436);
#14435 = CARTESIAN_POINT('',(178.99,-70.77,-4.6E-02));
#14436 = VECTOR('',#14437,1.);
#14437 = DIRECTION('',(0.,0.,1.));
#14438 = ORIENTED_EDGE('',*,*,#13223,.F.);
#14439 = ORIENTED_EDGE('',*,*,#14433,.F.);
#14440 = CYLINDRICAL_SURFACE('',#14441,0.51);
#14441 = AXIS2_PLACEMENT_3D('',#14442,#14443,#14444);
#14442 = CARTESIAN_POINT('',(178.99,-70.26,-4.6E-02));
#14443 = DIRECTION('',(-0.,-0.,-1.));
#14444 = DIRECTION('',(-0.,-1.,0.));
#14445 = ADVANCED_FACE('',(#14446),#14457,.F.);
#14446 = FACE_BOUND('',#14447,.T.);
#14447 = EDGE_LOOP('',(#14448,#14449,#14455,#14456));
#14448 = ORIENTED_EDGE('',*,*,#12418,.T.);
#14449 = ORIENTED_EDGE('',*,*,#14450,.T.);
#14450 = EDGE_CURVE('',#12419,#13235,#14451,.T.);
#14451 = LINE('',#14452,#14453);
#14452 = CARTESIAN_POINT('',(178.99,-68.23,-4.6E-02));
#14453 = VECTOR('',#14454,1.);
#14454 = DIRECTION('',(0.,0.,1.));
#14455 = ORIENTED_EDGE('',*,*,#13234,.F.);
#14456 = ORIENTED_EDGE('',*,*,#14450,.F.);
#14457 = CYLINDRICAL_SURFACE('',#14458,0.51);
#14458 = AXIS2_PLACEMENT_3D('',#14459,#14460,#14461);
#14459 = CARTESIAN_POINT('',(178.99,-67.72,-4.6E-02));
#14460 = DIRECTION('',(-0.,-0.,-1.));
#14461 = DIRECTION('',(-0.,-1.,0.));
#14462 = ADVANCED_FACE('',(#14463),#14474,.F.);
#14463 = FACE_BOUND('',#14464,.T.);
#14464 = EDGE_LOOP('',(#14465,#14466,#14472,#14473));
#14465 = ORIENTED_EDGE('',*,*,#12429,.T.);
#14466 = ORIENTED_EDGE('',*,*,#14467,.T.);
#14467 = EDGE_CURVE('',#12430,#13246,#14468,.T.);
#14468 = LINE('',#14469,#14470);
#14469 = CARTESIAN_POINT('',(178.99,-65.69,-4.6E-02));
#14470 = VECTOR('',#14471,1.);
#14471 = DIRECTION('',(0.,0.,1.));
#14472 = ORIENTED_EDGE('',*,*,#13245,.F.);
#14473 = ORIENTED_EDGE('',*,*,#14467,.F.);
#14474 = CYLINDRICAL_SURFACE('',#14475,0.51);
#14475 = AXIS2_PLACEMENT_3D('',#14476,#14477,#14478);
#14476 = CARTESIAN_POINT('',(178.99,-65.18,-4.6E-02));
#14477 = DIRECTION('',(-0.,-0.,-1.));
#14478 = DIRECTION('',(-0.,-1.,0.));
#14479 = ADVANCED_FACE('',(#14480),#14491,.F.);
#14480 = FACE_BOUND('',#14481,.T.);
#14481 = EDGE_LOOP('',(#14482,#14483,#14489,#14490));
#14482 = ORIENTED_EDGE('',*,*,#12440,.T.);
#14483 = ORIENTED_EDGE('',*,*,#14484,.T.);
#14484 = EDGE_CURVE('',#12441,#13257,#14485,.T.);
#14485 = LINE('',#14486,#14487);
#14486 = CARTESIAN_POINT('',(178.99,-63.15,-4.6E-02));
#14487 = VECTOR('',#14488,1.);
#14488 = DIRECTION('',(0.,0.,1.));
#14489 = ORIENTED_EDGE('',*,*,#13256,.F.);
#14490 = ORIENTED_EDGE('',*,*,#14484,.F.);
#14491 = CYLINDRICAL_SURFACE('',#14492,0.51);
#14492 = AXIS2_PLACEMENT_3D('',#14493,#14494,#14495);
#14493 = CARTESIAN_POINT('',(178.99,-62.64,-4.6E-02));
#14494 = DIRECTION('',(-0.,-0.,-1.));
#14495 = DIRECTION('',(-0.,-1.,0.));
#14496 = ADVANCED_FACE('',(#14497),#14508,.F.);
#14497 = FACE_BOUND('',#14498,.T.);
#14498 = EDGE_LOOP('',(#14499,#14500,#14506,#14507));
#14499 = ORIENTED_EDGE('',*,*,#12451,.T.);
#14500 = ORIENTED_EDGE('',*,*,#14501,.T.);
#14501 = EDGE_CURVE('',#12452,#13268,#14502,.T.);
#14502 = LINE('',#14503,#14504);
#14503 = CARTESIAN_POINT('',(178.99,-60.61,-4.6E-02));
#14504 = VECTOR('',#14505,1.);
#14505 = DIRECTION('',(0.,0.,1.));
#14506 = ORIENTED_EDGE('',*,*,#13267,.F.);
#14507 = ORIENTED_EDGE('',*,*,#14501,.F.);
#14508 = CYLINDRICAL_SURFACE('',#14509,0.51);
#14509 = AXIS2_PLACEMENT_3D('',#14510,#14511,#14512);
#14510 = CARTESIAN_POINT('',(178.99,-60.1,-4.6E-02));
#14511 = DIRECTION('',(-0.,-0.,-1.));
#14512 = DIRECTION('',(-0.,-1.,0.));
#14513 = ADVANCED_FACE('',(#14514),#14525,.F.);
#14514 = FACE_BOUND('',#14515,.T.);
#14515 = EDGE_LOOP('',(#14516,#14517,#14523,#14524));
#14516 = ORIENTED_EDGE('',*,*,#12462,.T.);
#14517 = ORIENTED_EDGE('',*,*,#14518,.T.);
#14518 = EDGE_CURVE('',#12463,#13279,#14519,.T.);
#14519 = LINE('',#14520,#14521);
#14520 = CARTESIAN_POINT('',(178.99,-58.07,-4.6E-02));
#14521 = VECTOR('',#14522,1.);
#14522 = DIRECTION('',(0.,0.,1.));
#14523 = ORIENTED_EDGE('',*,*,#13278,.F.);
#14524 = ORIENTED_EDGE('',*,*,#14518,.F.);
#14525 = CYLINDRICAL_SURFACE('',#14526,0.51);
#14526 = AXIS2_PLACEMENT_3D('',#14527,#14528,#14529);
#14527 = CARTESIAN_POINT('',(178.99,-57.56,-4.6E-02));
#14528 = DIRECTION('',(-0.,-0.,-1.));
#14529 = DIRECTION('',(-0.,-1.,0.));
#14530 = ADVANCED_FACE('',(#14531),#14542,.F.);
#14531 = FACE_BOUND('',#14532,.T.);
#14532 = EDGE_LOOP('',(#14533,#14534,#14540,#14541));
#14533 = ORIENTED_EDGE('',*,*,#12473,.T.);
#14534 = ORIENTED_EDGE('',*,*,#14535,.T.);
#14535 = EDGE_CURVE('',#12474,#13290,#14536,.T.);
#14536 = LINE('',#14537,#14538);
#14537 = CARTESIAN_POINT('',(178.99,-55.53,-4.6E-02));
#14538 = VECTOR('',#14539,1.);
#14539 = DIRECTION('',(0.,0.,1.));
#14540 = ORIENTED_EDGE('',*,*,#13289,.F.);
#14541 = ORIENTED_EDGE('',*,*,#14535,.F.);
#14542 = CYLINDRICAL_SURFACE('',#14543,0.51);
#14543 = AXIS2_PLACEMENT_3D('',#14544,#14545,#14546);
#14544 = CARTESIAN_POINT('',(178.99,-55.02,-4.6E-02));
#14545 = DIRECTION('',(-0.,-0.,-1.));
#14546 = DIRECTION('',(-0.,-1.,0.));
#14547 = ADVANCED_FACE('',(#14548),#14559,.F.);
#14548 = FACE_BOUND('',#14549,.T.);
#14549 = EDGE_LOOP('',(#14550,#14551,#14557,#14558));
#14550 = ORIENTED_EDGE('',*,*,#12484,.T.);
#14551 = ORIENTED_EDGE('',*,*,#14552,.T.);
#14552 = EDGE_CURVE('',#12485,#13301,#14553,.T.);
#14553 = LINE('',#14554,#14555);
#14554 = CARTESIAN_POINT('',(178.99,-52.99,-4.6E-02));
#14555 = VECTOR('',#14556,1.);
#14556 = DIRECTION('',(0.,0.,1.));
#14557 = ORIENTED_EDGE('',*,*,#13300,.F.);
#14558 = ORIENTED_EDGE('',*,*,#14552,.F.);
#14559 = CYLINDRICAL_SURFACE('',#14560,0.51);
#14560 = AXIS2_PLACEMENT_3D('',#14561,#14562,#14563);
#14561 = CARTESIAN_POINT('',(178.99,-52.48,-4.6E-02));
#14562 = DIRECTION('',(-0.,-0.,-1.));
#14563 = DIRECTION('',(-0.,-1.,0.));
#14564 = ADVANCED_FACE('',(#14565),#14576,.F.);
#14565 = FACE_BOUND('',#14566,.T.);
#14566 = EDGE_LOOP('',(#14567,#14568,#14574,#14575));
#14567 = ORIENTED_EDGE('',*,*,#12495,.T.);
#14568 = ORIENTED_EDGE('',*,*,#14569,.T.);
#14569 = EDGE_CURVE('',#12496,#13312,#14570,.T.);
#14570 = LINE('',#14571,#14572);
#14571 = CARTESIAN_POINT('',(178.99,-50.45,-4.6E-02));
#14572 = VECTOR('',#14573,1.);
#14573 = DIRECTION('',(0.,0.,1.));
#14574 = ORIENTED_EDGE('',*,*,#13311,.F.);
#14575 = ORIENTED_EDGE('',*,*,#14569,.F.);
#14576 = CYLINDRICAL_SURFACE('',#14577,0.51);
#14577 = AXIS2_PLACEMENT_3D('',#14578,#14579,#14580);
#14578 = CARTESIAN_POINT('',(178.99,-49.94,-4.6E-02));
#14579 = DIRECTION('',(-0.,-0.,-1.));
#14580 = DIRECTION('',(-0.,-1.,0.));
#14581 = ADVANCED_FACE('',(#14582),#14593,.F.);
#14582 = FACE_BOUND('',#14583,.T.);
#14583 = EDGE_LOOP('',(#14584,#14585,#14591,#14592));
#14584 = ORIENTED_EDGE('',*,*,#12506,.T.);
#14585 = ORIENTED_EDGE('',*,*,#14586,.T.);
#14586 = EDGE_CURVE('',#12507,#13323,#14587,.T.);
#14587 = LINE('',#14588,#14589);
#14588 = CARTESIAN_POINT('',(176.9,-42.125,-4.6E-02));
#14589 = VECTOR('',#14590,1.);
#14590 = DIRECTION('',(0.,0.,1.));
#14591 = ORIENTED_EDGE('',*,*,#13322,.F.);
#14592 = ORIENTED_EDGE('',*,*,#14586,.F.);
#14593 = CYLINDRICAL_SURFACE('',#14594,0.475);
#14594 = AXIS2_PLACEMENT_3D('',#14595,#14596,#14597);
#14595 = CARTESIAN_POINT('',(176.9,-41.65,-4.6E-02));
#14596 = DIRECTION('',(-0.,-0.,-1.));
#14597 = DIRECTION('',(-0.,-1.,0.));
#14598 = ADVANCED_FACE('',(#14599),#14610,.F.);
#14599 = FACE_BOUND('',#14600,.T.);
#14600 = EDGE_LOOP('',(#14601,#14602,#14608,#14609));
#14601 = ORIENTED_EDGE('',*,*,#12517,.T.);
#14602 = ORIENTED_EDGE('',*,*,#14603,.T.);
#14603 = EDGE_CURVE('',#12518,#13334,#14604,.T.);
#14604 = LINE('',#14605,#14606);
#14605 = CARTESIAN_POINT('',(179.4,-42.125,-4.6E-02));
#14606 = VECTOR('',#14607,1.);
#14607 = DIRECTION('',(0.,0.,1.));
#14608 = ORIENTED_EDGE('',*,*,#13333,.F.);
#14609 = ORIENTED_EDGE('',*,*,#14603,.F.);
#14610 = CYLINDRICAL_SURFACE('',#14611,0.475);
#14611 = AXIS2_PLACEMENT_3D('',#14612,#14613,#14614);
#14612 = CARTESIAN_POINT('',(179.4,-41.65,-4.6E-02));
#14613 = DIRECTION('',(-0.,-0.,-1.));
#14614 = DIRECTION('',(-0.,-1.,0.));
#14615 = ADVANCED_FACE('',(#14616),#14627,.F.);
#14616 = FACE_BOUND('',#14617,.T.);
#14617 = EDGE_LOOP('',(#14618,#14619,#14625,#14626));
#14618 = ORIENTED_EDGE('',*,*,#12528,.T.);
#14619 = ORIENTED_EDGE('',*,*,#14620,.T.);
#14620 = EDGE_CURVE('',#12529,#13345,#14621,.T.);
#14621 = LINE('',#14622,#14623);
#14622 = CARTESIAN_POINT('',(181.9,-42.125,-4.6E-02));
#14623 = VECTOR('',#14624,1.);
#14624 = DIRECTION('',(0.,0.,1.));
#14625 = ORIENTED_EDGE('',*,*,#13344,.F.);
#14626 = ORIENTED_EDGE('',*,*,#14620,.F.);
#14627 = CYLINDRICAL_SURFACE('',#14628,0.475);
#14628 = AXIS2_PLACEMENT_3D('',#14629,#14630,#14631);
#14629 = CARTESIAN_POINT('',(181.9,-41.65,-4.6E-02));
#14630 = DIRECTION('',(-0.,-0.,-1.));
#14631 = DIRECTION('',(-0.,-1.,0.));
#14632 = ADVANCED_FACE('',(#14633),#14644,.F.);
#14633 = FACE_BOUND('',#14634,.T.);
#14634 = EDGE_LOOP('',(#14635,#14636,#14642,#14643));
#14635 = ORIENTED_EDGE('',*,*,#12539,.T.);
#14636 = ORIENTED_EDGE('',*,*,#14637,.T.);
#14637 = EDGE_CURVE('',#12540,#13356,#14638,.T.);
#14638 = LINE('',#14639,#14640);
#14639 = CARTESIAN_POINT('',(184.4,-42.125,-4.6E-02));
#14640 = VECTOR('',#14641,1.);
#14641 = DIRECTION('',(0.,0.,1.));
#14642 = ORIENTED_EDGE('',*,*,#13355,.F.);
#14643 = ORIENTED_EDGE('',*,*,#14637,.F.);
#14644 = CYLINDRICAL_SURFACE('',#14645,0.475);
#14645 = AXIS2_PLACEMENT_3D('',#14646,#14647,#14648);
#14646 = CARTESIAN_POINT('',(184.4,-41.65,-4.6E-02));
#14647 = DIRECTION('',(-0.,-0.,-1.));
#14648 = DIRECTION('',(-0.,-1.,0.));
#14649 = ADVANCED_FACE('',(#14650),#14661,.F.);
#14650 = FACE_BOUND('',#14651,.T.);
#14651 = EDGE_LOOP('',(#14652,#14653,#14659,#14660));
#14652 = ORIENTED_EDGE('',*,*,#12550,.T.);
#14653 = ORIENTED_EDGE('',*,*,#14654,.T.);
#14654 = EDGE_CURVE('',#12551,#13367,#14655,.T.);
#14655 = LINE('',#14656,#14657);
#14656 = CARTESIAN_POINT('',(192.7,-37.9,-4.6E-02));
#14657 = VECTOR('',#14658,1.);
#14658 = DIRECTION('',(0.,0.,1.));
#14659 = ORIENTED_EDGE('',*,*,#13366,.F.);
#14660 = ORIENTED_EDGE('',*,*,#14654,.F.);
#14661 = CYLINDRICAL_SURFACE('',#14662,1.6);
#14662 = AXIS2_PLACEMENT_3D('',#14663,#14664,#14665);
#14663 = CARTESIAN_POINT('',(192.7,-36.3,-4.6E-02));
#14664 = DIRECTION('',(-0.,-0.,-1.));
#14665 = DIRECTION('',(-0.,-1.,0.));
#14666 = ( GEOMETRIC_REPRESENTATION_CONTEXT(3) 
GLOBAL_UNCERTAINTY_ASSIGNED_CONTEXT((#14670)) 
GLOBAL_UNIT_ASSIGNED_CONTEXT((#14667,#14668,#14669)) 
REPRESENTATION_CONTEXT('Context #1',
  '3D Context with UNIT and UNCERTAINTY') );
#14667 = ( LENGTH_UNIT() NAMED_UNIT(*) SI_UNIT(.MILLI.,.METRE.) );
#14668 = ( NAMED_UNIT(*) PLANE_ANGLE_UNIT() SI_UNIT($,.RADIAN.) );
#14669 = ( NAMED_UNIT(*) SI_UNIT($,.STERADIAN.) SOLID_ANGLE_UNIT() );
#14670 = UNCERTAINTY_MEASURE_WITH_UNIT(LENGTH_MEASURE(1.E-07),#14667,
  'distance_accuracy_value','confusion accuracy');
#14671 = CONTEXT_DEPENDENT_SHAPE_REPRESENTATION(#14672,#14674);
#14672 = ( REPRESENTATION_RELATIONSHIP('','',#11640,#10) 
REPRESENTATION_RELATIONSHIP_WITH_TRANSFORMATION(#14673) 
SHAPE_REPRESENTATION_RELATIONSHIP() );
#14673 = ITEM_DEFINED_TRANSFORMATION('','',#11,#67);
#14674 = PRODUCT_DEFINITION_SHAPE('Placement','Placement of an item',
  #14675);
#14675 = NEXT_ASSEMBLY_USAGE_OCCURRENCE('14','=>[0:1:1:7]','',#5,#11635,
  $);
#14676 = PRODUCT_RELATED_PRODUCT_CATEGORY('part',$,(#11637));
#14677 = MECHANICAL_DESIGN_GEOMETRIC_PRESENTATION_REPRESENTATION('',(
    #14678,#14686,#14693,#14700,#14707,#14714,#14721,#14728,#14735,
    #14742,#14749,#14757,#14764,#14771,#14778,#14785,#14792,#14799,
    #14806,#14813,#14820,#14827,#14834,#14841,#14848,#14855,#14862,
    #14869),#5018);
#14678 = STYLED_ITEM('color',(#14679),#4166);
#14679 = PRESENTATION_STYLE_ASSIGNMENT((#14680));
#14680 = SURFACE_STYLE_USAGE(.BOTH.,#14681);
#14681 = SURFACE_SIDE_STYLE('',(#14682));
#14682 = SURFACE_STYLE_FILL_AREA(#14683);
#14683 = FILL_AREA_STYLE('',(#14684));
#14684 = FILL_AREA_STYLE_COLOUR('',#14685);
#14685 = COLOUR_RGB('',0.823999987314,0.819999987296,0.781000009244);
#14686 = STYLED_ITEM('color',(#14687),#4242);
#14687 = PRESENTATION_STYLE_ASSIGNMENT((#14688));
#14688 = SURFACE_STYLE_USAGE(.BOTH.,#14689);
#14689 = SURFACE_SIDE_STYLE('',(#14690));
#14690 = SURFACE_STYLE_FILL_AREA(#14691);
#14691 = FILL_AREA_STYLE('',(#14692));
#14692 = FILL_AREA_STYLE_COLOUR('',#14685);
#14693 = STYLED_ITEM('color',(#14694),#4273);
#14694 = PRESENTATION_STYLE_ASSIGNMENT((#14695));
#14695 = SURFACE_STYLE_USAGE(.BOTH.,#14696);
#14696 = SURFACE_SIDE_STYLE('',(#14697));
#14697 = SURFACE_STYLE_FILL_AREA(#14698);
#14698 = FILL_AREA_STYLE('',(#14699));
#14699 = FILL_AREA_STYLE_COLOUR('',#14685);
#14700 = STYLED_ITEM('color',(#14701),#4298);
#14701 = PRESENTATION_STYLE_ASSIGNMENT((#14702));
#14702 = SURFACE_STYLE_USAGE(.BOTH.,#14703);
#14703 = SURFACE_SIDE_STYLE('',(#14704));
#14704 = SURFACE_STYLE_FILL_AREA(#14705);
#14705 = FILL_AREA_STYLE('',(#14706));
#14706 = FILL_AREA_STYLE_COLOUR('',#14685);
#14707 = STYLED_ITEM('color',(#14708),#4323);
#14708 = PRESENTATION_STYLE_ASSIGNMENT((#14709));
#14709 = SURFACE_STYLE_USAGE(.BOTH.,#14710);
#14710 = SURFACE_SIDE_STYLE('',(#14711));
#14711 = SURFACE_STYLE_FILL_AREA(#14712);
#14712 = FILL_AREA_STYLE('',(#14713));
#14713 = FILL_AREA_STYLE_COLOUR('',#14685);
#14714 = STYLED_ITEM('color',(#14715),#4347);
#14715 = PRESENTATION_STYLE_ASSIGNMENT((#14716));
#14716 = SURFACE_STYLE_USAGE(.BOTH.,#14717);
#14717 = SURFACE_SIDE_STYLE('',(#14718));
#14718 = SURFACE_STYLE_FILL_AREA(#14719);
#14719 = FILL_AREA_STYLE('',(#14720));
#14720 = FILL_AREA_STYLE_COLOUR('',#14685);
#14721 = STYLED_ITEM('color',(#14722),#4371);
#14722 = PRESENTATION_STYLE_ASSIGNMENT((#14723));
#14723 = SURFACE_STYLE_USAGE(.BOTH.,#14724);
#14724 = SURFACE_SIDE_STYLE('',(#14725));
#14725 = SURFACE_STYLE_FILL_AREA(#14726);
#14726 = FILL_AREA_STYLE('',(#14727));
#14727 = FILL_AREA_STYLE_COLOUR('',#14685);
#14728 = STYLED_ITEM('color',(#14729),#4396);
#14729 = PRESENTATION_STYLE_ASSIGNMENT((#14730));
#14730 = SURFACE_STYLE_USAGE(.BOTH.,#14731);
#14731 = SURFACE_SIDE_STYLE('',(#14732));
#14732 = SURFACE_STYLE_FILL_AREA(#14733);
#14733 = FILL_AREA_STYLE('',(#14734));
#14734 = FILL_AREA_STYLE_COLOUR('',#14685);
#14735 = STYLED_ITEM('color',(#14736),#4421);
#14736 = PRESENTATION_STYLE_ASSIGNMENT((#14737));
#14737 = SURFACE_STYLE_USAGE(.BOTH.,#14738);
#14738 = SURFACE_SIDE_STYLE('',(#14739));
#14739 = SURFACE_STYLE_FILL_AREA(#14740);
#14740 = FILL_AREA_STYLE('',(#14741));
#14741 = FILL_AREA_STYLE_COLOUR('',#14685);
#14742 = STYLED_ITEM('color',(#14743),#4438);
#14743 = PRESENTATION_STYLE_ASSIGNMENT((#14744));
#14744 = SURFACE_STYLE_USAGE(.BOTH.,#14745);
#14745 = SURFACE_SIDE_STYLE('',(#14746));
#14746 = SURFACE_STYLE_FILL_AREA(#14747);
#14747 = FILL_AREA_STYLE('',(#14748));
#14748 = FILL_AREA_STYLE_COLOUR('',#14685);
#14749 = STYLED_ITEM('color',(#14750),#4524);
#14750 = PRESENTATION_STYLE_ASSIGNMENT((#14751));
#14751 = SURFACE_STYLE_USAGE(.BOTH.,#14752);
#14752 = SURFACE_SIDE_STYLE('',(#14753));
#14753 = SURFACE_STYLE_FILL_AREA(#14754);
#14754 = FILL_AREA_STYLE('',(#14755));
#14755 = FILL_AREA_STYLE_COLOUR('',#14756);
#14756 = COLOUR_RGB('',0.379000005575,0.270000008848,0.214999999939);
#14757 = STYLED_ITEM('color',(#14758),#4556);
#14758 = PRESENTATION_STYLE_ASSIGNMENT((#14759));
#14759 = SURFACE_STYLE_USAGE(.BOTH.,#14760);
#14760 = SURFACE_SIDE_STYLE('',(#14761));
#14761 = SURFACE_STYLE_FILL_AREA(#14762);
#14762 = FILL_AREA_STYLE('',(#14763));
#14763 = FILL_AREA_STYLE_COLOUR('',#14756);
#14764 = STYLED_ITEM('color',(#14765),#4580);
#14765 = PRESENTATION_STYLE_ASSIGNMENT((#14766));
#14766 = SURFACE_STYLE_USAGE(.BOTH.,#14767);
#14767 = SURFACE_SIDE_STYLE('',(#14768));
#14768 = SURFACE_STYLE_FILL_AREA(#14769);
#14769 = FILL_AREA_STYLE('',(#14770));
#14770 = FILL_AREA_STYLE_COLOUR('',#14756);
#14771 = STYLED_ITEM('color',(#14772),#4605);
#14772 = PRESENTATION_STYLE_ASSIGNMENT((#14773));
#14773 = SURFACE_STYLE_USAGE(.BOTH.,#14774);
#14774 = SURFACE_SIDE_STYLE('',(#14775));
#14775 = SURFACE_STYLE_FILL_AREA(#14776);
#14776 = FILL_AREA_STYLE('',(#14777));
#14777 = FILL_AREA_STYLE_COLOUR('',#14756);
#14778 = STYLED_ITEM('color',(#14779),#4629);
#14779 = PRESENTATION_STYLE_ASSIGNMENT((#14780));
#14780 = SURFACE_STYLE_USAGE(.BOTH.,#14781);
#14781 = SURFACE_SIDE_STYLE('',(#14782));
#14782 = SURFACE_STYLE_FILL_AREA(#14783);
#14783 = FILL_AREA_STYLE('',(#14784));
#14784 = FILL_AREA_STYLE_COLOUR('',#14756);
#14785 = STYLED_ITEM('color',(#14786),#4654);
#14786 = PRESENTATION_STYLE_ASSIGNMENT((#14787));
#14787 = SURFACE_STYLE_USAGE(.BOTH.,#14788);
#14788 = SURFACE_SIDE_STYLE('',(#14789));
#14789 = SURFACE_STYLE_FILL_AREA(#14790);
#14790 = FILL_AREA_STYLE('',(#14791));
#14791 = FILL_AREA_STYLE_COLOUR('',#14756);
#14792 = STYLED_ITEM('color',(#14793),#4678);
#14793 = PRESENTATION_STYLE_ASSIGNMENT((#14794));
#14794 = SURFACE_STYLE_USAGE(.BOTH.,#14795);
#14795 = SURFACE_SIDE_STYLE('',(#14796));
#14796 = SURFACE_STYLE_FILL_AREA(#14797);
#14797 = FILL_AREA_STYLE('',(#14798));
#14798 = FILL_AREA_STYLE_COLOUR('',#14756);
#14799 = STYLED_ITEM('color',(#14800),#4703);
#14800 = PRESENTATION_STYLE_ASSIGNMENT((#14801));
#14801 = SURFACE_STYLE_USAGE(.BOTH.,#14802);
#14802 = SURFACE_SIDE_STYLE('',(#14803));
#14803 = SURFACE_STYLE_FILL_AREA(#14804);
#14804 = FILL_AREA_STYLE('',(#14805));
#14805 = FILL_AREA_STYLE_COLOUR('',#14756);
#14806 = STYLED_ITEM('color',(#14807),#4720);
#14807 = PRESENTATION_STYLE_ASSIGNMENT((#14808));
#14808 = SURFACE_STYLE_USAGE(.BOTH.,#14809);
#14809 = SURFACE_SIDE_STYLE('',(#14810));
#14810 = SURFACE_STYLE_FILL_AREA(#14811);
#14811 = FILL_AREA_STYLE('',(#14812));
#14812 = FILL_AREA_STYLE_COLOUR('',#14685);
#14813 = STYLED_ITEM('color',(#14814),#4806);
#14814 = PRESENTATION_STYLE_ASSIGNMENT((#14815));
#14815 = SURFACE_STYLE_USAGE(.BOTH.,#14816);
#14816 = SURFACE_SIDE_STYLE('',(#14817));
#14817 = SURFACE_STYLE_FILL_AREA(#14818);
#14818 = FILL_AREA_STYLE('',(#14819));
#14819 = FILL_AREA_STYLE_COLOUR('',#14685);
#14820 = STYLED_ITEM('color',(#14821),#4837);
#14821 = PRESENTATION_STYLE_ASSIGNMENT((#14822));
#14822 = SURFACE_STYLE_USAGE(.BOTH.,#14823);
#14823 = SURFACE_SIDE_STYLE('',(#14824));
#14824 = SURFACE_STYLE_FILL_AREA(#14825);
#14825 = FILL_AREA_STYLE('',(#14826));
#14826 = FILL_AREA_STYLE_COLOUR('',#14685);
#14827 = STYLED_ITEM('color',(#14828),#4862);
#14828 = PRESENTATION_STYLE_ASSIGNMENT((#14829));
#14829 = SURFACE_STYLE_USAGE(.BOTH.,#14830);
#14830 = SURFACE_SIDE_STYLE('',(#14831));
#14831 = SURFACE_STYLE_FILL_AREA(#14832);
#14832 = FILL_AREA_STYLE('',(#14833));
#14833 = FILL_AREA_STYLE_COLOUR('',#14685);
#14834 = STYLED_ITEM('color',(#14835),#4887);
#14835 = PRESENTATION_STYLE_ASSIGNMENT((#14836));
#14836 = SURFACE_STYLE_USAGE(.BOTH.,#14837);
#14837 = SURFACE_SIDE_STYLE('',(#14838));
#14838 = SURFACE_STYLE_FILL_AREA(#14839);
#14839 = FILL_AREA_STYLE('',(#14840));
#14840 = FILL_AREA_STYLE_COLOUR('',#14685);
#14841 = STYLED_ITEM('color',(#14842),#4911);
#14842 = PRESENTATION_STYLE_ASSIGNMENT((#14843));
#14843 = SURFACE_STYLE_USAGE(.BOTH.,#14844);
#14844 = SURFACE_SIDE_STYLE('',(#14845));
#14845 = SURFACE_STYLE_FILL_AREA(#14846);
#14846 = FILL_AREA_STYLE('',(#14847));
#14847 = FILL_AREA_STYLE_COLOUR('',#14685);
#14848 = STYLED_ITEM('color',(#14849),#4935);
#14849 = PRESENTATION_STYLE_ASSIGNMENT((#14850));
#14850 = SURFACE_STYLE_USAGE(.BOTH.,#14851);
#14851 = SURFACE_SIDE_STYLE('',(#14852));
#14852 = SURFACE_STYLE_FILL_AREA(#14853);
#14853 = FILL_AREA_STYLE('',(#14854));
#14854 = FILL_AREA_STYLE_COLOUR('',#14685);
#14855 = STYLED_ITEM('color',(#14856),#4960);
#14856 = PRESENTATION_STYLE_ASSIGNMENT((#14857));
#14857 = SURFACE_STYLE_USAGE(.BOTH.,#14858);
#14858 = SURFACE_SIDE_STYLE('',(#14859));
#14859 = SURFACE_STYLE_FILL_AREA(#14860);
#14860 = FILL_AREA_STYLE('',(#14861));
#14861 = FILL_AREA_STYLE_COLOUR('',#14685);
#14862 = STYLED_ITEM('color',(#14863),#4985);
#14863 = PRESENTATION_STYLE_ASSIGNMENT((#14864));
#14864 = SURFACE_STYLE_USAGE(.BOTH.,#14865);
#14865 = SURFACE_SIDE_STYLE('',(#14866));
#14866 = SURFACE_STYLE_FILL_AREA(#14867);
#14867 = FILL_AREA_STYLE('',(#14868));
#14868 = FILL_AREA_STYLE_COLOUR('',#14685);
#14869 = STYLED_ITEM('color',(#14870),#5002);
#14870 = PRESENTATION_STYLE_ASSIGNMENT((#14871));
#14871 = SURFACE_STYLE_USAGE(.BOTH.,#14872);
#14872 = SURFACE_SIDE_STYLE('',(#14873));
#14873 = SURFACE_STYLE_FILL_AREA(#14874);
#14874 = FILL_AREA_STYLE('',(#14875));
#14875 = FILL_AREA_STYLE_COLOUR('',#14685);
#14876 = MECHANICAL_DESIGN_GEOMETRIC_PRESENTATION_REPRESENTATION('',(
    #14877,#14884,#14891,#14898,#14905,#14912,#14919,#14926,#14934,
    #14941,#14948,#14955,#14962,#14969,#14977,#14984,#14991,#14998,
    #15005,#15012,#15019,#15026,#15033,#15040,#15047,#15054),#4145);
#14877 = STYLED_ITEM('color',(#14878),#3357);
#14878 = PRESENTATION_STYLE_ASSIGNMENT((#14879));
#14879 = SURFACE_STYLE_USAGE(.BOTH.,#14880);
#14880 = SURFACE_SIDE_STYLE('',(#14881));
#14881 = SURFACE_STYLE_FILL_AREA(#14882);
#14882 = FILL_AREA_STYLE('',(#14883));
#14883 = FILL_AREA_STYLE_COLOUR('',#14685);
#14884 = STYLED_ITEM('color',(#14885),#3397);
#14885 = PRESENTATION_STYLE_ASSIGNMENT((#14886));
#14886 = SURFACE_STYLE_USAGE(.BOTH.,#14887);
#14887 = SURFACE_SIDE_STYLE('',(#14888));
#14888 = SURFACE_STYLE_FILL_AREA(#14889);
#14889 = FILL_AREA_STYLE('',(#14890));
#14890 = FILL_AREA_STYLE_COLOUR('',#14685);
#14891 = STYLED_ITEM('color',(#14892),#3480);
#14892 = PRESENTATION_STYLE_ASSIGNMENT((#14893));
#14893 = SURFACE_STYLE_USAGE(.BOTH.,#14894);
#14894 = SURFACE_SIDE_STYLE('',(#14895));
#14895 = SURFACE_STYLE_FILL_AREA(#14896);
#14896 = FILL_AREA_STYLE('',(#14897));
#14897 = FILL_AREA_STYLE_COLOUR('',#14685);
#14898 = STYLED_ITEM('color',(#14899),#3505);
#14899 = PRESENTATION_STYLE_ASSIGNMENT((#14900));
#14900 = SURFACE_STYLE_USAGE(.BOTH.,#14901);
#14901 = SURFACE_SIDE_STYLE('',(#14902));
#14902 = SURFACE_STYLE_FILL_AREA(#14903);
#14903 = FILL_AREA_STYLE('',(#14904));
#14904 = FILL_AREA_STYLE_COLOUR('',#14685);
#14905 = STYLED_ITEM('color',(#14906),#3530);
#14906 = PRESENTATION_STYLE_ASSIGNMENT((#14907));
#14907 = SURFACE_STYLE_USAGE(.BOTH.,#14908);
#14908 = SURFACE_SIDE_STYLE('',(#14909));
#14909 = SURFACE_STYLE_FILL_AREA(#14910);
#14910 = FILL_AREA_STYLE('',(#14911));
#14911 = FILL_AREA_STYLE_COLOUR('',#14685);
#14912 = STYLED_ITEM('color',(#14913),#3597);
#14913 = PRESENTATION_STYLE_ASSIGNMENT((#14914));
#14914 = SURFACE_STYLE_USAGE(.BOTH.,#14915);
#14915 = SURFACE_SIDE_STYLE('',(#14916));
#14916 = SURFACE_STYLE_FILL_AREA(#14917);
#14917 = FILL_AREA_STYLE('',(#14918));
#14918 = FILL_AREA_STYLE_COLOUR('',#14685);
#14919 = STYLED_ITEM('color',(#14920),#3614);
#14920 = PRESENTATION_STYLE_ASSIGNMENT((#14921));
#14921 = SURFACE_STYLE_USAGE(.BOTH.,#14922);
#14922 = SURFACE_SIDE_STYLE('',(#14923));
#14923 = SURFACE_STYLE_FILL_AREA(#14924);
#14924 = FILL_AREA_STYLE('',(#14925));
#14925 = FILL_AREA_STYLE_COLOUR('',#14685);
#14926 = STYLED_ITEM('color',(#14927),#3631);
#14927 = PRESENTATION_STYLE_ASSIGNMENT((#14928));
#14928 = SURFACE_STYLE_USAGE(.BOTH.,#14929);
#14929 = SURFACE_SIDE_STYLE('',(#14930));
#14930 = SURFACE_STYLE_FILL_AREA(#14931);
#14931 = FILL_AREA_STYLE('',(#14932));
#14932 = FILL_AREA_STYLE_COLOUR('',#14933);
#14933 = COLOUR_RGB('',0.894999966383,0.890999961016,0.813000030345);
#14934 = STYLED_ITEM('color',(#14935),#3680);
#14935 = PRESENTATION_STYLE_ASSIGNMENT((#14936));
#14936 = SURFACE_STYLE_USAGE(.BOTH.,#14937);
#14937 = SURFACE_SIDE_STYLE('',(#14938));
#14938 = SURFACE_STYLE_FILL_AREA(#14939);
#14939 = FILL_AREA_STYLE('',(#14940));
#14940 = FILL_AREA_STYLE_COLOUR('',#14685);
#14941 = STYLED_ITEM('color',(#14942),#3697);
#14942 = PRESENTATION_STYLE_ASSIGNMENT((#14943));
#14943 = SURFACE_STYLE_USAGE(.BOTH.,#14944);
#14944 = SURFACE_SIDE_STYLE('',(#14945));
#14945 = SURFACE_STYLE_FILL_AREA(#14946);
#14946 = FILL_AREA_STYLE('',(#14947));
#14947 = FILL_AREA_STYLE_COLOUR('',#14685);
#14948 = STYLED_ITEM('color',(#14949),#3714);
#14949 = PRESENTATION_STYLE_ASSIGNMENT((#14950));
#14950 = SURFACE_STYLE_USAGE(.BOTH.,#14951);
#14951 = SURFACE_SIDE_STYLE('',(#14952));
#14952 = SURFACE_STYLE_FILL_AREA(#14953);
#14953 = FILL_AREA_STYLE('',(#14954));
#14954 = FILL_AREA_STYLE_COLOUR('',#14933);
#14955 = STYLED_ITEM('color',(#14956),#3763);
#14956 = PRESENTATION_STYLE_ASSIGNMENT((#14957));
#14957 = SURFACE_STYLE_USAGE(.BOTH.,#14958);
#14958 = SURFACE_SIDE_STYLE('',(#14959));
#14959 = SURFACE_STYLE_FILL_AREA(#14960);
#14960 = FILL_AREA_STYLE('',(#14961));
#14961 = FILL_AREA_STYLE_COLOUR('',#14933);
#14962 = STYLED_ITEM('color',(#14963),#3780);
#14963 = PRESENTATION_STYLE_ASSIGNMENT((#14964));
#14964 = SURFACE_STYLE_USAGE(.BOTH.,#14965);
#14965 = SURFACE_SIDE_STYLE('',(#14966));
#14966 = SURFACE_STYLE_FILL_AREA(#14967);
#14967 = FILL_AREA_STYLE('',(#14968));
#14968 = FILL_AREA_STYLE_COLOUR('',#14685);
#14969 = STYLED_ITEM('color',(#14970),#3849);
#14970 = PRESENTATION_STYLE_ASSIGNMENT((#14971));
#14971 = SURFACE_STYLE_USAGE(.BOTH.,#14972);
#14972 = SURFACE_SIDE_STYLE('',(#14973));
#14973 = SURFACE_STYLE_FILL_AREA(#14974);
#14974 = FILL_AREA_STYLE('',(#14975));
#14975 = FILL_AREA_STYLE_COLOUR('',#14976);
#14976 = COLOUR_RGB('',8.200000279077E-02,8.600000121357E-02,
  9.399999706163E-02);
#14977 = STYLED_ITEM('color',(#14978),#3880);
#14978 = PRESENTATION_STYLE_ASSIGNMENT((#14979));
#14979 = SURFACE_STYLE_USAGE(.BOTH.,#14980);
#14980 = SURFACE_SIDE_STYLE('',(#14981));
#14981 = SURFACE_STYLE_FILL_AREA(#14982);
#14982 = FILL_AREA_STYLE('',(#14983));
#14983 = FILL_AREA_STYLE_COLOUR('',#14976);
#14984 = STYLED_ITEM('color',(#14985),#3904);
#14985 = PRESENTATION_STYLE_ASSIGNMENT((#14986));
#14986 = SURFACE_STYLE_USAGE(.BOTH.,#14987);
#14987 = SURFACE_SIDE_STYLE('',(#14988));
#14988 = SURFACE_STYLE_FILL_AREA(#14989);
#14989 = FILL_AREA_STYLE('',(#14990));
#14990 = FILL_AREA_STYLE_COLOUR('',#14685);
#14991 = STYLED_ITEM('color',(#14992),#3973);
#14992 = PRESENTATION_STYLE_ASSIGNMENT((#14993));
#14993 = SURFACE_STYLE_USAGE(.BOTH.,#14994);
#14994 = SURFACE_SIDE_STYLE('',(#14995));
#14995 = SURFACE_STYLE_FILL_AREA(#14996);
#14996 = FILL_AREA_STYLE('',(#14997));
#14997 = FILL_AREA_STYLE_COLOUR('',#14976);
#14998 = STYLED_ITEM('color',(#14999),#3997);
#14999 = PRESENTATION_STYLE_ASSIGNMENT((#15000));
#15000 = SURFACE_STYLE_USAGE(.BOTH.,#15001);
#15001 = SURFACE_SIDE_STYLE('',(#15002));
#15002 = SURFACE_STYLE_FILL_AREA(#15003);
#15003 = FILL_AREA_STYLE('',(#15004));
#15004 = FILL_AREA_STYLE_COLOUR('',#14685);
#15005 = STYLED_ITEM('color',(#15006),#4014);
#15006 = PRESENTATION_STYLE_ASSIGNMENT((#15007));
#15007 = SURFACE_STYLE_USAGE(.BOTH.,#15008);
#15008 = SURFACE_SIDE_STYLE('',(#15009));
#15009 = SURFACE_STYLE_FILL_AREA(#15010);
#15010 = FILL_AREA_STYLE('',(#15011));
#15011 = FILL_AREA_STYLE_COLOUR('',#14685);
#15012 = STYLED_ITEM('color',(#15013),#4031);
#15013 = PRESENTATION_STYLE_ASSIGNMENT((#15014));
#15014 = SURFACE_STYLE_USAGE(.BOTH.,#15015);
#15015 = SURFACE_SIDE_STYLE('',(#15016));
#15016 = SURFACE_STYLE_FILL_AREA(#15017);
#15017 = FILL_AREA_STYLE('',(#15018));
#15018 = FILL_AREA_STYLE_COLOUR('',#14685);
#15019 = STYLED_ITEM('color',(#15020),#4048);
#15020 = PRESENTATION_STYLE_ASSIGNMENT((#15021));
#15021 = SURFACE_STYLE_USAGE(.BOTH.,#15022);
#15022 = SURFACE_SIDE_STYLE('',(#15023));
#15023 = SURFACE_STYLE_FILL_AREA(#15024);
#15024 = FILL_AREA_STYLE('',(#15025));
#15025 = FILL_AREA_STYLE_COLOUR('',#14685);
#15026 = STYLED_ITEM('color',(#15027),#4065);
#15027 = PRESENTATION_STYLE_ASSIGNMENT((#15028));
#15028 = SURFACE_STYLE_USAGE(.BOTH.,#15029);
#15029 = SURFACE_SIDE_STYLE('',(#15030));
#15030 = SURFACE_STYLE_FILL_AREA(#15031);
#15031 = FILL_AREA_STYLE('',(#15032));
#15032 = FILL_AREA_STYLE_COLOUR('',#14685);
#15033 = STYLED_ITEM('color',(#15034),#4082);
#15034 = PRESENTATION_STYLE_ASSIGNMENT((#15035));
#15035 = SURFACE_STYLE_USAGE(.BOTH.,#15036);
#15036 = SURFACE_SIDE_STYLE('',(#15037));
#15037 = SURFACE_STYLE_FILL_AREA(#15038);
#15038 = FILL_AREA_STYLE('',(#15039));
#15039 = FILL_AREA_STYLE_COLOUR('',#14685);
#15040 = STYLED_ITEM('color',(#15041),#4099);
#15041 = PRESENTATION_STYLE_ASSIGNMENT((#15042));
#15042 = SURFACE_STYLE_USAGE(.BOTH.,#15043);
#15043 = SURFACE_SIDE_STYLE('',(#15044));
#15044 = SURFACE_STYLE_FILL_AREA(#15045);
#15045 = FILL_AREA_STYLE('',(#15046));
#15046 = FILL_AREA_STYLE_COLOUR('',#14685);
#15047 = STYLED_ITEM('color',(#15048),#4116);
#15048 = PRESENTATION_STYLE_ASSIGNMENT((#15049));
#15049 = SURFACE_STYLE_USAGE(.BOTH.,#15050);
#15050 = SURFACE_SIDE_STYLE('',(#15051));
#15051 = SURFACE_STYLE_FILL_AREA(#15052);
#15052 = FILL_AREA_STYLE('',(#15053));
#15053 = FILL_AREA_STYLE_COLOUR('',#14976);
#15054 = STYLED_ITEM('color',(#15055),#4133);
#15055 = PRESENTATION_STYLE_ASSIGNMENT((#15056));
#15056 = SURFACE_STYLE_USAGE(.BOTH.,#15057);
#15057 = SURFACE_SIDE_STYLE('',(#15058));
#15058 = SURFACE_STYLE_FILL_AREA(#15059);
#15059 = FILL_AREA_STYLE('',(#15060));
#15060 = FILL_AREA_STYLE_COLOUR('',#14976);
#15061 = MECHANICAL_DESIGN_GEOMETRIC_PRESENTATION_REPRESENTATION('',(
    #15062,#15070,#15077,#15084,#15091,#15098,#15105,#15112,#15119,
    #15126,#15133,#15140,#15147,#15154,#15161,#15168,#15175,#15182,
    #15189,#15196,#15203,#15210,#15217,#15224,#15231,#15238,#15245,
    #15252,#15259,#15266,#15273,#15280,#15287,#15294,#15301,#15308,
    #15315,#15322,#15329,#15336,#15343,#15350,#15357,#15364,#15371,
    #15378,#15385,#15392,#15399,#15406,#15413,#15420,#15427,#15434,
    #15441,#15448,#15455,#15462,#15469,#15476,#15483,#15490,#15497,
    #15504,#15512,#15519,#15526,#15533,#15540,#15547,#15554,#15561,
    #15568,#15575,#15582,#15589,#15596,#15603,#15610,#15617,#15624,
    #15631,#15638,#15645,#15652,#15659,#15666,#15673,#15680,#15687,
    #15694,#15701,#15708,#15715,#15722,#15729,#15736,#15743,#15750,
    #15757,#15764,#15771,#15778,#15785,#15792,#15799,#15806,#15813,
    #15820,#15827,#15834,#15841,#15848,#15855,#15862,#15869,#15876,
    #15883,#15890,#15897,#15904,#15911,#15918,#15925,#15932,#15939,
    #15946,#15953,#15960,#15967,#15974,#15981,#15988,#15995,#16002,
    #16009,#16016,#16023,#16030,#16037,#16044,#16051,#16058,#16065,
    #16072,#16079,#16086,#16093,#16100,#16107,#16114,#16121,#16128,
    #16135,#16142,#16149,#16156,#16163,#16170,#16177,#16184,#16191,
    #16198,#16205,#16212),#10050);
#15062 = STYLED_ITEM('color',(#15063),#5049);
#15063 = PRESENTATION_STYLE_ASSIGNMENT((#15064));
#15064 = SURFACE_STYLE_USAGE(.BOTH.,#15065);
#15065 = SURFACE_SIDE_STYLE('',(#15066));
#15066 = SURFACE_STYLE_FILL_AREA(#15067);
#15067 = FILL_AREA_STYLE('',(#15068));
#15068 = FILL_AREA_STYLE_COLOUR('',#15069);
#15069 = COLOUR_RGB('',0.894117649055,0.890196087049,0.811764731185);
#15070 = STYLED_ITEM('color',(#15071),#5217);
#15071 = PRESENTATION_STYLE_ASSIGNMENT((#15072));
#15072 = SURFACE_STYLE_USAGE(.BOTH.,#15073);
#15073 = SURFACE_SIDE_STYLE('',(#15074));
#15074 = SURFACE_STYLE_FILL_AREA(#15075);
#15075 = FILL_AREA_STYLE('',(#15076));
#15076 = FILL_AREA_STYLE_COLOUR('',#15069);
#15077 = STYLED_ITEM('color',(#15078),#5264);
#15078 = PRESENTATION_STYLE_ASSIGNMENT((#15079));
#15079 = SURFACE_STYLE_USAGE(.BOTH.,#15080);
#15080 = SURFACE_SIDE_STYLE('',(#15081));
#15081 = SURFACE_STYLE_FILL_AREA(#15082);
#15082 = FILL_AREA_STYLE('',(#15083));
#15083 = FILL_AREA_STYLE_COLOUR('',#15069);
#15084 = STYLED_ITEM('color',(#15085),#5304);
#15085 = PRESENTATION_STYLE_ASSIGNMENT((#15086));
#15086 = SURFACE_STYLE_USAGE(.BOTH.,#15087);
#15087 = SURFACE_SIDE_STYLE('',(#15088));
#15088 = SURFACE_STYLE_FILL_AREA(#15089);
#15089 = FILL_AREA_STYLE('',(#15090));
#15090 = FILL_AREA_STYLE_COLOUR('',#15069);
#15091 = STYLED_ITEM('color',(#15092),#5328);
#15092 = PRESENTATION_STYLE_ASSIGNMENT((#15093));
#15093 = SURFACE_STYLE_USAGE(.BOTH.,#15094);
#15094 = SURFACE_SIDE_STYLE('',(#15095));
#15095 = SURFACE_STYLE_FILL_AREA(#15096);
#15096 = FILL_AREA_STYLE('',(#15097));
#15097 = FILL_AREA_STYLE_COLOUR('',#15069);
#15098 = STYLED_ITEM('color',(#15099),#5368);
#15099 = PRESENTATION_STYLE_ASSIGNMENT((#15100));
#15100 = SURFACE_STYLE_USAGE(.BOTH.,#15101);
#15101 = SURFACE_SIDE_STYLE('',(#15102));
#15102 = SURFACE_STYLE_FILL_AREA(#15103);
#15103 = FILL_AREA_STYLE('',(#15104));
#15104 = FILL_AREA_STYLE_COLOUR('',#15069);
#15105 = STYLED_ITEM('color',(#15106),#5392);
#15106 = PRESENTATION_STYLE_ASSIGNMENT((#15107));
#15107 = SURFACE_STYLE_USAGE(.BOTH.,#15108);
#15108 = SURFACE_SIDE_STYLE('',(#15109));
#15109 = SURFACE_STYLE_FILL_AREA(#15110);
#15110 = FILL_AREA_STYLE('',(#15111));
#15111 = FILL_AREA_STYLE_COLOUR('',#15069);
#15112 = STYLED_ITEM('color',(#15113),#5432);
#15113 = PRESENTATION_STYLE_ASSIGNMENT((#15114));
#15114 = SURFACE_STYLE_USAGE(.BOTH.,#15115);
#15115 = SURFACE_SIDE_STYLE('',(#15116));
#15116 = SURFACE_STYLE_FILL_AREA(#15117);
#15117 = FILL_AREA_STYLE('',(#15118));
#15118 = FILL_AREA_STYLE_COLOUR('',#15069);
#15119 = STYLED_ITEM('color',(#15120),#5456);
#15120 = PRESENTATION_STYLE_ASSIGNMENT((#15121));
#15121 = SURFACE_STYLE_USAGE(.BOTH.,#15122);
#15122 = SURFACE_SIDE_STYLE('',(#15123));
#15123 = SURFACE_STYLE_FILL_AREA(#15124);
#15124 = FILL_AREA_STYLE('',(#15125));
#15125 = FILL_AREA_STYLE_COLOUR('',#15069);
#15126 = STYLED_ITEM('color',(#15127),#5496);
#15127 = PRESENTATION_STYLE_ASSIGNMENT((#15128));
#15128 = SURFACE_STYLE_USAGE(.BOTH.,#15129);
#15129 = SURFACE_SIDE_STYLE('',(#15130));
#15130 = SURFACE_STYLE_FILL_AREA(#15131);
#15131 = FILL_AREA_STYLE('',(#15132));
#15132 = FILL_AREA_STYLE_COLOUR('',#15069);
#15133 = STYLED_ITEM('color',(#15134),#5520);
#15134 = PRESENTATION_STYLE_ASSIGNMENT((#15135));
#15135 = SURFACE_STYLE_USAGE(.BOTH.,#15136);
#15136 = SURFACE_SIDE_STYLE('',(#15137));
#15137 = SURFACE_STYLE_FILL_AREA(#15138);
#15138 = FILL_AREA_STYLE('',(#15139));
#15139 = FILL_AREA_STYLE_COLOUR('',#15069);
#15140 = STYLED_ITEM('color',(#15141),#5560);
#15141 = PRESENTATION_STYLE_ASSIGNMENT((#15142));
#15142 = SURFACE_STYLE_USAGE(.BOTH.,#15143);
#15143 = SURFACE_SIDE_STYLE('',(#15144));
#15144 = SURFACE_STYLE_FILL_AREA(#15145);
#15145 = FILL_AREA_STYLE('',(#15146));
#15146 = FILL_AREA_STYLE_COLOUR('',#15069);
#15147 = STYLED_ITEM('color',(#15148),#5584);
#15148 = PRESENTATION_STYLE_ASSIGNMENT((#15149));
#15149 = SURFACE_STYLE_USAGE(.BOTH.,#15150);
#15150 = SURFACE_SIDE_STYLE('',(#15151));
#15151 = SURFACE_STYLE_FILL_AREA(#15152);
#15152 = FILL_AREA_STYLE('',(#15153));
#15153 = FILL_AREA_STYLE_COLOUR('',#15069);
#15154 = STYLED_ITEM('color',(#15155),#5624);
#15155 = PRESENTATION_STYLE_ASSIGNMENT((#15156));
#15156 = SURFACE_STYLE_USAGE(.BOTH.,#15157);
#15157 = SURFACE_SIDE_STYLE('',(#15158));
#15158 = SURFACE_STYLE_FILL_AREA(#15159);
#15159 = FILL_AREA_STYLE('',(#15160));
#15160 = FILL_AREA_STYLE_COLOUR('',#15069);
#15161 = STYLED_ITEM('color',(#15162),#5648);
#15162 = PRESENTATION_STYLE_ASSIGNMENT((#15163));
#15163 = SURFACE_STYLE_USAGE(.BOTH.,#15164);
#15164 = SURFACE_SIDE_STYLE('',(#15165));
#15165 = SURFACE_STYLE_FILL_AREA(#15166);
#15166 = FILL_AREA_STYLE('',(#15167));
#15167 = FILL_AREA_STYLE_COLOUR('',#15069);
#15168 = STYLED_ITEM('color',(#15169),#5688);
#15169 = PRESENTATION_STYLE_ASSIGNMENT((#15170));
#15170 = SURFACE_STYLE_USAGE(.BOTH.,#15171);
#15171 = SURFACE_SIDE_STYLE('',(#15172));
#15172 = SURFACE_STYLE_FILL_AREA(#15173);
#15173 = FILL_AREA_STYLE('',(#15174));
#15174 = FILL_AREA_STYLE_COLOUR('',#15069);
#15175 = STYLED_ITEM('color',(#15176),#5712);
#15176 = PRESENTATION_STYLE_ASSIGNMENT((#15177));
#15177 = SURFACE_STYLE_USAGE(.BOTH.,#15178);
#15178 = SURFACE_SIDE_STYLE('',(#15179));
#15179 = SURFACE_STYLE_FILL_AREA(#15180);
#15180 = FILL_AREA_STYLE('',(#15181));
#15181 = FILL_AREA_STYLE_COLOUR('',#15069);
#15182 = STYLED_ITEM('color',(#15183),#5752);
#15183 = PRESENTATION_STYLE_ASSIGNMENT((#15184));
#15184 = SURFACE_STYLE_USAGE(.BOTH.,#15185);
#15185 = SURFACE_SIDE_STYLE('',(#15186));
#15186 = SURFACE_STYLE_FILL_AREA(#15187);
#15187 = FILL_AREA_STYLE('',(#15188));
#15188 = FILL_AREA_STYLE_COLOUR('',#15069);
#15189 = STYLED_ITEM('color',(#15190),#5792);
#15190 = PRESENTATION_STYLE_ASSIGNMENT((#15191));
#15191 = SURFACE_STYLE_USAGE(.BOTH.,#15192);
#15192 = SURFACE_SIDE_STYLE('',(#15193));
#15193 = SURFACE_STYLE_FILL_AREA(#15194);
#15194 = FILL_AREA_STYLE('',(#15195));
#15195 = FILL_AREA_STYLE_COLOUR('',#15069);
#15196 = STYLED_ITEM('color',(#15197),#5832);
#15197 = PRESENTATION_STYLE_ASSIGNMENT((#15198));
#15198 = SURFACE_STYLE_USAGE(.BOTH.,#15199);
#15199 = SURFACE_SIDE_STYLE('',(#15200));
#15200 = SURFACE_STYLE_FILL_AREA(#15201);
#15201 = FILL_AREA_STYLE('',(#15202));
#15202 = FILL_AREA_STYLE_COLOUR('',#15069);
#15203 = STYLED_ITEM('color',(#15204),#5920);
#15204 = PRESENTATION_STYLE_ASSIGNMENT((#15205));
#15205 = SURFACE_STYLE_USAGE(.BOTH.,#15206);
#15206 = SURFACE_SIDE_STYLE('',(#15207));
#15207 = SURFACE_STYLE_FILL_AREA(#15208);
#15208 = FILL_AREA_STYLE('',(#15209));
#15209 = FILL_AREA_STYLE_COLOUR('',#15069);
#15210 = STYLED_ITEM('color',(#15211),#5953);
#15211 = PRESENTATION_STYLE_ASSIGNMENT((#15212));
#15212 = SURFACE_STYLE_USAGE(.BOTH.,#15213);
#15213 = SURFACE_SIDE_STYLE('',(#15214));
#15214 = SURFACE_STYLE_FILL_AREA(#15215);
#15215 = FILL_AREA_STYLE('',(#15216));
#15216 = FILL_AREA_STYLE_COLOUR('',#15069);
#15217 = STYLED_ITEM('color',(#15218),#5977);
#15218 = PRESENTATION_STYLE_ASSIGNMENT((#15219));
#15219 = SURFACE_STYLE_USAGE(.BOTH.,#15220);
#15220 = SURFACE_SIDE_STYLE('',(#15221));
#15221 = SURFACE_STYLE_FILL_AREA(#15222);
#15222 = FILL_AREA_STYLE('',(#15223));
#15223 = FILL_AREA_STYLE_COLOUR('',#15069);
#15224 = STYLED_ITEM('color',(#15225),#6049);
#15225 = PRESENTATION_STYLE_ASSIGNMENT((#15226));
#15226 = SURFACE_STYLE_USAGE(.BOTH.,#15227);
#15227 = SURFACE_SIDE_STYLE('',(#15228));
#15228 = SURFACE_STYLE_FILL_AREA(#15229);
#15229 = FILL_AREA_STYLE('',(#15230));
#15230 = FILL_AREA_STYLE_COLOUR('',#15069);
#15231 = STYLED_ITEM('color',(#15232),#6239);
#15232 = PRESENTATION_STYLE_ASSIGNMENT((#15233));
#15233 = SURFACE_STYLE_USAGE(.BOTH.,#15234);
#15234 = SURFACE_SIDE_STYLE('',(#15235));
#15235 = SURFACE_STYLE_FILL_AREA(#15236);
#15236 = FILL_AREA_STYLE('',(#15237));
#15237 = FILL_AREA_STYLE_COLOUR('',#15069);
#15238 = STYLED_ITEM('color',(#15239),#6256);
#15239 = PRESENTATION_STYLE_ASSIGNMENT((#15240));
#15240 = SURFACE_STYLE_USAGE(.BOTH.,#15241);
#15241 = SURFACE_SIDE_STYLE('',(#15242));
#15242 = SURFACE_STYLE_FILL_AREA(#15243);
#15243 = FILL_AREA_STYLE('',(#15244));
#15244 = FILL_AREA_STYLE_COLOUR('',#15069);
#15245 = STYLED_ITEM('color',(#15246),#6302);
#15246 = PRESENTATION_STYLE_ASSIGNMENT((#15247));
#15247 = SURFACE_STYLE_USAGE(.BOTH.,#15248);
#15248 = SURFACE_SIDE_STYLE('',(#15249));
#15249 = SURFACE_STYLE_FILL_AREA(#15250);
#15250 = FILL_AREA_STYLE('',(#15251));
#15251 = FILL_AREA_STYLE_COLOUR('',#15069);
#15252 = STYLED_ITEM('color',(#15253),#6319);
#15253 = PRESENTATION_STYLE_ASSIGNMENT((#15254));
#15254 = SURFACE_STYLE_USAGE(.BOTH.,#15255);
#15255 = SURFACE_SIDE_STYLE('',(#15256));
#15256 = SURFACE_STYLE_FILL_AREA(#15257);
#15257 = FILL_AREA_STYLE('',(#15258));
#15258 = FILL_AREA_STYLE_COLOUR('',#15069);
#15259 = STYLED_ITEM('color',(#15260),#6365);
#15260 = PRESENTATION_STYLE_ASSIGNMENT((#15261));
#15261 = SURFACE_STYLE_USAGE(.BOTH.,#15262);
#15262 = SURFACE_SIDE_STYLE('',(#15263));
#15263 = SURFACE_STYLE_FILL_AREA(#15264);
#15264 = FILL_AREA_STYLE('',(#15265));
#15265 = FILL_AREA_STYLE_COLOUR('',#15069);
#15266 = STYLED_ITEM('color',(#15267),#6382);
#15267 = PRESENTATION_STYLE_ASSIGNMENT((#15268));
#15268 = SURFACE_STYLE_USAGE(.BOTH.,#15269);
#15269 = SURFACE_SIDE_STYLE('',(#15270));
#15270 = SURFACE_STYLE_FILL_AREA(#15271);
#15271 = FILL_AREA_STYLE('',(#15272));
#15272 = FILL_AREA_STYLE_COLOUR('',#15069);
#15273 = STYLED_ITEM('color',(#15274),#6428);
#15274 = PRESENTATION_STYLE_ASSIGNMENT((#15275));
#15275 = SURFACE_STYLE_USAGE(.BOTH.,#15276);
#15276 = SURFACE_SIDE_STYLE('',(#15277));
#15277 = SURFACE_STYLE_FILL_AREA(#15278);
#15278 = FILL_AREA_STYLE('',(#15279));
#15279 = FILL_AREA_STYLE_COLOUR('',#15069);
#15280 = STYLED_ITEM('color',(#15281),#6445);
#15281 = PRESENTATION_STYLE_ASSIGNMENT((#15282));
#15282 = SURFACE_STYLE_USAGE(.BOTH.,#15283);
#15283 = SURFACE_SIDE_STYLE('',(#15284));
#15284 = SURFACE_STYLE_FILL_AREA(#15285);
#15285 = FILL_AREA_STYLE('',(#15286));
#15286 = FILL_AREA_STYLE_COLOUR('',#15069);
#15287 = STYLED_ITEM('color',(#15288),#6491);
#15288 = PRESENTATION_STYLE_ASSIGNMENT((#15289));
#15289 = SURFACE_STYLE_USAGE(.BOTH.,#15290);
#15290 = SURFACE_SIDE_STYLE('',(#15291));
#15291 = SURFACE_STYLE_FILL_AREA(#15292);
#15292 = FILL_AREA_STYLE('',(#15293));
#15293 = FILL_AREA_STYLE_COLOUR('',#15069);
#15294 = STYLED_ITEM('color',(#15295),#6515);
#15295 = PRESENTATION_STYLE_ASSIGNMENT((#15296));
#15296 = SURFACE_STYLE_USAGE(.BOTH.,#15297);
#15297 = SURFACE_SIDE_STYLE('',(#15298));
#15298 = SURFACE_STYLE_FILL_AREA(#15299);
#15299 = FILL_AREA_STYLE('',(#15300));
#15300 = FILL_AREA_STYLE_COLOUR('',#15069);
#15301 = STYLED_ITEM('color',(#15302),#6580);
#15302 = PRESENTATION_STYLE_ASSIGNMENT((#15303));
#15303 = SURFACE_STYLE_USAGE(.BOTH.,#15304);
#15304 = SURFACE_SIDE_STYLE('',(#15305));
#15305 = SURFACE_STYLE_FILL_AREA(#15306);
#15306 = FILL_AREA_STYLE('',(#15307));
#15307 = FILL_AREA_STYLE_COLOUR('',#15069);
#15308 = STYLED_ITEM('color',(#15309),#6597);
#15309 = PRESENTATION_STYLE_ASSIGNMENT((#15310));
#15310 = SURFACE_STYLE_USAGE(.BOTH.,#15311);
#15311 = SURFACE_SIDE_STYLE('',(#15312));
#15312 = SURFACE_STYLE_FILL_AREA(#15313);
#15313 = FILL_AREA_STYLE('',(#15314));
#15314 = FILL_AREA_STYLE_COLOUR('',#15069);
#15315 = STYLED_ITEM('color',(#15316),#6609);
#15316 = PRESENTATION_STYLE_ASSIGNMENT((#15317));
#15317 = SURFACE_STYLE_USAGE(.BOTH.,#15318);
#15318 = SURFACE_SIDE_STYLE('',(#15319));
#15319 = SURFACE_STYLE_FILL_AREA(#15320);
#15320 = FILL_AREA_STYLE('',(#15321));
#15321 = FILL_AREA_STYLE_COLOUR('',#15069);
#15322 = STYLED_ITEM('color',(#15323),#6640);
#15323 = PRESENTATION_STYLE_ASSIGNMENT((#15324));
#15324 = SURFACE_STYLE_USAGE(.BOTH.,#15325);
#15325 = SURFACE_SIDE_STYLE('',(#15326));
#15326 = SURFACE_STYLE_FILL_AREA(#15327);
#15327 = FILL_AREA_STYLE('',(#15328));
#15328 = FILL_AREA_STYLE_COLOUR('',#15069);
#15329 = STYLED_ITEM('color',(#15330),#6665);
#15330 = PRESENTATION_STYLE_ASSIGNMENT((#15331));
#15331 = SURFACE_STYLE_USAGE(.BOTH.,#15332);
#15332 = SURFACE_SIDE_STYLE('',(#15333));
#15333 = SURFACE_STYLE_FILL_AREA(#15334);
#15334 = FILL_AREA_STYLE('',(#15335));
#15335 = FILL_AREA_STYLE_COLOUR('',#15069);
#15336 = STYLED_ITEM('color',(#15337),#6682);
#15337 = PRESENTATION_STYLE_ASSIGNMENT((#15338));
#15338 = SURFACE_STYLE_USAGE(.BOTH.,#15339);
#15339 = SURFACE_SIDE_STYLE('',(#15340));
#15340 = SURFACE_STYLE_FILL_AREA(#15341);
#15341 = FILL_AREA_STYLE('',(#15342));
#15342 = FILL_AREA_STYLE_COLOUR('',#15069);
#15343 = STYLED_ITEM('color',(#15344),#6714);
#15344 = PRESENTATION_STYLE_ASSIGNMENT((#15345));
#15345 = SURFACE_STYLE_USAGE(.BOTH.,#15346);
#15346 = SURFACE_SIDE_STYLE('',(#15347));
#15347 = SURFACE_STYLE_FILL_AREA(#15348);
#15348 = FILL_AREA_STYLE('',(#15349));
#15349 = FILL_AREA_STYLE_COLOUR('',#15069);
#15350 = STYLED_ITEM('color',(#15351),#6738);
#15351 = PRESENTATION_STYLE_ASSIGNMENT((#15352));
#15352 = SURFACE_STYLE_USAGE(.BOTH.,#15353);
#15353 = SURFACE_SIDE_STYLE('',(#15354));
#15354 = SURFACE_STYLE_FILL_AREA(#15355);
#15355 = FILL_AREA_STYLE('',(#15356));
#15356 = FILL_AREA_STYLE_COLOUR('',#15069);
#15357 = STYLED_ITEM('color',(#15358),#6755);
#15358 = PRESENTATION_STYLE_ASSIGNMENT((#15359));
#15359 = SURFACE_STYLE_USAGE(.BOTH.,#15360);
#15360 = SURFACE_SIDE_STYLE('',(#15361));
#15361 = SURFACE_STYLE_FILL_AREA(#15362);
#15362 = FILL_AREA_STYLE('',(#15363));
#15363 = FILL_AREA_STYLE_COLOUR('',#15069);
#15364 = STYLED_ITEM('color',(#15365),#6767);
#15365 = PRESENTATION_STYLE_ASSIGNMENT((#15366));
#15366 = SURFACE_STYLE_USAGE(.BOTH.,#15367);
#15367 = SURFACE_SIDE_STYLE('',(#15368));
#15368 = SURFACE_STYLE_FILL_AREA(#15369);
#15369 = FILL_AREA_STYLE('',(#15370));
#15370 = FILL_AREA_STYLE_COLOUR('',#15069);
#15371 = STYLED_ITEM('color',(#15372),#6791);
#15372 = PRESENTATION_STYLE_ASSIGNMENT((#15373));
#15373 = SURFACE_STYLE_USAGE(.BOTH.,#15374);
#15374 = SURFACE_SIDE_STYLE('',(#15375));
#15375 = SURFACE_STYLE_FILL_AREA(#15376);
#15376 = FILL_AREA_STYLE('',(#15377));
#15377 = FILL_AREA_STYLE_COLOUR('',#15069);
#15378 = STYLED_ITEM('color',(#15379),#6816);
#15379 = PRESENTATION_STYLE_ASSIGNMENT((#15380));
#15380 = SURFACE_STYLE_USAGE(.BOTH.,#15381);
#15381 = SURFACE_SIDE_STYLE('',(#15382));
#15382 = SURFACE_STYLE_FILL_AREA(#15383);
#15383 = FILL_AREA_STYLE('',(#15384));
#15384 = FILL_AREA_STYLE_COLOUR('',#15069);
#15385 = STYLED_ITEM('color',(#15386),#6993);
#15386 = PRESENTATION_STYLE_ASSIGNMENT((#15387));
#15387 = SURFACE_STYLE_USAGE(.BOTH.,#15388);
#15388 = SURFACE_SIDE_STYLE('',(#15389));
#15389 = SURFACE_STYLE_FILL_AREA(#15390);
#15390 = FILL_AREA_STYLE('',(#15391));
#15391 = FILL_AREA_STYLE_COLOUR('',#15069);
#15392 = STYLED_ITEM('color',(#15393),#7010);
#15393 = PRESENTATION_STYLE_ASSIGNMENT((#15394));
#15394 = SURFACE_STYLE_USAGE(.BOTH.,#15395);
#15395 = SURFACE_SIDE_STYLE('',(#15396));
#15396 = SURFACE_STYLE_FILL_AREA(#15397);
#15397 = FILL_AREA_STYLE('',(#15398));
#15398 = FILL_AREA_STYLE_COLOUR('',#15069);
#15399 = STYLED_ITEM('color',(#15400),#7027);
#15400 = PRESENTATION_STYLE_ASSIGNMENT((#15401));
#15401 = SURFACE_STYLE_USAGE(.BOTH.,#15402);
#15402 = SURFACE_SIDE_STYLE('',(#15403));
#15403 = SURFACE_STYLE_FILL_AREA(#15404);
#15404 = FILL_AREA_STYLE('',(#15405));
#15405 = FILL_AREA_STYLE_COLOUR('',#15069);
#15406 = STYLED_ITEM('color',(#15407),#7044);
#15407 = PRESENTATION_STYLE_ASSIGNMENT((#15408));
#15408 = SURFACE_STYLE_USAGE(.BOTH.,#15409);
#15409 = SURFACE_SIDE_STYLE('',(#15410));
#15410 = SURFACE_STYLE_FILL_AREA(#15411);
#15411 = FILL_AREA_STYLE('',(#15412));
#15412 = FILL_AREA_STYLE_COLOUR('',#15069);
#15413 = STYLED_ITEM('color',(#15414),#7061);
#15414 = PRESENTATION_STYLE_ASSIGNMENT((#15415));
#15415 = SURFACE_STYLE_USAGE(.BOTH.,#15416);
#15416 = SURFACE_SIDE_STYLE('',(#15417));
#15417 = SURFACE_STYLE_FILL_AREA(#15418);
#15418 = FILL_AREA_STYLE('',(#15419));
#15419 = FILL_AREA_STYLE_COLOUR('',#15069);
#15420 = STYLED_ITEM('color',(#15421),#7078);
#15421 = PRESENTATION_STYLE_ASSIGNMENT((#15422));
#15422 = SURFACE_STYLE_USAGE(.BOTH.,#15423);
#15423 = SURFACE_SIDE_STYLE('',(#15424));
#15424 = SURFACE_STYLE_FILL_AREA(#15425);
#15425 = FILL_AREA_STYLE('',(#15426));
#15426 = FILL_AREA_STYLE_COLOUR('',#15069);
#15427 = STYLED_ITEM('color',(#15428),#7095);
#15428 = PRESENTATION_STYLE_ASSIGNMENT((#15429));
#15429 = SURFACE_STYLE_USAGE(.BOTH.,#15430);
#15430 = SURFACE_SIDE_STYLE('',(#15431));
#15431 = SURFACE_STYLE_FILL_AREA(#15432);
#15432 = FILL_AREA_STYLE('',(#15433));
#15433 = FILL_AREA_STYLE_COLOUR('',#15069);
#15434 = STYLED_ITEM('color',(#15435),#7112);
#15435 = PRESENTATION_STYLE_ASSIGNMENT((#15436));
#15436 = SURFACE_STYLE_USAGE(.BOTH.,#15437);
#15437 = SURFACE_SIDE_STYLE('',(#15438));
#15438 = SURFACE_STYLE_FILL_AREA(#15439);
#15439 = FILL_AREA_STYLE('',(#15440));
#15440 = FILL_AREA_STYLE_COLOUR('',#15069);
#15441 = STYLED_ITEM('color',(#15442),#7129);
#15442 = PRESENTATION_STYLE_ASSIGNMENT((#15443));
#15443 = SURFACE_STYLE_USAGE(.BOTH.,#15444);
#15444 = SURFACE_SIDE_STYLE('',(#15445));
#15445 = SURFACE_STYLE_FILL_AREA(#15446);
#15446 = FILL_AREA_STYLE('',(#15447));
#15447 = FILL_AREA_STYLE_COLOUR('',#15069);
#15448 = STYLED_ITEM('color',(#15449),#7146);
#15449 = PRESENTATION_STYLE_ASSIGNMENT((#15450));
#15450 = SURFACE_STYLE_USAGE(.BOTH.,#15451);
#15451 = SURFACE_SIDE_STYLE('',(#15452));
#15452 = SURFACE_STYLE_FILL_AREA(#15453);
#15453 = FILL_AREA_STYLE('',(#15454));
#15454 = FILL_AREA_STYLE_COLOUR('',#15069);
#15455 = STYLED_ITEM('color',(#15456),#7163);
#15456 = PRESENTATION_STYLE_ASSIGNMENT((#15457));
#15457 = SURFACE_STYLE_USAGE(.BOTH.,#15458);
#15458 = SURFACE_SIDE_STYLE('',(#15459));
#15459 = SURFACE_STYLE_FILL_AREA(#15460);
#15460 = FILL_AREA_STYLE('',(#15461));
#15461 = FILL_AREA_STYLE_COLOUR('',#15069);
#15462 = STYLED_ITEM('color',(#15463),#7180);
#15463 = PRESENTATION_STYLE_ASSIGNMENT((#15464));
#15464 = SURFACE_STYLE_USAGE(.BOTH.,#15465);
#15465 = SURFACE_SIDE_STYLE('',(#15466));
#15466 = SURFACE_STYLE_FILL_AREA(#15467);
#15467 = FILL_AREA_STYLE('',(#15468));
#15468 = FILL_AREA_STYLE_COLOUR('',#15069);
#15469 = STYLED_ITEM('color',(#15470),#7197);
#15470 = PRESENTATION_STYLE_ASSIGNMENT((#15471));
#15471 = SURFACE_STYLE_USAGE(.BOTH.,#15472);
#15472 = SURFACE_SIDE_STYLE('',(#15473));
#15473 = SURFACE_STYLE_FILL_AREA(#15474);
#15474 = FILL_AREA_STYLE('',(#15475));
#15475 = FILL_AREA_STYLE_COLOUR('',#15069);
#15476 = STYLED_ITEM('color',(#15477),#7214);
#15477 = PRESENTATION_STYLE_ASSIGNMENT((#15478));
#15478 = SURFACE_STYLE_USAGE(.BOTH.,#15479);
#15479 = SURFACE_SIDE_STYLE('',(#15480));
#15480 = SURFACE_STYLE_FILL_AREA(#15481);
#15481 = FILL_AREA_STYLE('',(#15482));
#15482 = FILL_AREA_STYLE_COLOUR('',#15069);
#15483 = STYLED_ITEM('color',(#15484),#7231);
#15484 = PRESENTATION_STYLE_ASSIGNMENT((#15485));
#15485 = SURFACE_STYLE_USAGE(.BOTH.,#15486);
#15486 = SURFACE_SIDE_STYLE('',(#15487));
#15487 = SURFACE_STYLE_FILL_AREA(#15488);
#15488 = FILL_AREA_STYLE('',(#15489));
#15489 = FILL_AREA_STYLE_COLOUR('',#15069);
#15490 = STYLED_ITEM('color',(#15491),#7248);
#15491 = PRESENTATION_STYLE_ASSIGNMENT((#15492));
#15492 = SURFACE_STYLE_USAGE(.BOTH.,#15493);
#15493 = SURFACE_SIDE_STYLE('',(#15494));
#15494 = SURFACE_STYLE_FILL_AREA(#15495);
#15495 = FILL_AREA_STYLE('',(#15496));
#15496 = FILL_AREA_STYLE_COLOUR('',#15069);
#15497 = STYLED_ITEM('color',(#15498),#7265);
#15498 = PRESENTATION_STYLE_ASSIGNMENT((#15499));
#15499 = SURFACE_STYLE_USAGE(.BOTH.,#15500);
#15500 = SURFACE_SIDE_STYLE('',(#15501));
#15501 = SURFACE_STYLE_FILL_AREA(#15502);
#15502 = FILL_AREA_STYLE('',(#15503));
#15503 = FILL_AREA_STYLE_COLOUR('',#15069);
#15504 = STYLED_ITEM('color',(#15505),#7277);
#15505 = PRESENTATION_STYLE_ASSIGNMENT((#15506));
#15506 = SURFACE_STYLE_USAGE(.BOTH.,#15507);
#15507 = SURFACE_SIDE_STYLE('',(#15508));
#15508 = SURFACE_STYLE_FILL_AREA(#15509);
#15509 = FILL_AREA_STYLE('',(#15510));
#15510 = FILL_AREA_STYLE_COLOUR('',#15511);
#15511 = COLOUR_RGB('',0.823529417451,0.819607860991,0.780392170416);
#15512 = STYLED_ITEM('color',(#15513),#7374);
#15513 = PRESENTATION_STYLE_ASSIGNMENT((#15514));
#15514 = SURFACE_STYLE_USAGE(.BOTH.,#15515);
#15515 = SURFACE_SIDE_STYLE('',(#15516));
#15516 = SURFACE_STYLE_FILL_AREA(#15517);
#15517 = FILL_AREA_STYLE('',(#15518));
#15518 = FILL_AREA_STYLE_COLOUR('',#15511);
#15519 = STYLED_ITEM('color',(#15520),#7398);
#15520 = PRESENTATION_STYLE_ASSIGNMENT((#15521));
#15521 = SURFACE_STYLE_USAGE(.BOTH.,#15522);
#15522 = SURFACE_SIDE_STYLE('',(#15523));
#15523 = SURFACE_STYLE_FILL_AREA(#15524);
#15524 = FILL_AREA_STYLE('',(#15525));
#15525 = FILL_AREA_STYLE_COLOUR('',#15511);
#15526 = STYLED_ITEM('color',(#15527),#7488);
#15527 = PRESENTATION_STYLE_ASSIGNMENT((#15528));
#15528 = SURFACE_STYLE_USAGE(.BOTH.,#15529);
#15529 = SURFACE_SIDE_STYLE('',(#15530));
#15530 = SURFACE_STYLE_FILL_AREA(#15531);
#15531 = FILL_AREA_STYLE('',(#15532));
#15532 = FILL_AREA_STYLE_COLOUR('',#15511);
#15533 = STYLED_ITEM('color',(#15534),#7505);
#15534 = PRESENTATION_STYLE_ASSIGNMENT((#15535));
#15535 = SURFACE_STYLE_USAGE(.BOTH.,#15536);
#15536 = SURFACE_SIDE_STYLE('',(#15537));
#15537 = SURFACE_STYLE_FILL_AREA(#15538);
#15538 = FILL_AREA_STYLE('',(#15539));
#15539 = FILL_AREA_STYLE_COLOUR('',#15511);
#15540 = STYLED_ITEM('color',(#15541),#7536);
#15541 = PRESENTATION_STYLE_ASSIGNMENT((#15542));
#15542 = SURFACE_STYLE_USAGE(.BOTH.,#15543);
#15543 = SURFACE_SIDE_STYLE('',(#15544));
#15544 = SURFACE_STYLE_FILL_AREA(#15545);
#15545 = FILL_AREA_STYLE('',(#15546));
#15546 = FILL_AREA_STYLE_COLOUR('',#15511);
#15547 = STYLED_ITEM('color',(#15548),#7594);
#15548 = PRESENTATION_STYLE_ASSIGNMENT((#15549));
#15549 = SURFACE_STYLE_USAGE(.BOTH.,#15550);
#15550 = SURFACE_SIDE_STYLE('',(#15551));
#15551 = SURFACE_STYLE_FILL_AREA(#15552);
#15552 = FILL_AREA_STYLE('',(#15553));
#15553 = FILL_AREA_STYLE_COLOUR('',#15511);
#15554 = STYLED_ITEM('color',(#15555),#7618);
#15555 = PRESENTATION_STYLE_ASSIGNMENT((#15556));
#15556 = SURFACE_STYLE_USAGE(.BOTH.,#15557);
#15557 = SURFACE_SIDE_STYLE('',(#15558));
#15558 = SURFACE_STYLE_FILL_AREA(#15559);
#15559 = FILL_AREA_STYLE('',(#15560));
#15560 = FILL_AREA_STYLE_COLOUR('',#15511);
#15561 = STYLED_ITEM('color',(#15562),#7669);
#15562 = PRESENTATION_STYLE_ASSIGNMENT((#15563));
#15563 = SURFACE_STYLE_USAGE(.BOTH.,#15564);
#15564 = SURFACE_SIDE_STYLE('',(#15565));
#15565 = SURFACE_STYLE_FILL_AREA(#15566);
#15566 = FILL_AREA_STYLE('',(#15567));
#15567 = FILL_AREA_STYLE_COLOUR('',#15511);
#15568 = STYLED_ITEM('color',(#15569),#7700);
#15569 = PRESENTATION_STYLE_ASSIGNMENT((#15570));
#15570 = SURFACE_STYLE_USAGE(.BOTH.,#15571);
#15571 = SURFACE_SIDE_STYLE('',(#15572));
#15572 = SURFACE_STYLE_FILL_AREA(#15573);
#15573 = FILL_AREA_STYLE('',(#15574));
#15574 = FILL_AREA_STYLE_COLOUR('',#15511);
#15575 = STYLED_ITEM('color',(#15576),#7758);
#15576 = PRESENTATION_STYLE_ASSIGNMENT((#15577));
#15577 = SURFACE_STYLE_USAGE(.BOTH.,#15578);
#15578 = SURFACE_SIDE_STYLE('',(#15579));
#15579 = SURFACE_STYLE_FILL_AREA(#15580);
#15580 = FILL_AREA_STYLE('',(#15581));
#15581 = FILL_AREA_STYLE_COLOUR('',#15511);
#15582 = STYLED_ITEM('color',(#15583),#7782);
#15583 = PRESENTATION_STYLE_ASSIGNMENT((#15584));
#15584 = SURFACE_STYLE_USAGE(.BOTH.,#15585);
#15585 = SURFACE_SIDE_STYLE('',(#15586));
#15586 = SURFACE_STYLE_FILL_AREA(#15587);
#15587 = FILL_AREA_STYLE('',(#15588));
#15588 = FILL_AREA_STYLE_COLOUR('',#15511);
#15589 = STYLED_ITEM('color',(#15590),#7833);
#15590 = PRESENTATION_STYLE_ASSIGNMENT((#15591));
#15591 = SURFACE_STYLE_USAGE(.BOTH.,#15592);
#15592 = SURFACE_SIDE_STYLE('',(#15593));
#15593 = SURFACE_STYLE_FILL_AREA(#15594);
#15594 = FILL_AREA_STYLE('',(#15595));
#15595 = FILL_AREA_STYLE_COLOUR('',#15511);
#15596 = STYLED_ITEM('color',(#15597),#7930);
#15597 = PRESENTATION_STYLE_ASSIGNMENT((#15598));
#15598 = SURFACE_STYLE_USAGE(.BOTH.,#15599);
#15599 = SURFACE_SIDE_STYLE('',(#15600));
#15600 = SURFACE_STYLE_FILL_AREA(#15601);
#15601 = FILL_AREA_STYLE('',(#15602));
#15602 = FILL_AREA_STYLE_COLOUR('',#15511);
#15603 = STYLED_ITEM('color',(#15604),#7954);
#15604 = PRESENTATION_STYLE_ASSIGNMENT((#15605));
#15605 = SURFACE_STYLE_USAGE(.BOTH.,#15606);
#15606 = SURFACE_SIDE_STYLE('',(#15607));
#15607 = SURFACE_STYLE_FILL_AREA(#15608);
#15608 = FILL_AREA_STYLE('',(#15609));
#15609 = FILL_AREA_STYLE_COLOUR('',#15511);
#15610 = STYLED_ITEM('color',(#15611),#8044);
#15611 = PRESENTATION_STYLE_ASSIGNMENT((#15612));
#15612 = SURFACE_STYLE_USAGE(.BOTH.,#15613);
#15613 = SURFACE_SIDE_STYLE('',(#15614));
#15614 = SURFACE_STYLE_FILL_AREA(#15615);
#15615 = FILL_AREA_STYLE('',(#15616));
#15616 = FILL_AREA_STYLE_COLOUR('',#15511);
#15617 = STYLED_ITEM('color',(#15618),#8061);
#15618 = PRESENTATION_STYLE_ASSIGNMENT((#15619));
#15619 = SURFACE_STYLE_USAGE(.BOTH.,#15620);
#15620 = SURFACE_SIDE_STYLE('',(#15621));
#15621 = SURFACE_STYLE_FILL_AREA(#15622);
#15622 = FILL_AREA_STYLE('',(#15623));
#15623 = FILL_AREA_STYLE_COLOUR('',#15069);
#15624 = STYLED_ITEM('color',(#15625),#8086);
#15625 = PRESENTATION_STYLE_ASSIGNMENT((#15626));
#15626 = SURFACE_STYLE_USAGE(.BOTH.,#15627);
#15627 = SURFACE_SIDE_STYLE('',(#15628));
#15628 = SURFACE_STYLE_FILL_AREA(#15629);
#15629 = FILL_AREA_STYLE('',(#15630));
#15630 = FILL_AREA_STYLE_COLOUR('',#15069);
#15631 = STYLED_ITEM('color',(#15632),#8103);
#15632 = PRESENTATION_STYLE_ASSIGNMENT((#15633));
#15633 = SURFACE_STYLE_USAGE(.BOTH.,#15634);
#15634 = SURFACE_SIDE_STYLE('',(#15635));
#15635 = SURFACE_STYLE_FILL_AREA(#15636);
#15636 = FILL_AREA_STYLE('',(#15637));
#15637 = FILL_AREA_STYLE_COLOUR('',#15069);
#15638 = STYLED_ITEM('color',(#15639),#8130);
#15639 = PRESENTATION_STYLE_ASSIGNMENT((#15640));
#15640 = SURFACE_STYLE_USAGE(.BOTH.,#15641);
#15641 = SURFACE_SIDE_STYLE('',(#15642));
#15642 = SURFACE_STYLE_FILL_AREA(#15643);
#15643 = FILL_AREA_STYLE('',(#15644));
#15644 = FILL_AREA_STYLE_COLOUR('',#15069);
#15645 = STYLED_ITEM('color',(#15646),#8157);
#15646 = PRESENTATION_STYLE_ASSIGNMENT((#15647));
#15647 = SURFACE_STYLE_USAGE(.BOTH.,#15648);
#15648 = SURFACE_SIDE_STYLE('',(#15649));
#15649 = SURFACE_STYLE_FILL_AREA(#15650);
#15650 = FILL_AREA_STYLE('',(#15651));
#15651 = FILL_AREA_STYLE_COLOUR('',#15069);
#15652 = STYLED_ITEM('color',(#15653),#8174);
#15653 = PRESENTATION_STYLE_ASSIGNMENT((#15654));
#15654 = SURFACE_STYLE_USAGE(.BOTH.,#15655);
#15655 = SURFACE_SIDE_STYLE('',(#15656));
#15656 = SURFACE_STYLE_FILL_AREA(#15657);
#15657 = FILL_AREA_STYLE('',(#15658));
#15658 = FILL_AREA_STYLE_COLOUR('',#15069);
#15659 = STYLED_ITEM('color',(#15660),#8322);
#15660 = PRESENTATION_STYLE_ASSIGNMENT((#15661));
#15661 = SURFACE_STYLE_USAGE(.BOTH.,#15662);
#15662 = SURFACE_SIDE_STYLE('',(#15663));
#15663 = SURFACE_STYLE_FILL_AREA(#15664);
#15664 = FILL_AREA_STYLE('',(#15665));
#15665 = FILL_AREA_STYLE_COLOUR('',#15511);
#15666 = STYLED_ITEM('color',(#15667),#8339);
#15667 = PRESENTATION_STYLE_ASSIGNMENT((#15668));
#15668 = SURFACE_STYLE_USAGE(.BOTH.,#15669);
#15669 = SURFACE_SIDE_STYLE('',(#15670));
#15670 = SURFACE_STYLE_FILL_AREA(#15671);
#15671 = FILL_AREA_STYLE('',(#15672));
#15672 = FILL_AREA_STYLE_COLOUR('',#15511);
#15673 = STYLED_ITEM('color',(#15674),#8356);
#15674 = PRESENTATION_STYLE_ASSIGNMENT((#15675));
#15675 = SURFACE_STYLE_USAGE(.BOTH.,#15676);
#15676 = SURFACE_SIDE_STYLE('',(#15677));
#15677 = SURFACE_STYLE_FILL_AREA(#15678);
#15678 = FILL_AREA_STYLE('',(#15679));
#15679 = FILL_AREA_STYLE_COLOUR('',#15511);
#15680 = STYLED_ITEM('color',(#15681),#8373);
#15681 = PRESENTATION_STYLE_ASSIGNMENT((#15682));
#15682 = SURFACE_STYLE_USAGE(.BOTH.,#15683);
#15683 = SURFACE_SIDE_STYLE('',(#15684));
#15684 = SURFACE_STYLE_FILL_AREA(#15685);
#15685 = FILL_AREA_STYLE('',(#15686));
#15686 = FILL_AREA_STYLE_COLOUR('',#15511);
#15687 = STYLED_ITEM('color',(#15688),#8406);
#15688 = PRESENTATION_STYLE_ASSIGNMENT((#15689));
#15689 = SURFACE_STYLE_USAGE(.BOTH.,#15690);
#15690 = SURFACE_SIDE_STYLE('',(#15691));
#15691 = SURFACE_STYLE_FILL_AREA(#15692);
#15692 = FILL_AREA_STYLE('',(#15693));
#15693 = FILL_AREA_STYLE_COLOUR('',#15511);
#15694 = STYLED_ITEM('color',(#15695),#8446);
#15695 = PRESENTATION_STYLE_ASSIGNMENT((#15696));
#15696 = SURFACE_STYLE_USAGE(.BOTH.,#15697);
#15697 = SURFACE_SIDE_STYLE('',(#15698));
#15698 = SURFACE_STYLE_FILL_AREA(#15699);
#15699 = FILL_AREA_STYLE('',(#15700));
#15700 = FILL_AREA_STYLE_COLOUR('',#15511);
#15701 = STYLED_ITEM('color',(#15702),#8477);
#15702 = PRESENTATION_STYLE_ASSIGNMENT((#15703));
#15703 = SURFACE_STYLE_USAGE(.BOTH.,#15704);
#15704 = SURFACE_SIDE_STYLE('',(#15705));
#15705 = SURFACE_STYLE_FILL_AREA(#15706);
#15706 = FILL_AREA_STYLE('',(#15707));
#15707 = FILL_AREA_STYLE_COLOUR('',#15511);
#15708 = STYLED_ITEM('color',(#15709),#8494);
#15709 = PRESENTATION_STYLE_ASSIGNMENT((#15710));
#15710 = SURFACE_STYLE_USAGE(.BOTH.,#15711);
#15711 = SURFACE_SIDE_STYLE('',(#15712));
#15712 = SURFACE_STYLE_FILL_AREA(#15713);
#15713 = FILL_AREA_STYLE('',(#15714));
#15714 = FILL_AREA_STYLE_COLOUR('',#15511);
#15715 = STYLED_ITEM('color',(#15716),#8511);
#15716 = PRESENTATION_STYLE_ASSIGNMENT((#15717));
#15717 = SURFACE_STYLE_USAGE(.BOTH.,#15718);
#15718 = SURFACE_SIDE_STYLE('',(#15719));
#15719 = SURFACE_STYLE_FILL_AREA(#15720);
#15720 = FILL_AREA_STYLE('',(#15721));
#15721 = FILL_AREA_STYLE_COLOUR('',#15511);
#15722 = STYLED_ITEM('color',(#15723),#8523);
#15723 = PRESENTATION_STYLE_ASSIGNMENT((#15724));
#15724 = SURFACE_STYLE_USAGE(.BOTH.,#15725);
#15725 = SURFACE_SIDE_STYLE('',(#15726));
#15726 = SURFACE_STYLE_FILL_AREA(#15727);
#15727 = FILL_AREA_STYLE('',(#15728));
#15728 = FILL_AREA_STYLE_COLOUR('',#15511);
#15729 = STYLED_ITEM('color',(#15730),#8556);
#15730 = PRESENTATION_STYLE_ASSIGNMENT((#15731));
#15731 = SURFACE_STYLE_USAGE(.BOTH.,#15732);
#15732 = SURFACE_SIDE_STYLE('',(#15733));
#15733 = SURFACE_STYLE_FILL_AREA(#15734);
#15734 = FILL_AREA_STYLE('',(#15735));
#15735 = FILL_AREA_STYLE_COLOUR('',#15511);
#15736 = STYLED_ITEM('color',(#15737),#8573);
#15737 = PRESENTATION_STYLE_ASSIGNMENT((#15738));
#15738 = SURFACE_STYLE_USAGE(.BOTH.,#15739);
#15739 = SURFACE_SIDE_STYLE('',(#15740));
#15740 = SURFACE_STYLE_FILL_AREA(#15741);
#15741 = FILL_AREA_STYLE('',(#15742));
#15742 = FILL_AREA_STYLE_COLOUR('',#15511);
#15743 = STYLED_ITEM('color',(#15744),#8590);
#15744 = PRESENTATION_STYLE_ASSIGNMENT((#15745));
#15745 = SURFACE_STYLE_USAGE(.BOTH.,#15746);
#15746 = SURFACE_SIDE_STYLE('',(#15747));
#15747 = SURFACE_STYLE_FILL_AREA(#15748);
#15748 = FILL_AREA_STYLE('',(#15749));
#15749 = FILL_AREA_STYLE_COLOUR('',#15511);
#15750 = STYLED_ITEM('color',(#15751),#8607);
#15751 = PRESENTATION_STYLE_ASSIGNMENT((#15752));
#15752 = SURFACE_STYLE_USAGE(.BOTH.,#15753);
#15753 = SURFACE_SIDE_STYLE('',(#15754));
#15754 = SURFACE_STYLE_FILL_AREA(#15755);
#15755 = FILL_AREA_STYLE('',(#15756));
#15756 = FILL_AREA_STYLE_COLOUR('',#15511);
#15757 = STYLED_ITEM('color',(#15758),#8638);
#15758 = PRESENTATION_STYLE_ASSIGNMENT((#15759));
#15759 = SURFACE_STYLE_USAGE(.BOTH.,#15760);
#15760 = SURFACE_SIDE_STYLE('',(#15761));
#15761 = SURFACE_STYLE_FILL_AREA(#15762);
#15762 = FILL_AREA_STYLE('',(#15763));
#15763 = FILL_AREA_STYLE_COLOUR('',#15511);
#15764 = STYLED_ITEM('color',(#15765),#8655);
#15765 = PRESENTATION_STYLE_ASSIGNMENT((#15766));
#15766 = SURFACE_STYLE_USAGE(.BOTH.,#15767);
#15767 = SURFACE_SIDE_STYLE('',(#15768));
#15768 = SURFACE_STYLE_FILL_AREA(#15769);
#15769 = FILL_AREA_STYLE('',(#15770));
#15770 = FILL_AREA_STYLE_COLOUR('',#15511);
#15771 = STYLED_ITEM('color',(#15772),#8686);
#15772 = PRESENTATION_STYLE_ASSIGNMENT((#15773));
#15773 = SURFACE_STYLE_USAGE(.BOTH.,#15774);
#15774 = SURFACE_SIDE_STYLE('',(#15775));
#15775 = SURFACE_STYLE_FILL_AREA(#15776);
#15776 = FILL_AREA_STYLE('',(#15777));
#15777 = FILL_AREA_STYLE_COLOUR('',#15511);
#15778 = STYLED_ITEM('color',(#15779),#8703);
#15779 = PRESENTATION_STYLE_ASSIGNMENT((#15780));
#15780 = SURFACE_STYLE_USAGE(.BOTH.,#15781);
#15781 = SURFACE_SIDE_STYLE('',(#15782));
#15782 = SURFACE_STYLE_FILL_AREA(#15783);
#15783 = FILL_AREA_STYLE('',(#15784));
#15784 = FILL_AREA_STYLE_COLOUR('',#15511);
#15785 = STYLED_ITEM('color',(#15786),#8720);
#15786 = PRESENTATION_STYLE_ASSIGNMENT((#15787));
#15787 = SURFACE_STYLE_USAGE(.BOTH.,#15788);
#15788 = SURFACE_SIDE_STYLE('',(#15789));
#15789 = SURFACE_STYLE_FILL_AREA(#15790);
#15790 = FILL_AREA_STYLE('',(#15791));
#15791 = FILL_AREA_STYLE_COLOUR('',#15511);
#15792 = STYLED_ITEM('color',(#15793),#8737);
#15793 = PRESENTATION_STYLE_ASSIGNMENT((#15794));
#15794 = SURFACE_STYLE_USAGE(.BOTH.,#15795);
#15795 = SURFACE_SIDE_STYLE('',(#15796));
#15796 = SURFACE_STYLE_FILL_AREA(#15797);
#15797 = FILL_AREA_STYLE('',(#15798));
#15798 = FILL_AREA_STYLE_COLOUR('',#15511);
#15799 = STYLED_ITEM('color',(#15800),#8768);
#15800 = PRESENTATION_STYLE_ASSIGNMENT((#15801));
#15801 = SURFACE_STYLE_USAGE(.BOTH.,#15802);
#15802 = SURFACE_SIDE_STYLE('',(#15803));
#15803 = SURFACE_STYLE_FILL_AREA(#15804);
#15804 = FILL_AREA_STYLE('',(#15805));
#15805 = FILL_AREA_STYLE_COLOUR('',#15511);
#15806 = STYLED_ITEM('color',(#15807),#8785);
#15807 = PRESENTATION_STYLE_ASSIGNMENT((#15808));
#15808 = SURFACE_STYLE_USAGE(.BOTH.,#15809);
#15809 = SURFACE_SIDE_STYLE('',(#15810));
#15810 = SURFACE_STYLE_FILL_AREA(#15811);
#15811 = FILL_AREA_STYLE('',(#15812));
#15812 = FILL_AREA_STYLE_COLOUR('',#15511);
#15813 = STYLED_ITEM('color',(#15814),#8816);
#15814 = PRESENTATION_STYLE_ASSIGNMENT((#15815));
#15815 = SURFACE_STYLE_USAGE(.BOTH.,#15816);
#15816 = SURFACE_SIDE_STYLE('',(#15817));
#15817 = SURFACE_STYLE_FILL_AREA(#15818);
#15818 = FILL_AREA_STYLE('',(#15819));
#15819 = FILL_AREA_STYLE_COLOUR('',#15511);
#15820 = STYLED_ITEM('color',(#15821),#8833);
#15821 = PRESENTATION_STYLE_ASSIGNMENT((#15822));
#15822 = SURFACE_STYLE_USAGE(.BOTH.,#15823);
#15823 = SURFACE_SIDE_STYLE('',(#15824));
#15824 = SURFACE_STYLE_FILL_AREA(#15825);
#15825 = FILL_AREA_STYLE('',(#15826));
#15826 = FILL_AREA_STYLE_COLOUR('',#15511);
#15827 = STYLED_ITEM('color',(#15828),#8850);
#15828 = PRESENTATION_STYLE_ASSIGNMENT((#15829));
#15829 = SURFACE_STYLE_USAGE(.BOTH.,#15830);
#15830 = SURFACE_SIDE_STYLE('',(#15831));
#15831 = SURFACE_STYLE_FILL_AREA(#15832);
#15832 = FILL_AREA_STYLE('',(#15833));
#15833 = FILL_AREA_STYLE_COLOUR('',#15511);
#15834 = STYLED_ITEM('color',(#15835),#8867);
#15835 = PRESENTATION_STYLE_ASSIGNMENT((#15836));
#15836 = SURFACE_STYLE_USAGE(.BOTH.,#15837);
#15837 = SURFACE_SIDE_STYLE('',(#15838));
#15838 = SURFACE_STYLE_FILL_AREA(#15839);
#15839 = FILL_AREA_STYLE('',(#15840));
#15840 = FILL_AREA_STYLE_COLOUR('',#15511);
#15841 = STYLED_ITEM('color',(#15842),#8900);
#15842 = PRESENTATION_STYLE_ASSIGNMENT((#15843));
#15843 = SURFACE_STYLE_USAGE(.BOTH.,#15844);
#15844 = SURFACE_SIDE_STYLE('',(#15845));
#15845 = SURFACE_STYLE_FILL_AREA(#15846);
#15846 = FILL_AREA_STYLE('',(#15847));
#15847 = FILL_AREA_STYLE_COLOUR('',#15511);
#15848 = STYLED_ITEM('color',(#15849),#8940);
#15849 = PRESENTATION_STYLE_ASSIGNMENT((#15850));
#15850 = SURFACE_STYLE_USAGE(.BOTH.,#15851);
#15851 = SURFACE_SIDE_STYLE('',(#15852));
#15852 = SURFACE_STYLE_FILL_AREA(#15853);
#15853 = FILL_AREA_STYLE('',(#15854));
#15854 = FILL_AREA_STYLE_COLOUR('',#15511);
#15855 = STYLED_ITEM('color',(#15856),#8971);
#15856 = PRESENTATION_STYLE_ASSIGNMENT((#15857));
#15857 = SURFACE_STYLE_USAGE(.BOTH.,#15858);
#15858 = SURFACE_SIDE_STYLE('',(#15859));
#15859 = SURFACE_STYLE_FILL_AREA(#15860);
#15860 = FILL_AREA_STYLE('',(#15861));
#15861 = FILL_AREA_STYLE_COLOUR('',#15511);
#15862 = STYLED_ITEM('color',(#15863),#8988);
#15863 = PRESENTATION_STYLE_ASSIGNMENT((#15864));
#15864 = SURFACE_STYLE_USAGE(.BOTH.,#15865);
#15865 = SURFACE_SIDE_STYLE('',(#15866));
#15866 = SURFACE_STYLE_FILL_AREA(#15867);
#15867 = FILL_AREA_STYLE('',(#15868));
#15868 = FILL_AREA_STYLE_COLOUR('',#15511);
#15869 = STYLED_ITEM('color',(#15870),#9005);
#15870 = PRESENTATION_STYLE_ASSIGNMENT((#15871));
#15871 = SURFACE_STYLE_USAGE(.BOTH.,#15872);
#15872 = SURFACE_SIDE_STYLE('',(#15873));
#15873 = SURFACE_STYLE_FILL_AREA(#15874);
#15874 = FILL_AREA_STYLE('',(#15875));
#15875 = FILL_AREA_STYLE_COLOUR('',#15511);
#15876 = STYLED_ITEM('color',(#15877),#9017);
#15877 = PRESENTATION_STYLE_ASSIGNMENT((#15878));
#15878 = SURFACE_STYLE_USAGE(.BOTH.,#15879);
#15879 = SURFACE_SIDE_STYLE('',(#15880));
#15880 = SURFACE_STYLE_FILL_AREA(#15881);
#15881 = FILL_AREA_STYLE('',(#15882));
#15882 = FILL_AREA_STYLE_COLOUR('',#15511);
#15883 = STYLED_ITEM('color',(#15884),#9050);
#15884 = PRESENTATION_STYLE_ASSIGNMENT((#15885));
#15885 = SURFACE_STYLE_USAGE(.BOTH.,#15886);
#15886 = SURFACE_SIDE_STYLE('',(#15887));
#15887 = SURFACE_STYLE_FILL_AREA(#15888);
#15888 = FILL_AREA_STYLE('',(#15889));
#15889 = FILL_AREA_STYLE_COLOUR('',#15511);
#15890 = STYLED_ITEM('color',(#15891),#9081);
#15891 = PRESENTATION_STYLE_ASSIGNMENT((#15892));
#15892 = SURFACE_STYLE_USAGE(.BOTH.,#15893);
#15893 = SURFACE_SIDE_STYLE('',(#15894));
#15894 = SURFACE_STYLE_FILL_AREA(#15895);
#15895 = FILL_AREA_STYLE('',(#15896));
#15896 = FILL_AREA_STYLE_COLOUR('',#15511);
#15897 = STYLED_ITEM('color',(#15898),#9105);
#15898 = PRESENTATION_STYLE_ASSIGNMENT((#15899));
#15899 = SURFACE_STYLE_USAGE(.BOTH.,#15900);
#15900 = SURFACE_SIDE_STYLE('',(#15901));
#15901 = SURFACE_STYLE_FILL_AREA(#15902);
#15902 = FILL_AREA_STYLE('',(#15903));
#15903 = FILL_AREA_STYLE_COLOUR('',#15511);
#15904 = STYLED_ITEM('color',(#15905),#9129);
#15905 = PRESENTATION_STYLE_ASSIGNMENT((#15906));
#15906 = SURFACE_STYLE_USAGE(.BOTH.,#15907);
#15907 = SURFACE_SIDE_STYLE('',(#15908));
#15908 = SURFACE_STYLE_FILL_AREA(#15909);
#15909 = FILL_AREA_STYLE('',(#15910));
#15910 = FILL_AREA_STYLE_COLOUR('',#15511);
#15911 = STYLED_ITEM('color',(#15912),#9146);
#15912 = PRESENTATION_STYLE_ASSIGNMENT((#15913));
#15913 = SURFACE_STYLE_USAGE(.BOTH.,#15914);
#15914 = SURFACE_SIDE_STYLE('',(#15915));
#15915 = SURFACE_STYLE_FILL_AREA(#15916);
#15916 = FILL_AREA_STYLE('',(#15917));
#15917 = FILL_AREA_STYLE_COLOUR('',#15511);
#15918 = STYLED_ITEM('color',(#15919),#9177);
#15919 = PRESENTATION_STYLE_ASSIGNMENT((#15920));
#15920 = SURFACE_STYLE_USAGE(.BOTH.,#15921);
#15921 = SURFACE_SIDE_STYLE('',(#15922));
#15922 = SURFACE_STYLE_FILL_AREA(#15923);
#15923 = FILL_AREA_STYLE('',(#15924));
#15924 = FILL_AREA_STYLE_COLOUR('',#15511);
#15925 = STYLED_ITEM('color',(#15926),#9201);
#15926 = PRESENTATION_STYLE_ASSIGNMENT((#15927));
#15927 = SURFACE_STYLE_USAGE(.BOTH.,#15928);
#15928 = SURFACE_SIDE_STYLE('',(#15929));
#15929 = SURFACE_STYLE_FILL_AREA(#15930);
#15930 = FILL_AREA_STYLE('',(#15931));
#15931 = FILL_AREA_STYLE_COLOUR('',#15511);
#15932 = STYLED_ITEM('color',(#15933),#9225);
#15933 = PRESENTATION_STYLE_ASSIGNMENT((#15934));
#15934 = SURFACE_STYLE_USAGE(.BOTH.,#15935);
#15935 = SURFACE_SIDE_STYLE('',(#15936));
#15936 = SURFACE_STYLE_FILL_AREA(#15937);
#15937 = FILL_AREA_STYLE('',(#15938));
#15938 = FILL_AREA_STYLE_COLOUR('',#15511);
#15939 = STYLED_ITEM('color',(#15940),#9242);
#15940 = PRESENTATION_STYLE_ASSIGNMENT((#15941));
#15941 = SURFACE_STYLE_USAGE(.BOTH.,#15942);
#15942 = SURFACE_SIDE_STYLE('',(#15943));
#15943 = SURFACE_STYLE_FILL_AREA(#15944);
#15944 = FILL_AREA_STYLE('',(#15945));
#15945 = FILL_AREA_STYLE_COLOUR('',#15511);
#15946 = STYLED_ITEM('color',(#15947),#9273);
#15947 = PRESENTATION_STYLE_ASSIGNMENT((#15948));
#15948 = SURFACE_STYLE_USAGE(.BOTH.,#15949);
#15949 = SURFACE_SIDE_STYLE('',(#15950));
#15950 = SURFACE_STYLE_FILL_AREA(#15951);
#15951 = FILL_AREA_STYLE('',(#15952));
#15952 = FILL_AREA_STYLE_COLOUR('',#15511);
#15953 = STYLED_ITEM('color',(#15954),#9297);
#15954 = PRESENTATION_STYLE_ASSIGNMENT((#15955));
#15955 = SURFACE_STYLE_USAGE(.BOTH.,#15956);
#15956 = SURFACE_SIDE_STYLE('',(#15957));
#15957 = SURFACE_STYLE_FILL_AREA(#15958);
#15958 = FILL_AREA_STYLE('',(#15959));
#15959 = FILL_AREA_STYLE_COLOUR('',#15511);
#15960 = STYLED_ITEM('color',(#15961),#9321);
#15961 = PRESENTATION_STYLE_ASSIGNMENT((#15962));
#15962 = SURFACE_STYLE_USAGE(.BOTH.,#15963);
#15963 = SURFACE_SIDE_STYLE('',(#15964));
#15964 = SURFACE_STYLE_FILL_AREA(#15965);
#15965 = FILL_AREA_STYLE('',(#15966));
#15966 = FILL_AREA_STYLE_COLOUR('',#15511);
#15967 = STYLED_ITEM('color',(#15968),#9338);
#15968 = PRESENTATION_STYLE_ASSIGNMENT((#15969));
#15969 = SURFACE_STYLE_USAGE(.BOTH.,#15970);
#15970 = SURFACE_SIDE_STYLE('',(#15971));
#15971 = SURFACE_STYLE_FILL_AREA(#15972);
#15972 = FILL_AREA_STYLE('',(#15973));
#15973 = FILL_AREA_STYLE_COLOUR('',#15511);
#15974 = STYLED_ITEM('color',(#15975),#9369);
#15975 = PRESENTATION_STYLE_ASSIGNMENT((#15976));
#15976 = SURFACE_STYLE_USAGE(.BOTH.,#15977);
#15977 = SURFACE_SIDE_STYLE('',(#15978));
#15978 = SURFACE_STYLE_FILL_AREA(#15979);
#15979 = FILL_AREA_STYLE('',(#15980));
#15980 = FILL_AREA_STYLE_COLOUR('',#15511);
#15981 = STYLED_ITEM('color',(#15982),#9393);
#15982 = PRESENTATION_STYLE_ASSIGNMENT((#15983));
#15983 = SURFACE_STYLE_USAGE(.BOTH.,#15984);
#15984 = SURFACE_SIDE_STYLE('',(#15985));
#15985 = SURFACE_STYLE_FILL_AREA(#15986);
#15986 = FILL_AREA_STYLE('',(#15987));
#15987 = FILL_AREA_STYLE_COLOUR('',#15511);
#15988 = STYLED_ITEM('color',(#15989),#9417);
#15989 = PRESENTATION_STYLE_ASSIGNMENT((#15990));
#15990 = SURFACE_STYLE_USAGE(.BOTH.,#15991);
#15991 = SURFACE_SIDE_STYLE('',(#15992));
#15992 = SURFACE_STYLE_FILL_AREA(#15993);
#15993 = FILL_AREA_STYLE('',(#15994));
#15994 = FILL_AREA_STYLE_COLOUR('',#15511);
#15995 = STYLED_ITEM('color',(#15996),#9434);
#15996 = PRESENTATION_STYLE_ASSIGNMENT((#15997));
#15997 = SURFACE_STYLE_USAGE(.BOTH.,#15998);
#15998 = SURFACE_SIDE_STYLE('',(#15999));
#15999 = SURFACE_STYLE_FILL_AREA(#16000);
#16000 = FILL_AREA_STYLE('',(#16001));
#16001 = FILL_AREA_STYLE_COLOUR('',#15511);
#16002 = STYLED_ITEM('color',(#16003),#9451);
#16003 = PRESENTATION_STYLE_ASSIGNMENT((#16004));
#16004 = SURFACE_STYLE_USAGE(.BOTH.,#16005);
#16005 = SURFACE_SIDE_STYLE('',(#16006));
#16006 = SURFACE_STYLE_FILL_AREA(#16007);
#16007 = FILL_AREA_STYLE('',(#16008));
#16008 = FILL_AREA_STYLE_COLOUR('',#15511);
#16009 = STYLED_ITEM('color',(#16010),#9468);
#16010 = PRESENTATION_STYLE_ASSIGNMENT((#16011));
#16011 = SURFACE_STYLE_USAGE(.BOTH.,#16012);
#16012 = SURFACE_SIDE_STYLE('',(#16013));
#16013 = SURFACE_STYLE_FILL_AREA(#16014);
#16014 = FILL_AREA_STYLE('',(#16015));
#16015 = FILL_AREA_STYLE_COLOUR('',#15511);
#16016 = STYLED_ITEM('color',(#16017),#9480);
#16017 = PRESENTATION_STYLE_ASSIGNMENT((#16018));
#16018 = SURFACE_STYLE_USAGE(.BOTH.,#16019);
#16019 = SURFACE_SIDE_STYLE('',(#16020));
#16020 = SURFACE_STYLE_FILL_AREA(#16021);
#16021 = FILL_AREA_STYLE('',(#16022));
#16022 = FILL_AREA_STYLE_COLOUR('',#15511);
#16023 = STYLED_ITEM('color',(#16024),#9497);
#16024 = PRESENTATION_STYLE_ASSIGNMENT((#16025));
#16025 = SURFACE_STYLE_USAGE(.BOTH.,#16026);
#16026 = SURFACE_SIDE_STYLE('',(#16027));
#16027 = SURFACE_STYLE_FILL_AREA(#16028);
#16028 = FILL_AREA_STYLE('',(#16029));
#16029 = FILL_AREA_STYLE_COLOUR('',#15511);
#16030 = STYLED_ITEM('color',(#16031),#9514);
#16031 = PRESENTATION_STYLE_ASSIGNMENT((#16032));
#16032 = SURFACE_STYLE_USAGE(.BOTH.,#16033);
#16033 = SURFACE_SIDE_STYLE('',(#16034));
#16034 = SURFACE_STYLE_FILL_AREA(#16035);
#16035 = FILL_AREA_STYLE('',(#16036));
#16036 = FILL_AREA_STYLE_COLOUR('',#15511);
#16037 = STYLED_ITEM('color',(#16038),#9526);
#16038 = PRESENTATION_STYLE_ASSIGNMENT((#16039));
#16039 = SURFACE_STYLE_USAGE(.BOTH.,#16040);
#16040 = SURFACE_SIDE_STYLE('',(#16041));
#16041 = SURFACE_STYLE_FILL_AREA(#16042);
#16042 = FILL_AREA_STYLE('',(#16043));
#16043 = FILL_AREA_STYLE_COLOUR('',#15511);
#16044 = STYLED_ITEM('color',(#16045),#9543);
#16045 = PRESENTATION_STYLE_ASSIGNMENT((#16046));
#16046 = SURFACE_STYLE_USAGE(.BOTH.,#16047);
#16047 = SURFACE_SIDE_STYLE('',(#16048));
#16048 = SURFACE_STYLE_FILL_AREA(#16049);
#16049 = FILL_AREA_STYLE('',(#16050));
#16050 = FILL_AREA_STYLE_COLOUR('',#15511);
#16051 = STYLED_ITEM('color',(#16052),#9560);
#16052 = PRESENTATION_STYLE_ASSIGNMENT((#16053));
#16053 = SURFACE_STYLE_USAGE(.BOTH.,#16054);
#16054 = SURFACE_SIDE_STYLE('',(#16055));
#16055 = SURFACE_STYLE_FILL_AREA(#16056);
#16056 = FILL_AREA_STYLE('',(#16057));
#16057 = FILL_AREA_STYLE_COLOUR('',#15511);
#16058 = STYLED_ITEM('color',(#16059),#9572);
#16059 = PRESENTATION_STYLE_ASSIGNMENT((#16060));
#16060 = SURFACE_STYLE_USAGE(.BOTH.,#16061);
#16061 = SURFACE_SIDE_STYLE('',(#16062));
#16062 = SURFACE_STYLE_FILL_AREA(#16063);
#16063 = FILL_AREA_STYLE('',(#16064));
#16064 = FILL_AREA_STYLE_COLOUR('',#15511);
#16065 = STYLED_ITEM('color',(#16066),#9589);
#16066 = PRESENTATION_STYLE_ASSIGNMENT((#16067));
#16067 = SURFACE_STYLE_USAGE(.BOTH.,#16068);
#16068 = SURFACE_SIDE_STYLE('',(#16069));
#16069 = SURFACE_STYLE_FILL_AREA(#16070);
#16070 = FILL_AREA_STYLE('',(#16071));
#16071 = FILL_AREA_STYLE_COLOUR('',#15511);
#16072 = STYLED_ITEM('color',(#16073),#9606);
#16073 = PRESENTATION_STYLE_ASSIGNMENT((#16074));
#16074 = SURFACE_STYLE_USAGE(.BOTH.,#16075);
#16075 = SURFACE_SIDE_STYLE('',(#16076));
#16076 = SURFACE_STYLE_FILL_AREA(#16077);
#16077 = FILL_AREA_STYLE('',(#16078));
#16078 = FILL_AREA_STYLE_COLOUR('',#15511);
#16079 = STYLED_ITEM('color',(#16080),#9618);
#16080 = PRESENTATION_STYLE_ASSIGNMENT((#16081));
#16081 = SURFACE_STYLE_USAGE(.BOTH.,#16082);
#16082 = SURFACE_SIDE_STYLE('',(#16083));
#16083 = SURFACE_STYLE_FILL_AREA(#16084);
#16084 = FILL_AREA_STYLE('',(#16085));
#16085 = FILL_AREA_STYLE_COLOUR('',#15511);
#16086 = STYLED_ITEM('color',(#16087),#9649);
#16087 = PRESENTATION_STYLE_ASSIGNMENT((#16088));
#16088 = SURFACE_STYLE_USAGE(.BOTH.,#16089);
#16089 = SURFACE_SIDE_STYLE('',(#16090));
#16090 = SURFACE_STYLE_FILL_AREA(#16091);
#16091 = FILL_AREA_STYLE('',(#16092));
#16092 = FILL_AREA_STYLE_COLOUR('',#15511);
#16093 = STYLED_ITEM('color',(#16094),#9673);
#16094 = PRESENTATION_STYLE_ASSIGNMENT((#16095));
#16095 = SURFACE_STYLE_USAGE(.BOTH.,#16096);
#16096 = SURFACE_SIDE_STYLE('',(#16097));
#16097 = SURFACE_STYLE_FILL_AREA(#16098);
#16098 = FILL_AREA_STYLE('',(#16099));
#16099 = FILL_AREA_STYLE_COLOUR('',#15511);
#16100 = STYLED_ITEM('color',(#16101),#9697);
#16101 = PRESENTATION_STYLE_ASSIGNMENT((#16102));
#16102 = SURFACE_STYLE_USAGE(.BOTH.,#16103);
#16103 = SURFACE_SIDE_STYLE('',(#16104));
#16104 = SURFACE_STYLE_FILL_AREA(#16105);
#16105 = FILL_AREA_STYLE('',(#16106));
#16106 = FILL_AREA_STYLE_COLOUR('',#15511);
#16107 = STYLED_ITEM('color',(#16108),#9714);
#16108 = PRESENTATION_STYLE_ASSIGNMENT((#16109));
#16109 = SURFACE_STYLE_USAGE(.BOTH.,#16110);
#16110 = SURFACE_SIDE_STYLE('',(#16111));
#16111 = SURFACE_STYLE_FILL_AREA(#16112);
#16112 = FILL_AREA_STYLE('',(#16113));
#16113 = FILL_AREA_STYLE_COLOUR('',#15511);
#16114 = STYLED_ITEM('color',(#16115),#9745);
#16115 = PRESENTATION_STYLE_ASSIGNMENT((#16116));
#16116 = SURFACE_STYLE_USAGE(.BOTH.,#16117);
#16117 = SURFACE_SIDE_STYLE('',(#16118));
#16118 = SURFACE_STYLE_FILL_AREA(#16119);
#16119 = FILL_AREA_STYLE('',(#16120));
#16120 = FILL_AREA_STYLE_COLOUR('',#15511);
#16121 = STYLED_ITEM('color',(#16122),#9769);
#16122 = PRESENTATION_STYLE_ASSIGNMENT((#16123));
#16123 = SURFACE_STYLE_USAGE(.BOTH.,#16124);
#16124 = SURFACE_SIDE_STYLE('',(#16125));
#16125 = SURFACE_STYLE_FILL_AREA(#16126);
#16126 = FILL_AREA_STYLE('',(#16127));
#16127 = FILL_AREA_STYLE_COLOUR('',#15511);
#16128 = STYLED_ITEM('color',(#16129),#9793);
#16129 = PRESENTATION_STYLE_ASSIGNMENT((#16130));
#16130 = SURFACE_STYLE_USAGE(.BOTH.,#16131);
#16131 = SURFACE_SIDE_STYLE('',(#16132));
#16132 = SURFACE_STYLE_FILL_AREA(#16133);
#16133 = FILL_AREA_STYLE('',(#16134));
#16134 = FILL_AREA_STYLE_COLOUR('',#15511);
#16135 = STYLED_ITEM('color',(#16136),#9810);
#16136 = PRESENTATION_STYLE_ASSIGNMENT((#16137));
#16137 = SURFACE_STYLE_USAGE(.BOTH.,#16138);
#16138 = SURFACE_SIDE_STYLE('',(#16139));
#16139 = SURFACE_STYLE_FILL_AREA(#16140);
#16140 = FILL_AREA_STYLE('',(#16141));
#16141 = FILL_AREA_STYLE_COLOUR('',#15511);
#16142 = STYLED_ITEM('color',(#16143),#9841);
#16143 = PRESENTATION_STYLE_ASSIGNMENT((#16144));
#16144 = SURFACE_STYLE_USAGE(.BOTH.,#16145);
#16145 = SURFACE_SIDE_STYLE('',(#16146));
#16146 = SURFACE_STYLE_FILL_AREA(#16147);
#16147 = FILL_AREA_STYLE('',(#16148));
#16148 = FILL_AREA_STYLE_COLOUR('',#15511);
#16149 = STYLED_ITEM('color',(#16150),#9865);
#16150 = PRESENTATION_STYLE_ASSIGNMENT((#16151));
#16151 = SURFACE_STYLE_USAGE(.BOTH.,#16152);
#16152 = SURFACE_SIDE_STYLE('',(#16153));
#16153 = SURFACE_STYLE_FILL_AREA(#16154);
#16154 = FILL_AREA_STYLE('',(#16155));
#16155 = FILL_AREA_STYLE_COLOUR('',#15511);
#16156 = STYLED_ITEM('color',(#16157),#9889);
#16157 = PRESENTATION_STYLE_ASSIGNMENT((#16158));
#16158 = SURFACE_STYLE_USAGE(.BOTH.,#16159);
#16159 = SURFACE_SIDE_STYLE('',(#16160));
#16160 = SURFACE_STYLE_FILL_AREA(#16161);
#16161 = FILL_AREA_STYLE('',(#16162));
#16162 = FILL_AREA_STYLE_COLOUR('',#15511);
#16163 = STYLED_ITEM('color',(#16164),#9906);
#16164 = PRESENTATION_STYLE_ASSIGNMENT((#16165));
#16165 = SURFACE_STYLE_USAGE(.BOTH.,#16166);
#16166 = SURFACE_SIDE_STYLE('',(#16167));
#16167 = SURFACE_STYLE_FILL_AREA(#16168);
#16168 = FILL_AREA_STYLE('',(#16169));
#16169 = FILL_AREA_STYLE_COLOUR('',#15511);
#16170 = STYLED_ITEM('color',(#16171),#9937);
#16171 = PRESENTATION_STYLE_ASSIGNMENT((#16172));
#16172 = SURFACE_STYLE_USAGE(.BOTH.,#16173);
#16173 = SURFACE_SIDE_STYLE('',(#16174));
#16174 = SURFACE_STYLE_FILL_AREA(#16175);
#16175 = FILL_AREA_STYLE('',(#16176));
#16176 = FILL_AREA_STYLE_COLOUR('',#15511);
#16177 = STYLED_ITEM('color',(#16178),#9961);
#16178 = PRESENTATION_STYLE_ASSIGNMENT((#16179));
#16179 = SURFACE_STYLE_USAGE(.BOTH.,#16180);
#16180 = SURFACE_SIDE_STYLE('',(#16181));
#16181 = SURFACE_STYLE_FILL_AREA(#16182);
#16182 = FILL_AREA_STYLE('',(#16183));
#16183 = FILL_AREA_STYLE_COLOUR('',#15511);
#16184 = STYLED_ITEM('color',(#16185),#9985);
#16185 = PRESENTATION_STYLE_ASSIGNMENT((#16186));
#16186 = SURFACE_STYLE_USAGE(.BOTH.,#16187);
#16187 = SURFACE_SIDE_STYLE('',(#16188));
#16188 = SURFACE_STYLE_FILL_AREA(#16189);
#16189 = FILL_AREA_STYLE('',(#16190));
#16190 = FILL_AREA_STYLE_COLOUR('',#15511);
#16191 = STYLED_ITEM('color',(#16192),#10002);
#16192 = PRESENTATION_STYLE_ASSIGNMENT((#16193));
#16193 = SURFACE_STYLE_USAGE(.BOTH.,#16194);
#16194 = SURFACE_SIDE_STYLE('',(#16195));
#16195 = SURFACE_STYLE_FILL_AREA(#16196);
#16196 = FILL_AREA_STYLE('',(#16197));
#16197 = FILL_AREA_STYLE_COLOUR('',#15511);
#16198 = STYLED_ITEM('color',(#16199),#10014);
#16199 = PRESENTATION_STYLE_ASSIGNMENT((#16200));
#16200 = SURFACE_STYLE_USAGE(.BOTH.,#16201);
#16201 = SURFACE_SIDE_STYLE('',(#16202));
#16202 = SURFACE_STYLE_FILL_AREA(#16203);
#16203 = FILL_AREA_STYLE('',(#16204));
#16204 = FILL_AREA_STYLE_COLOUR('',#15511);
#16205 = STYLED_ITEM('color',(#16206),#10026);
#16206 = PRESENTATION_STYLE_ASSIGNMENT((#16207));
#16207 = SURFACE_STYLE_USAGE(.BOTH.,#16208);
#16208 = SURFACE_SIDE_STYLE('',(#16209));
#16209 = SURFACE_STYLE_FILL_AREA(#16210);
#16210 = FILL_AREA_STYLE('',(#16211));
#16211 = FILL_AREA_STYLE_COLOUR('',#15511);
#16212 = STYLED_ITEM('color',(#16213),#10038);
#16213 = PRESENTATION_STYLE_ASSIGNMENT((#16214));
#16214 = SURFACE_STYLE_USAGE(.BOTH.,#16215);
#16215 = SURFACE_SIDE_STYLE('',(#16216));
#16216 = SURFACE_STYLE_FILL_AREA(#16217);
#16217 = FILL_AREA_STYLE('',(#16218));
#16218 = FILL_AREA_STYLE_COLOUR('',#15511);
#16219 = MECHANICAL_DESIGN_GEOMETRIC_PRESENTATION_REPRESENTATION('',(
    #16220),#14666);
#16220 = STYLED_ITEM('color',(#16221),#11641);
#16221 = PRESENTATION_STYLE_ASSIGNMENT((#16222));
#16222 = SURFACE_STYLE_USAGE(.BOTH.,#16223);
#16223 = SURFACE_SIDE_STYLE('',(#16224));
#16224 = SURFACE_STYLE_FILL_AREA(#16225);
#16225 = FILL_AREA_STYLE('',(#16226));
#16226 = FILL_AREA_STYLE_COLOUR('',#16227);
#16227 = COLOUR_RGB('',0.313304153717,0.484529207832,0.410020903123);
#16228 = MECHANICAL_DESIGN_GEOMETRIC_PRESENTATION_REPRESENTATION('',(
    #16229,#16236,#16243,#16250,#16257,#16264,#16271,#16278,#16286,
    #16293,#16300,#16307,#16314,#16321,#16328,#16335,#16342,#16349,
    #16356,#16363,#16370,#16377,#16384,#16391,#16398,#16405,#16412,
    #16419,#16426,#16433,#16440,#16447,#16454,#16461,#16468,#16475,
    #16483,#16490,#16497,#16504,#16511,#16518,#16525,#16532,#16539,
    #16546,#16553,#16560,#16567,#16574),#11617);
#16229 = STYLED_ITEM('color',(#16230),#10096);
#16230 = PRESENTATION_STYLE_ASSIGNMENT((#16231));
#16231 = SURFACE_STYLE_USAGE(.BOTH.,#16232);
#16232 = SURFACE_SIDE_STYLE('',(#16233));
#16233 = SURFACE_STYLE_FILL_AREA(#16234);
#16234 = FILL_AREA_STYLE('',(#16235));
#16235 = FILL_AREA_STYLE_COLOUR('',#14933);
#16236 = STYLED_ITEM('color',(#16237),#10136);
#16237 = PRESENTATION_STYLE_ASSIGNMENT((#16238));
#16238 = SURFACE_STYLE_USAGE(.BOTH.,#16239);
#16239 = SURFACE_SIDE_STYLE('',(#16240));
#16240 = SURFACE_STYLE_FILL_AREA(#16241);
#16241 = FILL_AREA_STYLE('',(#16242));
#16242 = FILL_AREA_STYLE_COLOUR('',#14933);
#16243 = STYLED_ITEM('color',(#16244),#10183);
#16244 = PRESENTATION_STYLE_ASSIGNMENT((#16245));
#16245 = SURFACE_STYLE_USAGE(.BOTH.,#16246);
#16246 = SURFACE_SIDE_STYLE('',(#16247));
#16247 = SURFACE_STYLE_FILL_AREA(#16248);
#16248 = FILL_AREA_STYLE('',(#16249));
#16249 = FILL_AREA_STYLE_COLOUR('',#14933);
#16250 = STYLED_ITEM('color',(#16251),#10262);
#16251 = PRESENTATION_STYLE_ASSIGNMENT((#16252));
#16252 = SURFACE_STYLE_USAGE(.BOTH.,#16253);
#16253 = SURFACE_SIDE_STYLE('',(#16254));
#16254 = SURFACE_STYLE_FILL_AREA(#16255);
#16255 = FILL_AREA_STYLE('',(#16256));
#16256 = FILL_AREA_STYLE_COLOUR('',#14933);
#16257 = STYLED_ITEM('color',(#16258),#10286);
#16258 = PRESENTATION_STYLE_ASSIGNMENT((#16259));
#16259 = SURFACE_STYLE_USAGE(.BOTH.,#16260);
#16260 = SURFACE_SIDE_STYLE('',(#16261));
#16261 = SURFACE_STYLE_FILL_AREA(#16262);
#16262 = FILL_AREA_STYLE('',(#16263));
#16263 = FILL_AREA_STYLE_COLOUR('',#14933);
#16264 = STYLED_ITEM('color',(#16265),#10326);
#16265 = PRESENTATION_STYLE_ASSIGNMENT((#16266));
#16266 = SURFACE_STYLE_USAGE(.BOTH.,#16267);
#16267 = SURFACE_SIDE_STYLE('',(#16268));
#16268 = SURFACE_STYLE_FILL_AREA(#16269);
#16269 = FILL_AREA_STYLE('',(#16270));
#16270 = FILL_AREA_STYLE_COLOUR('',#14933);
#16271 = STYLED_ITEM('color',(#16272),#10357);
#16272 = PRESENTATION_STYLE_ASSIGNMENT((#16273));
#16273 = SURFACE_STYLE_USAGE(.BOTH.,#16274);
#16274 = SURFACE_SIDE_STYLE('',(#16275));
#16275 = SURFACE_STYLE_FILL_AREA(#16276);
#16276 = FILL_AREA_STYLE('',(#16277));
#16277 = FILL_AREA_STYLE_COLOUR('',#14933);
#16278 = STYLED_ITEM('color',(#16279),#10374);
#16279 = PRESENTATION_STYLE_ASSIGNMENT((#16280));
#16280 = SURFACE_STYLE_USAGE(.BOTH.,#16281);
#16281 = SURFACE_SIDE_STYLE('',(#16282));
#16282 = SURFACE_STYLE_FILL_AREA(#16283);
#16283 = FILL_AREA_STYLE('',(#16284));
#16284 = FILL_AREA_STYLE_COLOUR('',#16285);
#16285 = COLOUR_RGB('',0.859000020776,0.737999965183,0.495999988746);
#16286 = STYLED_ITEM('color',(#16287),#10407);
#16287 = PRESENTATION_STYLE_ASSIGNMENT((#16288));
#16288 = SURFACE_STYLE_USAGE(.BOTH.,#16289);
#16289 = SURFACE_SIDE_STYLE('',(#16290));
#16290 = SURFACE_STYLE_FILL_AREA(#16291);
#16291 = FILL_AREA_STYLE('',(#16292));
#16292 = FILL_AREA_STYLE_COLOUR('',#14933);
#16293 = STYLED_ITEM('color',(#16294),#10431);
#16294 = PRESENTATION_STYLE_ASSIGNMENT((#16295));
#16295 = SURFACE_STYLE_USAGE(.BOTH.,#16296);
#16296 = SURFACE_SIDE_STYLE('',(#16297));
#16297 = SURFACE_STYLE_FILL_AREA(#16298);
#16298 = FILL_AREA_STYLE('',(#16299));
#16299 = FILL_AREA_STYLE_COLOUR('',#16285);
#16300 = STYLED_ITEM('color',(#16301),#10498);
#16301 = PRESENTATION_STYLE_ASSIGNMENT((#16302));
#16302 = SURFACE_STYLE_USAGE(.BOTH.,#16303);
#16303 = SURFACE_SIDE_STYLE('',(#16304));
#16304 = SURFACE_STYLE_FILL_AREA(#16305);
#16305 = FILL_AREA_STYLE('',(#16306));
#16306 = FILL_AREA_STYLE_COLOUR('',#14933);
#16307 = STYLED_ITEM('color',(#16308),#10619);
#16308 = PRESENTATION_STYLE_ASSIGNMENT((#16309));
#16309 = SURFACE_STYLE_USAGE(.BOTH.,#16310);
#16310 = SURFACE_SIDE_STYLE('',(#16311));
#16311 = SURFACE_STYLE_FILL_AREA(#16312);
#16312 = FILL_AREA_STYLE('',(#16313));
#16313 = FILL_AREA_STYLE_COLOUR('',#16285);
#16314 = STYLED_ITEM('color',(#16315),#10686);
#16315 = PRESENTATION_STYLE_ASSIGNMENT((#16316));
#16316 = SURFACE_STYLE_USAGE(.BOTH.,#16317);
#16317 = SURFACE_SIDE_STYLE('',(#16318));
#16318 = SURFACE_STYLE_FILL_AREA(#16319);
#16319 = FILL_AREA_STYLE('',(#16320));
#16320 = FILL_AREA_STYLE_COLOUR('',#14933);
#16321 = STYLED_ITEM('color',(#16322),#10710);
#16322 = PRESENTATION_STYLE_ASSIGNMENT((#16323));
#16323 = SURFACE_STYLE_USAGE(.BOTH.,#16324);
#16324 = SURFACE_SIDE_STYLE('',(#16325));
#16325 = SURFACE_STYLE_FILL_AREA(#16326);
#16326 = FILL_AREA_STYLE('',(#16327));
#16327 = FILL_AREA_STYLE_COLOUR('',#14933);
#16328 = STYLED_ITEM('color',(#16329),#10741);
#16329 = PRESENTATION_STYLE_ASSIGNMENT((#16330));
#16330 = SURFACE_STYLE_USAGE(.BOTH.,#16331);
#16331 = SURFACE_SIDE_STYLE('',(#16332));
#16332 = SURFACE_STYLE_FILL_AREA(#16333);
#16333 = FILL_AREA_STYLE('',(#16334));
#16334 = FILL_AREA_STYLE_COLOUR('',#16285);
#16335 = STYLED_ITEM('color',(#16336),#10774);
#16336 = PRESENTATION_STYLE_ASSIGNMENT((#16337));
#16337 = SURFACE_STYLE_USAGE(.BOTH.,#16338);
#16338 = SURFACE_SIDE_STYLE('',(#16339));
#16339 = SURFACE_STYLE_FILL_AREA(#16340);
#16340 = FILL_AREA_STYLE('',(#16341));
#16341 = FILL_AREA_STYLE_COLOUR('',#14933);
#16342 = STYLED_ITEM('color',(#16343),#10830);
#16343 = PRESENTATION_STYLE_ASSIGNMENT((#16344));
#16344 = SURFACE_STYLE_USAGE(.BOTH.,#16345);
#16345 = SURFACE_SIDE_STYLE('',(#16346));
#16346 = SURFACE_STYLE_FILL_AREA(#16347);
#16347 = FILL_AREA_STYLE('',(#16348));
#16348 = FILL_AREA_STYLE_COLOUR('',#16285);
#16349 = STYLED_ITEM('color',(#16350),#10854);
#16350 = PRESENTATION_STYLE_ASSIGNMENT((#16351));
#16351 = SURFACE_STYLE_USAGE(.BOTH.,#16352);
#16352 = SURFACE_SIDE_STYLE('',(#16353));
#16353 = SURFACE_STYLE_FILL_AREA(#16354);
#16354 = FILL_AREA_STYLE('',(#16355));
#16355 = FILL_AREA_STYLE_COLOUR('',#16285);
#16356 = STYLED_ITEM('color',(#16357),#10878);
#16357 = PRESENTATION_STYLE_ASSIGNMENT((#16358));
#16358 = SURFACE_STYLE_USAGE(.BOTH.,#16359);
#16359 = SURFACE_SIDE_STYLE('',(#16360));
#16360 = SURFACE_STYLE_FILL_AREA(#16361);
#16361 = FILL_AREA_STYLE('',(#16362));
#16362 = FILL_AREA_STYLE_COLOUR('',#16285);
#16363 = STYLED_ITEM('color',(#16364),#10902);
#16364 = PRESENTATION_STYLE_ASSIGNMENT((#16365));
#16365 = SURFACE_STYLE_USAGE(.BOTH.,#16366);
#16366 = SURFACE_SIDE_STYLE('',(#16367));
#16367 = SURFACE_STYLE_FILL_AREA(#16368);
#16368 = FILL_AREA_STYLE('',(#16369));
#16369 = FILL_AREA_STYLE_COLOUR('',#16285);
#16370 = STYLED_ITEM('color',(#16371),#10935);
#16371 = PRESENTATION_STYLE_ASSIGNMENT((#16372));
#16372 = SURFACE_STYLE_USAGE(.BOTH.,#16373);
#16373 = SURFACE_SIDE_STYLE('',(#16374));
#16374 = SURFACE_STYLE_FILL_AREA(#16375);
#16375 = FILL_AREA_STYLE('',(#16376));
#16376 = FILL_AREA_STYLE_COLOUR('',#16285);
#16377 = STYLED_ITEM('color',(#16378),#10947);
#16378 = PRESENTATION_STYLE_ASSIGNMENT((#16379));
#16379 = SURFACE_STYLE_USAGE(.BOTH.,#16380);
#16380 = SURFACE_SIDE_STYLE('',(#16381));
#16381 = SURFACE_STYLE_FILL_AREA(#16382);
#16382 = FILL_AREA_STYLE('',(#16383));
#16383 = FILL_AREA_STYLE_COLOUR('',#16285);
#16384 = STYLED_ITEM('color',(#16385),#11010);
#16385 = PRESENTATION_STYLE_ASSIGNMENT((#16386));
#16386 = SURFACE_STYLE_USAGE(.BOTH.,#16387);
#16387 = SURFACE_SIDE_STYLE('',(#16388));
#16388 = SURFACE_STYLE_FILL_AREA(#16389);
#16389 = FILL_AREA_STYLE('',(#16390));
#16390 = FILL_AREA_STYLE_COLOUR('',#16285);
#16391 = STYLED_ITEM('color',(#16392),#11035);
#16392 = PRESENTATION_STYLE_ASSIGNMENT((#16393));
#16393 = SURFACE_STYLE_USAGE(.BOTH.,#16394);
#16394 = SURFACE_SIDE_STYLE('',(#16395));
#16395 = SURFACE_STYLE_FILL_AREA(#16396);
#16396 = FILL_AREA_STYLE('',(#16397));
#16397 = FILL_AREA_STYLE_COLOUR('',#16285);
#16398 = STYLED_ITEM('color',(#16399),#11052);
#16399 = PRESENTATION_STYLE_ASSIGNMENT((#16400));
#16400 = SURFACE_STYLE_USAGE(.BOTH.,#16401);
#16401 = SURFACE_SIDE_STYLE('',(#16402));
#16402 = SURFACE_STYLE_FILL_AREA(#16403);
#16403 = FILL_AREA_STYLE('',(#16404));
#16404 = FILL_AREA_STYLE_COLOUR('',#16285);
#16405 = STYLED_ITEM('color',(#16406),#11076);
#16406 = PRESENTATION_STYLE_ASSIGNMENT((#16407));
#16407 = SURFACE_STYLE_USAGE(.BOTH.,#16408);
#16408 = SURFACE_SIDE_STYLE('',(#16409));
#16409 = SURFACE_STYLE_FILL_AREA(#16410);
#16410 = FILL_AREA_STYLE('',(#16411));
#16411 = FILL_AREA_STYLE_COLOUR('',#16285);
#16412 = STYLED_ITEM('color',(#16413),#11094);
#16413 = PRESENTATION_STYLE_ASSIGNMENT((#16414));
#16414 = SURFACE_STYLE_USAGE(.BOTH.,#16415);
#16415 = SURFACE_SIDE_STYLE('',(#16416));
#16416 = SURFACE_STYLE_FILL_AREA(#16417);
#16417 = FILL_AREA_STYLE('',(#16418));
#16418 = FILL_AREA_STYLE_COLOUR('',#16285);
#16419 = STYLED_ITEM('color',(#16420),#11112);
#16420 = PRESENTATION_STYLE_ASSIGNMENT((#16421));
#16421 = SURFACE_STYLE_USAGE(.BOTH.,#16422);
#16422 = SURFACE_SIDE_STYLE('',(#16423));
#16423 = SURFACE_STYLE_FILL_AREA(#16424);
#16424 = FILL_AREA_STYLE('',(#16425));
#16425 = FILL_AREA_STYLE_COLOUR('',#16285);
#16426 = STYLED_ITEM('color',(#16427),#11130);
#16427 = PRESENTATION_STYLE_ASSIGNMENT((#16428));
#16428 = SURFACE_STYLE_USAGE(.BOTH.,#16429);
#16429 = SURFACE_SIDE_STYLE('',(#16430));
#16430 = SURFACE_STYLE_FILL_AREA(#16431);
#16431 = FILL_AREA_STYLE('',(#16432));
#16432 = FILL_AREA_STYLE_COLOUR('',#16285);
#16433 = STYLED_ITEM('color',(#16434),#11147);
#16434 = PRESENTATION_STYLE_ASSIGNMENT((#16435));
#16435 = SURFACE_STYLE_USAGE(.BOTH.,#16436);
#16436 = SURFACE_SIDE_STYLE('',(#16437));
#16437 = SURFACE_STYLE_FILL_AREA(#16438);
#16438 = FILL_AREA_STYLE('',(#16439));
#16439 = FILL_AREA_STYLE_COLOUR('',#16285);
#16440 = STYLED_ITEM('color',(#16441),#11164);
#16441 = PRESENTATION_STYLE_ASSIGNMENT((#16442));
#16442 = SURFACE_STYLE_USAGE(.BOTH.,#16443);
#16443 = SURFACE_SIDE_STYLE('',(#16444));
#16444 = SURFACE_STYLE_FILL_AREA(#16445);
#16445 = FILL_AREA_STYLE('',(#16446));
#16446 = FILL_AREA_STYLE_COLOUR('',#16285);
#16447 = STYLED_ITEM('color',(#16448),#11195);
#16448 = PRESENTATION_STYLE_ASSIGNMENT((#16449));
#16449 = SURFACE_STYLE_USAGE(.BOTH.,#16450);
#16450 = SURFACE_SIDE_STYLE('',(#16451));
#16451 = SURFACE_STYLE_FILL_AREA(#16452);
#16452 = FILL_AREA_STYLE('',(#16453));
#16453 = FILL_AREA_STYLE_COLOUR('',#16285);
#16454 = STYLED_ITEM('color',(#16455),#11220);
#16455 = PRESENTATION_STYLE_ASSIGNMENT((#16456));
#16456 = SURFACE_STYLE_USAGE(.BOTH.,#16457);
#16457 = SURFACE_SIDE_STYLE('',(#16458));
#16458 = SURFACE_STYLE_FILL_AREA(#16459);
#16459 = FILL_AREA_STYLE('',(#16460));
#16460 = FILL_AREA_STYLE_COLOUR('',#16285);
#16461 = STYLED_ITEM('color',(#16462),#11245);
#16462 = PRESENTATION_STYLE_ASSIGNMENT((#16463));
#16463 = SURFACE_STYLE_USAGE(.BOTH.,#16464);
#16464 = SURFACE_SIDE_STYLE('',(#16465));
#16465 = SURFACE_STYLE_FILL_AREA(#16466);
#16466 = FILL_AREA_STYLE('',(#16467));
#16467 = FILL_AREA_STYLE_COLOUR('',#16285);
#16468 = STYLED_ITEM('color',(#16469),#11269);
#16469 = PRESENTATION_STYLE_ASSIGNMENT((#16470));
#16470 = SURFACE_STYLE_USAGE(.BOTH.,#16471);
#16471 = SURFACE_SIDE_STYLE('',(#16472));
#16472 = SURFACE_STYLE_FILL_AREA(#16473);
#16473 = FILL_AREA_STYLE('',(#16474));
#16474 = FILL_AREA_STYLE_COLOUR('',#16285);
#16475 = STYLED_ITEM('color',(#16476),#11286);
#16476 = PRESENTATION_STYLE_ASSIGNMENT((#16477));
#16477 = SURFACE_STYLE_USAGE(.BOTH.,#16478);
#16478 = SURFACE_SIDE_STYLE('',(#16479));
#16479 = SURFACE_STYLE_FILL_AREA(#16480);
#16480 = FILL_AREA_STYLE('',(#16481));
#16481 = FILL_AREA_STYLE_COLOUR('',#16482);
#16482 = COLOUR_RGB('',0.340000006699,0.68000001254,0.444999988852);
#16483 = STYLED_ITEM('color',(#16484),#11317);
#16484 = PRESENTATION_STYLE_ASSIGNMENT((#16485));
#16485 = SURFACE_STYLE_USAGE(.BOTH.,#16486);
#16486 = SURFACE_SIDE_STYLE('',(#16487));
#16487 = SURFACE_STYLE_FILL_AREA(#16488);
#16488 = FILL_AREA_STYLE('',(#16489));
#16489 = FILL_AREA_STYLE_COLOUR('',#16482);
#16490 = STYLED_ITEM('color',(#16491),#11341);
#16491 = PRESENTATION_STYLE_ASSIGNMENT((#16492));
#16492 = SURFACE_STYLE_USAGE(.BOTH.,#16493);
#16493 = SURFACE_SIDE_STYLE('',(#16494));
#16494 = SURFACE_STYLE_FILL_AREA(#16495);
#16495 = FILL_AREA_STYLE('',(#16496));
#16496 = FILL_AREA_STYLE_COLOUR('',#16482);
#16497 = STYLED_ITEM('color',(#16498),#11358);
#16498 = PRESENTATION_STYLE_ASSIGNMENT((#16499));
#16499 = SURFACE_STYLE_USAGE(.BOTH.,#16500);
#16500 = SURFACE_SIDE_STYLE('',(#16501));
#16501 = SURFACE_STYLE_FILL_AREA(#16502);
#16502 = FILL_AREA_STYLE('',(#16503));
#16503 = FILL_AREA_STYLE_COLOUR('',#16285);
#16504 = STYLED_ITEM('color',(#16505),#11386);
#16505 = PRESENTATION_STYLE_ASSIGNMENT((#16506));
#16506 = SURFACE_STYLE_USAGE(.BOTH.,#16507);
#16507 = SURFACE_SIDE_STYLE('',(#16508));
#16508 = SURFACE_STYLE_FILL_AREA(#16509);
#16509 = FILL_AREA_STYLE('',(#16510));
#16510 = FILL_AREA_STYLE_COLOUR('',#16285);
#16511 = STYLED_ITEM('color',(#16512),#11411);
#16512 = PRESENTATION_STYLE_ASSIGNMENT((#16513));
#16513 = SURFACE_STYLE_USAGE(.BOTH.,#16514);
#16514 = SURFACE_SIDE_STYLE('',(#16515));
#16515 = SURFACE_STYLE_FILL_AREA(#16516);
#16516 = FILL_AREA_STYLE('',(#16517));
#16517 = FILL_AREA_STYLE_COLOUR('',#16285);
#16518 = STYLED_ITEM('color',(#16519),#11435);
#16519 = PRESENTATION_STYLE_ASSIGNMENT((#16520));
#16520 = SURFACE_STYLE_USAGE(.BOTH.,#16521);
#16521 = SURFACE_SIDE_STYLE('',(#16522));
#16522 = SURFACE_STYLE_FILL_AREA(#16523);
#16523 = FILL_AREA_STYLE('',(#16524));
#16524 = FILL_AREA_STYLE_COLOUR('',#16285);
#16525 = STYLED_ITEM('color',(#16526),#11460);
#16526 = PRESENTATION_STYLE_ASSIGNMENT((#16527));
#16527 = SURFACE_STYLE_USAGE(.BOTH.,#16528);
#16528 = SURFACE_SIDE_STYLE('',(#16529));
#16529 = SURFACE_STYLE_FILL_AREA(#16530);
#16530 = FILL_AREA_STYLE('',(#16531));
#16531 = FILL_AREA_STYLE_COLOUR('',#16285);
#16532 = STYLED_ITEM('color',(#16533),#11507);
#16533 = PRESENTATION_STYLE_ASSIGNMENT((#16534));
#16534 = SURFACE_STYLE_USAGE(.BOTH.,#16535);
#16535 = SURFACE_SIDE_STYLE('',(#16536));
#16536 = SURFACE_STYLE_FILL_AREA(#16537);
#16537 = FILL_AREA_STYLE('',(#16538));
#16538 = FILL_AREA_STYLE_COLOUR('',#16285);
#16539 = STYLED_ITEM('color',(#16540),#11524);
#16540 = PRESENTATION_STYLE_ASSIGNMENT((#16541));
#16541 = SURFACE_STYLE_USAGE(.BOTH.,#16542);
#16542 = SURFACE_SIDE_STYLE('',(#16543));
#16543 = SURFACE_STYLE_FILL_AREA(#16544);
#16544 = FILL_AREA_STYLE('',(#16545));
#16545 = FILL_AREA_STYLE_COLOUR('',#16285);
#16546 = STYLED_ITEM('color',(#16547),#11536);
#16547 = PRESENTATION_STYLE_ASSIGNMENT((#16548));
#16548 = SURFACE_STYLE_USAGE(.BOTH.,#16549);
#16549 = SURFACE_SIDE_STYLE('',(#16550));
#16550 = SURFACE_STYLE_FILL_AREA(#16551);
#16551 = FILL_AREA_STYLE('',(#16552));
#16552 = FILL_AREA_STYLE_COLOUR('',#16285);
#16553 = STYLED_ITEM('color',(#16554),#11558);
#16554 = PRESENTATION_STYLE_ASSIGNMENT((#16555));
#16555 = SURFACE_STYLE_USAGE(.BOTH.,#16556);
#16556 = SURFACE_SIDE_STYLE('',(#16557));
#16557 = SURFACE_STYLE_FILL_AREA(#16558);
#16558 = FILL_AREA_STYLE('',(#16559));
#16559 = FILL_AREA_STYLE_COLOUR('',#16285);
#16560 = STYLED_ITEM('color',(#16561),#11570);
#16561 = PRESENTATION_STYLE_ASSIGNMENT((#16562));
#16562 = SURFACE_STYLE_USAGE(.BOTH.,#16563);
#16563 = SURFACE_SIDE_STYLE('',(#16564));
#16564 = SURFACE_STYLE_FILL_AREA(#16565);
#16565 = FILL_AREA_STYLE('',(#16566));
#16566 = FILL_AREA_STYLE_COLOUR('',#16285);
#16567 = STYLED_ITEM('color',(#16568),#11588);
#16568 = PRESENTATION_STYLE_ASSIGNMENT((#16569));
#16569 = SURFACE_STYLE_USAGE(.BOTH.,#16570);
#16570 = SURFACE_SIDE_STYLE('',(#16571));
#16571 = SURFACE_STYLE_FILL_AREA(#16572);
#16572 = FILL_AREA_STYLE('',(#16573));
#16573 = FILL_AREA_STYLE_COLOUR('',#16285);
#16574 = STYLED_ITEM('color',(#16575),#11606);
#16575 = PRESENTATION_STYLE_ASSIGNMENT((#16576));
#16576 = SURFACE_STYLE_USAGE(.BOTH.,#16577);
#16577 = SURFACE_SIDE_STYLE('',(#16578));
#16578 = SURFACE_STYLE_FILL_AREA(#16579);
#16579 = FILL_AREA_STYLE('',(#16580));
#16580 = FILL_AREA_STYLE_COLOUR('',#16482);
#16581 = MECHANICAL_DESIGN_GEOMETRIC_PRESENTATION_REPRESENTATION('',(
    #16582,#16589,#16596,#16603,#16610,#16617,#16624,#16631,#16638,
    #16645,#16652,#16659,#16666,#16673,#16680,#16687,#16694,#16701,
    #16708,#16715,#16722,#16729,#16736,#16743,#16750,#16757,#16764,
    #16771,#16778,#16785,#16792,#16799,#16806,#16813,#16820,#16827,
    #16834,#16841,#16848,#16855,#16862,#16869,#16876,#16883,#16890,
    #16897,#16904,#16911,#16918,#16925,#16932,#16939,#16946,#16953,
    #16960,#16967,#16974,#16981,#16988,#16995,#17002,#17009,#17016,
    #17023,#17030,#17037,#17044,#17051,#17058,#17065,#17072,#17079,
    #17086,#17093,#17100,#17107,#17114,#17121,#17128,#17135,#17142,
    #17149,#17156,#17163,#17170,#17177,#17184,#17191,#17198,#17205,
    #17212,#17219,#17226,#17233,#17240,#17247,#17254,#17261,#17268,
    #17275,#17282,#17289,#17296,#17303,#17310),#3336);
#16582 = STYLED_ITEM('color',(#16583),#87);
#16583 = PRESENTATION_STYLE_ASSIGNMENT((#16584));
#16584 = SURFACE_STYLE_USAGE(.BOTH.,#16585);
#16585 = SURFACE_SIDE_STYLE('',(#16586));
#16586 = SURFACE_STYLE_FILL_AREA(#16587);
#16587 = FILL_AREA_STYLE('',(#16588));
#16588 = FILL_AREA_STYLE_COLOUR('',#15069);
#16589 = STYLED_ITEM('color',(#16590),#191);
#16590 = PRESENTATION_STYLE_ASSIGNMENT((#16591));
#16591 = SURFACE_STYLE_USAGE(.BOTH.,#16592);
#16592 = SURFACE_SIDE_STYLE('',(#16593));
#16593 = SURFACE_STYLE_FILL_AREA(#16594);
#16594 = FILL_AREA_STYLE('',(#16595));
#16595 = FILL_AREA_STYLE_COLOUR('',#15069);
#16596 = STYLED_ITEM('color',(#16597),#238);
#16597 = PRESENTATION_STYLE_ASSIGNMENT((#16598));
#16598 = SURFACE_STYLE_USAGE(.BOTH.,#16599);
#16599 = SURFACE_SIDE_STYLE('',(#16600));
#16600 = SURFACE_STYLE_FILL_AREA(#16601);
#16601 = FILL_AREA_STYLE('',(#16602));
#16602 = FILL_AREA_STYLE_COLOUR('',#15069);
#16603 = STYLED_ITEM('color',(#16604),#278);
#16604 = PRESENTATION_STYLE_ASSIGNMENT((#16605));
#16605 = SURFACE_STYLE_USAGE(.BOTH.,#16606);
#16606 = SURFACE_SIDE_STYLE('',(#16607));
#16607 = SURFACE_STYLE_FILL_AREA(#16608);
#16608 = FILL_AREA_STYLE('',(#16609));
#16609 = FILL_AREA_STYLE_COLOUR('',#15069);
#16610 = STYLED_ITEM('color',(#16611),#302);
#16611 = PRESENTATION_STYLE_ASSIGNMENT((#16612));
#16612 = SURFACE_STYLE_USAGE(.BOTH.,#16613);
#16613 = SURFACE_SIDE_STYLE('',(#16614));
#16614 = SURFACE_STYLE_FILL_AREA(#16615);
#16615 = FILL_AREA_STYLE('',(#16616));
#16616 = FILL_AREA_STYLE_COLOUR('',#15069);
#16617 = STYLED_ITEM('color',(#16618),#342);
#16618 = PRESENTATION_STYLE_ASSIGNMENT((#16619));
#16619 = SURFACE_STYLE_USAGE(.BOTH.,#16620);
#16620 = SURFACE_SIDE_STYLE('',(#16621));
#16621 = SURFACE_STYLE_FILL_AREA(#16622);
#16622 = FILL_AREA_STYLE('',(#16623));
#16623 = FILL_AREA_STYLE_COLOUR('',#15069);
#16624 = STYLED_ITEM('color',(#16625),#366);
#16625 = PRESENTATION_STYLE_ASSIGNMENT((#16626));
#16626 = SURFACE_STYLE_USAGE(.BOTH.,#16627);
#16627 = SURFACE_SIDE_STYLE('',(#16628));
#16628 = SURFACE_STYLE_FILL_AREA(#16629);
#16629 = FILL_AREA_STYLE('',(#16630));
#16630 = FILL_AREA_STYLE_COLOUR('',#15069);
#16631 = STYLED_ITEM('color',(#16632),#406);
#16632 = PRESENTATION_STYLE_ASSIGNMENT((#16633));
#16633 = SURFACE_STYLE_USAGE(.BOTH.,#16634);
#16634 = SURFACE_SIDE_STYLE('',(#16635));
#16635 = SURFACE_STYLE_FILL_AREA(#16636);
#16636 = FILL_AREA_STYLE('',(#16637));
#16637 = FILL_AREA_STYLE_COLOUR('',#15069);
#16638 = STYLED_ITEM('color',(#16639),#430);
#16639 = PRESENTATION_STYLE_ASSIGNMENT((#16640));
#16640 = SURFACE_STYLE_USAGE(.BOTH.,#16641);
#16641 = SURFACE_SIDE_STYLE('',(#16642));
#16642 = SURFACE_STYLE_FILL_AREA(#16643);
#16643 = FILL_AREA_STYLE('',(#16644));
#16644 = FILL_AREA_STYLE_COLOUR('',#15069);
#16645 = STYLED_ITEM('color',(#16646),#470);
#16646 = PRESENTATION_STYLE_ASSIGNMENT((#16647));
#16647 = SURFACE_STYLE_USAGE(.BOTH.,#16648);
#16648 = SURFACE_SIDE_STYLE('',(#16649));
#16649 = SURFACE_STYLE_FILL_AREA(#16650);
#16650 = FILL_AREA_STYLE('',(#16651));
#16651 = FILL_AREA_STYLE_COLOUR('',#15069);
#16652 = STYLED_ITEM('color',(#16653),#510);
#16653 = PRESENTATION_STYLE_ASSIGNMENT((#16654));
#16654 = SURFACE_STYLE_USAGE(.BOTH.,#16655);
#16655 = SURFACE_SIDE_STYLE('',(#16656));
#16656 = SURFACE_STYLE_FILL_AREA(#16657);
#16657 = FILL_AREA_STYLE('',(#16658));
#16658 = FILL_AREA_STYLE_COLOUR('',#15069);
#16659 = STYLED_ITEM('color',(#16660),#550);
#16660 = PRESENTATION_STYLE_ASSIGNMENT((#16661));
#16661 = SURFACE_STYLE_USAGE(.BOTH.,#16662);
#16662 = SURFACE_SIDE_STYLE('',(#16663));
#16663 = SURFACE_STYLE_FILL_AREA(#16664);
#16664 = FILL_AREA_STYLE('',(#16665));
#16665 = FILL_AREA_STYLE_COLOUR('',#15069);
#16666 = STYLED_ITEM('color',(#16667),#638);
#16667 = PRESENTATION_STYLE_ASSIGNMENT((#16668));
#16668 = SURFACE_STYLE_USAGE(.BOTH.,#16669);
#16669 = SURFACE_SIDE_STYLE('',(#16670));
#16670 = SURFACE_STYLE_FILL_AREA(#16671);
#16671 = FILL_AREA_STYLE('',(#16672));
#16672 = FILL_AREA_STYLE_COLOUR('',#15069);
#16673 = STYLED_ITEM('color',(#16674),#671);
#16674 = PRESENTATION_STYLE_ASSIGNMENT((#16675));
#16675 = SURFACE_STYLE_USAGE(.BOTH.,#16676);
#16676 = SURFACE_SIDE_STYLE('',(#16677));
#16677 = SURFACE_STYLE_FILL_AREA(#16678);
#16678 = FILL_AREA_STYLE('',(#16679));
#16679 = FILL_AREA_STYLE_COLOUR('',#15069);
#16680 = STYLED_ITEM('color',(#16681),#695);
#16681 = PRESENTATION_STYLE_ASSIGNMENT((#16682));
#16682 = SURFACE_STYLE_USAGE(.BOTH.,#16683);
#16683 = SURFACE_SIDE_STYLE('',(#16684));
#16684 = SURFACE_STYLE_FILL_AREA(#16685);
#16685 = FILL_AREA_STYLE('',(#16686));
#16686 = FILL_AREA_STYLE_COLOUR('',#15069);
#16687 = STYLED_ITEM('color',(#16688),#767);
#16688 = PRESENTATION_STYLE_ASSIGNMENT((#16689));
#16689 = SURFACE_STYLE_USAGE(.BOTH.,#16690);
#16690 = SURFACE_SIDE_STYLE('',(#16691));
#16691 = SURFACE_STYLE_FILL_AREA(#16692);
#16692 = FILL_AREA_STYLE('',(#16693));
#16693 = FILL_AREA_STYLE_COLOUR('',#15069);
#16694 = STYLED_ITEM('color',(#16695),#907);
#16695 = PRESENTATION_STYLE_ASSIGNMENT((#16696));
#16696 = SURFACE_STYLE_USAGE(.BOTH.,#16697);
#16697 = SURFACE_SIDE_STYLE('',(#16698));
#16698 = SURFACE_STYLE_FILL_AREA(#16699);
#16699 = FILL_AREA_STYLE('',(#16700));
#16700 = FILL_AREA_STYLE_COLOUR('',#15069);
#16701 = STYLED_ITEM('color',(#16702),#924);
#16702 = PRESENTATION_STYLE_ASSIGNMENT((#16703));
#16703 = SURFACE_STYLE_USAGE(.BOTH.,#16704);
#16704 = SURFACE_SIDE_STYLE('',(#16705));
#16705 = SURFACE_STYLE_FILL_AREA(#16706);
#16706 = FILL_AREA_STYLE('',(#16707));
#16707 = FILL_AREA_STYLE_COLOUR('',#15069);
#16708 = STYLED_ITEM('color',(#16709),#970);
#16709 = PRESENTATION_STYLE_ASSIGNMENT((#16710));
#16710 = SURFACE_STYLE_USAGE(.BOTH.,#16711);
#16711 = SURFACE_SIDE_STYLE('',(#16712));
#16712 = SURFACE_STYLE_FILL_AREA(#16713);
#16713 = FILL_AREA_STYLE('',(#16714));
#16714 = FILL_AREA_STYLE_COLOUR('',#15069);
#16715 = STYLED_ITEM('color',(#16716),#987);
#16716 = PRESENTATION_STYLE_ASSIGNMENT((#16717));
#16717 = SURFACE_STYLE_USAGE(.BOTH.,#16718);
#16718 = SURFACE_SIDE_STYLE('',(#16719));
#16719 = SURFACE_STYLE_FILL_AREA(#16720);
#16720 = FILL_AREA_STYLE('',(#16721));
#16721 = FILL_AREA_STYLE_COLOUR('',#15069);
#16722 = STYLED_ITEM('color',(#16723),#1033);
#16723 = PRESENTATION_STYLE_ASSIGNMENT((#16724));
#16724 = SURFACE_STYLE_USAGE(.BOTH.,#16725);
#16725 = SURFACE_SIDE_STYLE('',(#16726));
#16726 = SURFACE_STYLE_FILL_AREA(#16727);
#16727 = FILL_AREA_STYLE('',(#16728));
#16728 = FILL_AREA_STYLE_COLOUR('',#15069);
#16729 = STYLED_ITEM('color',(#16730),#1057);
#16730 = PRESENTATION_STYLE_ASSIGNMENT((#16731));
#16731 = SURFACE_STYLE_USAGE(.BOTH.,#16732);
#16732 = SURFACE_SIDE_STYLE('',(#16733));
#16733 = SURFACE_STYLE_FILL_AREA(#16734);
#16734 = FILL_AREA_STYLE('',(#16735));
#16735 = FILL_AREA_STYLE_COLOUR('',#15069);
#16736 = STYLED_ITEM('color',(#16737),#1122);
#16737 = PRESENTATION_STYLE_ASSIGNMENT((#16738));
#16738 = SURFACE_STYLE_USAGE(.BOTH.,#16739);
#16739 = SURFACE_SIDE_STYLE('',(#16740));
#16740 = SURFACE_STYLE_FILL_AREA(#16741);
#16741 = FILL_AREA_STYLE('',(#16742));
#16742 = FILL_AREA_STYLE_COLOUR('',#15069);
#16743 = STYLED_ITEM('color',(#16744),#1139);
#16744 = PRESENTATION_STYLE_ASSIGNMENT((#16745));
#16745 = SURFACE_STYLE_USAGE(.BOTH.,#16746);
#16746 = SURFACE_SIDE_STYLE('',(#16747));
#16747 = SURFACE_STYLE_FILL_AREA(#16748);
#16748 = FILL_AREA_STYLE('',(#16749));
#16749 = FILL_AREA_STYLE_COLOUR('',#15069);
#16750 = STYLED_ITEM('color',(#16751),#1151);
#16751 = PRESENTATION_STYLE_ASSIGNMENT((#16752));
#16752 = SURFACE_STYLE_USAGE(.BOTH.,#16753);
#16753 = SURFACE_SIDE_STYLE('',(#16754));
#16754 = SURFACE_STYLE_FILL_AREA(#16755);
#16755 = FILL_AREA_STYLE('',(#16756));
#16756 = FILL_AREA_STYLE_COLOUR('',#15069);
#16757 = STYLED_ITEM('color',(#16758),#1182);
#16758 = PRESENTATION_STYLE_ASSIGNMENT((#16759));
#16759 = SURFACE_STYLE_USAGE(.BOTH.,#16760);
#16760 = SURFACE_SIDE_STYLE('',(#16761));
#16761 = SURFACE_STYLE_FILL_AREA(#16762);
#16762 = FILL_AREA_STYLE('',(#16763));
#16763 = FILL_AREA_STYLE_COLOUR('',#15069);
#16764 = STYLED_ITEM('color',(#16765),#1207);
#16765 = PRESENTATION_STYLE_ASSIGNMENT((#16766));
#16766 = SURFACE_STYLE_USAGE(.BOTH.,#16767);
#16767 = SURFACE_SIDE_STYLE('',(#16768));
#16768 = SURFACE_STYLE_FILL_AREA(#16769);
#16769 = FILL_AREA_STYLE('',(#16770));
#16770 = FILL_AREA_STYLE_COLOUR('',#15069);
#16771 = STYLED_ITEM('color',(#16772),#1224);
#16772 = PRESENTATION_STYLE_ASSIGNMENT((#16773));
#16773 = SURFACE_STYLE_USAGE(.BOTH.,#16774);
#16774 = SURFACE_SIDE_STYLE('',(#16775));
#16775 = SURFACE_STYLE_FILL_AREA(#16776);
#16776 = FILL_AREA_STYLE('',(#16777));
#16777 = FILL_AREA_STYLE_COLOUR('',#15069);
#16778 = STYLED_ITEM('color',(#16779),#1256);
#16779 = PRESENTATION_STYLE_ASSIGNMENT((#16780));
#16780 = SURFACE_STYLE_USAGE(.BOTH.,#16781);
#16781 = SURFACE_SIDE_STYLE('',(#16782));
#16782 = SURFACE_STYLE_FILL_AREA(#16783);
#16783 = FILL_AREA_STYLE('',(#16784));
#16784 = FILL_AREA_STYLE_COLOUR('',#15069);
#16785 = STYLED_ITEM('color',(#16786),#1280);
#16786 = PRESENTATION_STYLE_ASSIGNMENT((#16787));
#16787 = SURFACE_STYLE_USAGE(.BOTH.,#16788);
#16788 = SURFACE_SIDE_STYLE('',(#16789));
#16789 = SURFACE_STYLE_FILL_AREA(#16790);
#16790 = FILL_AREA_STYLE('',(#16791));
#16791 = FILL_AREA_STYLE_COLOUR('',#15069);
#16792 = STYLED_ITEM('color',(#16793),#1297);
#16793 = PRESENTATION_STYLE_ASSIGNMENT((#16794));
#16794 = SURFACE_STYLE_USAGE(.BOTH.,#16795);
#16795 = SURFACE_SIDE_STYLE('',(#16796));
#16796 = SURFACE_STYLE_FILL_AREA(#16797);
#16797 = FILL_AREA_STYLE('',(#16798));
#16798 = FILL_AREA_STYLE_COLOUR('',#15069);
#16799 = STYLED_ITEM('color',(#16800),#1309);
#16800 = PRESENTATION_STYLE_ASSIGNMENT((#16801));
#16801 = SURFACE_STYLE_USAGE(.BOTH.,#16802);
#16802 = SURFACE_SIDE_STYLE('',(#16803));
#16803 = SURFACE_STYLE_FILL_AREA(#16804);
#16804 = FILL_AREA_STYLE('',(#16805));
#16805 = FILL_AREA_STYLE_COLOUR('',#15069);
#16806 = STYLED_ITEM('color',(#16807),#1333);
#16807 = PRESENTATION_STYLE_ASSIGNMENT((#16808));
#16808 = SURFACE_STYLE_USAGE(.BOTH.,#16809);
#16809 = SURFACE_SIDE_STYLE('',(#16810));
#16810 = SURFACE_STYLE_FILL_AREA(#16811);
#16811 = FILL_AREA_STYLE('',(#16812));
#16812 = FILL_AREA_STYLE_COLOUR('',#15069);
#16813 = STYLED_ITEM('color',(#16814),#1358);
#16814 = PRESENTATION_STYLE_ASSIGNMENT((#16815));
#16815 = SURFACE_STYLE_USAGE(.BOTH.,#16816);
#16816 = SURFACE_SIDE_STYLE('',(#16817));
#16817 = SURFACE_STYLE_FILL_AREA(#16818);
#16818 = FILL_AREA_STYLE('',(#16819));
#16819 = FILL_AREA_STYLE_COLOUR('',#15069);
#16820 = STYLED_ITEM('color',(#16821),#1503);
#16821 = PRESENTATION_STYLE_ASSIGNMENT((#16822));
#16822 = SURFACE_STYLE_USAGE(.BOTH.,#16823);
#16823 = SURFACE_SIDE_STYLE('',(#16824));
#16824 = SURFACE_STYLE_FILL_AREA(#16825);
#16825 = FILL_AREA_STYLE('',(#16826));
#16826 = FILL_AREA_STYLE_COLOUR('',#15069);
#16827 = STYLED_ITEM('color',(#16828),#1520);
#16828 = PRESENTATION_STYLE_ASSIGNMENT((#16829));
#16829 = SURFACE_STYLE_USAGE(.BOTH.,#16830);
#16830 = SURFACE_SIDE_STYLE('',(#16831));
#16831 = SURFACE_STYLE_FILL_AREA(#16832);
#16832 = FILL_AREA_STYLE('',(#16833));
#16833 = FILL_AREA_STYLE_COLOUR('',#15069);
#16834 = STYLED_ITEM('color',(#16835),#1537);
#16835 = PRESENTATION_STYLE_ASSIGNMENT((#16836));
#16836 = SURFACE_STYLE_USAGE(.BOTH.,#16837);
#16837 = SURFACE_SIDE_STYLE('',(#16838));
#16838 = SURFACE_STYLE_FILL_AREA(#16839);
#16839 = FILL_AREA_STYLE('',(#16840));
#16840 = FILL_AREA_STYLE_COLOUR('',#15069);
#16841 = STYLED_ITEM('color',(#16842),#1554);
#16842 = PRESENTATION_STYLE_ASSIGNMENT((#16843));
#16843 = SURFACE_STYLE_USAGE(.BOTH.,#16844);
#16844 = SURFACE_SIDE_STYLE('',(#16845));
#16845 = SURFACE_STYLE_FILL_AREA(#16846);
#16846 = FILL_AREA_STYLE('',(#16847));
#16847 = FILL_AREA_STYLE_COLOUR('',#15069);
#16848 = STYLED_ITEM('color',(#16849),#1571);
#16849 = PRESENTATION_STYLE_ASSIGNMENT((#16850));
#16850 = SURFACE_STYLE_USAGE(.BOTH.,#16851);
#16851 = SURFACE_SIDE_STYLE('',(#16852));
#16852 = SURFACE_STYLE_FILL_AREA(#16853);
#16853 = FILL_AREA_STYLE('',(#16854));
#16854 = FILL_AREA_STYLE_COLOUR('',#15069);
#16855 = STYLED_ITEM('color',(#16856),#1588);
#16856 = PRESENTATION_STYLE_ASSIGNMENT((#16857));
#16857 = SURFACE_STYLE_USAGE(.BOTH.,#16858);
#16858 = SURFACE_SIDE_STYLE('',(#16859));
#16859 = SURFACE_STYLE_FILL_AREA(#16860);
#16860 = FILL_AREA_STYLE('',(#16861));
#16861 = FILL_AREA_STYLE_COLOUR('',#15069);
#16862 = STYLED_ITEM('color',(#16863),#1605);
#16863 = PRESENTATION_STYLE_ASSIGNMENT((#16864));
#16864 = SURFACE_STYLE_USAGE(.BOTH.,#16865);
#16865 = SURFACE_SIDE_STYLE('',(#16866));
#16866 = SURFACE_STYLE_FILL_AREA(#16867);
#16867 = FILL_AREA_STYLE('',(#16868));
#16868 = FILL_AREA_STYLE_COLOUR('',#15069);
#16869 = STYLED_ITEM('color',(#16870),#1622);
#16870 = PRESENTATION_STYLE_ASSIGNMENT((#16871));
#16871 = SURFACE_STYLE_USAGE(.BOTH.,#16872);
#16872 = SURFACE_SIDE_STYLE('',(#16873));
#16873 = SURFACE_STYLE_FILL_AREA(#16874);
#16874 = FILL_AREA_STYLE('',(#16875));
#16875 = FILL_AREA_STYLE_COLOUR('',#15069);
#16876 = STYLED_ITEM('color',(#16877),#1639);
#16877 = PRESENTATION_STYLE_ASSIGNMENT((#16878));
#16878 = SURFACE_STYLE_USAGE(.BOTH.,#16879);
#16879 = SURFACE_SIDE_STYLE('',(#16880));
#16880 = SURFACE_STYLE_FILL_AREA(#16881);
#16881 = FILL_AREA_STYLE('',(#16882));
#16882 = FILL_AREA_STYLE_COLOUR('',#15069);
#16883 = STYLED_ITEM('color',(#16884),#1656);
#16884 = PRESENTATION_STYLE_ASSIGNMENT((#16885));
#16885 = SURFACE_STYLE_USAGE(.BOTH.,#16886);
#16886 = SURFACE_SIDE_STYLE('',(#16887));
#16887 = SURFACE_STYLE_FILL_AREA(#16888);
#16888 = FILL_AREA_STYLE('',(#16889));
#16889 = FILL_AREA_STYLE_COLOUR('',#15069);
#16890 = STYLED_ITEM('color',(#16891),#1673);
#16891 = PRESENTATION_STYLE_ASSIGNMENT((#16892));
#16892 = SURFACE_STYLE_USAGE(.BOTH.,#16893);
#16893 = SURFACE_SIDE_STYLE('',(#16894));
#16894 = SURFACE_STYLE_FILL_AREA(#16895);
#16895 = FILL_AREA_STYLE('',(#16896));
#16896 = FILL_AREA_STYLE_COLOUR('',#15069);
#16897 = STYLED_ITEM('color',(#16898),#1690);
#16898 = PRESENTATION_STYLE_ASSIGNMENT((#16899));
#16899 = SURFACE_STYLE_USAGE(.BOTH.,#16900);
#16900 = SURFACE_SIDE_STYLE('',(#16901));
#16901 = SURFACE_STYLE_FILL_AREA(#16902);
#16902 = FILL_AREA_STYLE('',(#16903));
#16903 = FILL_AREA_STYLE_COLOUR('',#15069);
#16904 = STYLED_ITEM('color',(#16905),#1707);
#16905 = PRESENTATION_STYLE_ASSIGNMENT((#16906));
#16906 = SURFACE_STYLE_USAGE(.BOTH.,#16907);
#16907 = SURFACE_SIDE_STYLE('',(#16908));
#16908 = SURFACE_STYLE_FILL_AREA(#16909);
#16909 = FILL_AREA_STYLE('',(#16910));
#16910 = FILL_AREA_STYLE_COLOUR('',#15069);
#16911 = STYLED_ITEM('color',(#16912),#1719);
#16912 = PRESENTATION_STYLE_ASSIGNMENT((#16913));
#16913 = SURFACE_STYLE_USAGE(.BOTH.,#16914);
#16914 = SURFACE_SIDE_STYLE('',(#16915));
#16915 = SURFACE_STYLE_FILL_AREA(#16916);
#16916 = FILL_AREA_STYLE('',(#16917));
#16917 = FILL_AREA_STYLE_COLOUR('',#15511);
#16918 = STYLED_ITEM('color',(#16919),#1750);
#16919 = PRESENTATION_STYLE_ASSIGNMENT((#16920));
#16920 = SURFACE_STYLE_USAGE(.BOTH.,#16921);
#16921 = SURFACE_SIDE_STYLE('',(#16922));
#16922 = SURFACE_STYLE_FILL_AREA(#16923);
#16923 = FILL_AREA_STYLE('',(#16924));
#16924 = FILL_AREA_STYLE_COLOUR('',#15511);
#16925 = STYLED_ITEM('color',(#16926),#1840);
#16926 = PRESENTATION_STYLE_ASSIGNMENT((#16927));
#16927 = SURFACE_STYLE_USAGE(.BOTH.,#16928);
#16928 = SURFACE_SIDE_STYLE('',(#16929));
#16929 = SURFACE_STYLE_FILL_AREA(#16930);
#16930 = FILL_AREA_STYLE('',(#16931));
#16931 = FILL_AREA_STYLE_COLOUR('',#15511);
#16932 = STYLED_ITEM('color',(#16933),#1864);
#16933 = PRESENTATION_STYLE_ASSIGNMENT((#16934));
#16934 = SURFACE_STYLE_USAGE(.BOTH.,#16935);
#16935 = SURFACE_SIDE_STYLE('',(#16936));
#16936 = SURFACE_STYLE_FILL_AREA(#16937);
#16937 = FILL_AREA_STYLE('',(#16938));
#16938 = FILL_AREA_STYLE_COLOUR('',#15511);
#16939 = STYLED_ITEM('color',(#16940),#1947);
#16940 = PRESENTATION_STYLE_ASSIGNMENT((#16941));
#16941 = SURFACE_STYLE_USAGE(.BOTH.,#16942);
#16942 = SURFACE_SIDE_STYLE('',(#16943));
#16943 = SURFACE_STYLE_FILL_AREA(#16944);
#16944 = FILL_AREA_STYLE('',(#16945));
#16945 = FILL_AREA_STYLE_COLOUR('',#15511);
#16946 = STYLED_ITEM('color',(#16947),#2044);
#16947 = PRESENTATION_STYLE_ASSIGNMENT((#16948));
#16948 = SURFACE_STYLE_USAGE(.BOTH.,#16949);
#16949 = SURFACE_SIDE_STYLE('',(#16950));
#16950 = SURFACE_STYLE_FILL_AREA(#16951);
#16951 = FILL_AREA_STYLE('',(#16952));
#16952 = FILL_AREA_STYLE_COLOUR('',#15511);
#16953 = STYLED_ITEM('color',(#16954),#2068);
#16954 = PRESENTATION_STYLE_ASSIGNMENT((#16955));
#16955 = SURFACE_STYLE_USAGE(.BOTH.,#16956);
#16956 = SURFACE_SIDE_STYLE('',(#16957));
#16957 = SURFACE_STYLE_FILL_AREA(#16958);
#16958 = FILL_AREA_STYLE('',(#16959));
#16959 = FILL_AREA_STYLE_COLOUR('',#15511);
#16960 = STYLED_ITEM('color',(#16961),#2158);
#16961 = PRESENTATION_STYLE_ASSIGNMENT((#16962));
#16962 = SURFACE_STYLE_USAGE(.BOTH.,#16963);
#16963 = SURFACE_SIDE_STYLE('',(#16964));
#16964 = SURFACE_STYLE_FILL_AREA(#16965);
#16965 = FILL_AREA_STYLE('',(#16966));
#16966 = FILL_AREA_STYLE_COLOUR('',#15511);
#16967 = STYLED_ITEM('color',(#16968),#2175);
#16968 = PRESENTATION_STYLE_ASSIGNMENT((#16969));
#16969 = SURFACE_STYLE_USAGE(.BOTH.,#16970);
#16970 = SURFACE_SIDE_STYLE('',(#16971));
#16971 = SURFACE_STYLE_FILL_AREA(#16972);
#16972 = FILL_AREA_STYLE('',(#16973));
#16973 = FILL_AREA_STYLE_COLOUR('',#15069);
#16974 = STYLED_ITEM('color',(#16975),#2200);
#16975 = PRESENTATION_STYLE_ASSIGNMENT((#16976));
#16976 = SURFACE_STYLE_USAGE(.BOTH.,#16977);
#16977 = SURFACE_SIDE_STYLE('',(#16978));
#16978 = SURFACE_STYLE_FILL_AREA(#16979);
#16979 = FILL_AREA_STYLE('',(#16980));
#16980 = FILL_AREA_STYLE_COLOUR('',#15069);
#16981 = STYLED_ITEM('color',(#16982),#2217);
#16982 = PRESENTATION_STYLE_ASSIGNMENT((#16983));
#16983 = SURFACE_STYLE_USAGE(.BOTH.,#16984);
#16984 = SURFACE_SIDE_STYLE('',(#16985));
#16985 = SURFACE_STYLE_FILL_AREA(#16986);
#16986 = FILL_AREA_STYLE('',(#16987));
#16987 = FILL_AREA_STYLE_COLOUR('',#15069);
#16988 = STYLED_ITEM('color',(#16989),#2244);
#16989 = PRESENTATION_STYLE_ASSIGNMENT((#16990));
#16990 = SURFACE_STYLE_USAGE(.BOTH.,#16991);
#16991 = SURFACE_SIDE_STYLE('',(#16992));
#16992 = SURFACE_STYLE_FILL_AREA(#16993);
#16993 = FILL_AREA_STYLE('',(#16994));
#16994 = FILL_AREA_STYLE_COLOUR('',#15069);
#16995 = STYLED_ITEM('color',(#16996),#2271);
#16996 = PRESENTATION_STYLE_ASSIGNMENT((#16997));
#16997 = SURFACE_STYLE_USAGE(.BOTH.,#16998);
#16998 = SURFACE_SIDE_STYLE('',(#16999));
#16999 = SURFACE_STYLE_FILL_AREA(#17000);
#17000 = FILL_AREA_STYLE('',(#17001));
#17001 = FILL_AREA_STYLE_COLOUR('',#15069);
#17002 = STYLED_ITEM('color',(#17003),#2288);
#17003 = PRESENTATION_STYLE_ASSIGNMENT((#17004));
#17004 = SURFACE_STYLE_USAGE(.BOTH.,#17005);
#17005 = SURFACE_SIDE_STYLE('',(#17006));
#17006 = SURFACE_STYLE_FILL_AREA(#17007);
#17007 = FILL_AREA_STYLE('',(#17008));
#17008 = FILL_AREA_STYLE_COLOUR('',#15069);
#17009 = STYLED_ITEM('color',(#17010),#2368);
#17010 = PRESENTATION_STYLE_ASSIGNMENT((#17011));
#17011 = SURFACE_STYLE_USAGE(.BOTH.,#17012);
#17012 = SURFACE_SIDE_STYLE('',(#17013));
#17013 = SURFACE_STYLE_FILL_AREA(#17014);
#17014 = FILL_AREA_STYLE('',(#17015));
#17015 = FILL_AREA_STYLE_COLOUR('',#15511);
#17016 = STYLED_ITEM('color',(#17017),#2385);
#17017 = PRESENTATION_STYLE_ASSIGNMENT((#17018));
#17018 = SURFACE_STYLE_USAGE(.BOTH.,#17019);
#17019 = SURFACE_SIDE_STYLE('',(#17020));
#17020 = SURFACE_STYLE_FILL_AREA(#17021);
#17021 = FILL_AREA_STYLE('',(#17022));
#17022 = FILL_AREA_STYLE_COLOUR('',#15511);
#17023 = STYLED_ITEM('color',(#17024),#2402);
#17024 = PRESENTATION_STYLE_ASSIGNMENT((#17025));
#17025 = SURFACE_STYLE_USAGE(.BOTH.,#17026);
#17026 = SURFACE_SIDE_STYLE('',(#17027));
#17027 = SURFACE_STYLE_FILL_AREA(#17028);
#17028 = FILL_AREA_STYLE('',(#17029));
#17029 = FILL_AREA_STYLE_COLOUR('',#15511);
#17030 = STYLED_ITEM('color',(#17031),#2419);
#17031 = PRESENTATION_STYLE_ASSIGNMENT((#17032));
#17032 = SURFACE_STYLE_USAGE(.BOTH.,#17033);
#17033 = SURFACE_SIDE_STYLE('',(#17034));
#17034 = SURFACE_STYLE_FILL_AREA(#17035);
#17035 = FILL_AREA_STYLE('',(#17036));
#17036 = FILL_AREA_STYLE_COLOUR('',#15511);
#17037 = STYLED_ITEM('color',(#17038),#2436);
#17038 = PRESENTATION_STYLE_ASSIGNMENT((#17039));
#17039 = SURFACE_STYLE_USAGE(.BOTH.,#17040);
#17040 = SURFACE_SIDE_STYLE('',(#17041));
#17041 = SURFACE_STYLE_FILL_AREA(#17042);
#17042 = FILL_AREA_STYLE('',(#17043));
#17043 = FILL_AREA_STYLE_COLOUR('',#15511);
#17044 = STYLED_ITEM('color',(#17045),#2469);
#17045 = PRESENTATION_STYLE_ASSIGNMENT((#17046));
#17046 = SURFACE_STYLE_USAGE(.BOTH.,#17047);
#17047 = SURFACE_SIDE_STYLE('',(#17048));
#17048 = SURFACE_STYLE_FILL_AREA(#17049);
#17049 = FILL_AREA_STYLE('',(#17050));
#17050 = FILL_AREA_STYLE_COLOUR('',#15511);
#17051 = STYLED_ITEM('color',(#17052),#2509);
#17052 = PRESENTATION_STYLE_ASSIGNMENT((#17053));
#17053 = SURFACE_STYLE_USAGE(.BOTH.,#17054);
#17054 = SURFACE_SIDE_STYLE('',(#17055));
#17055 = SURFACE_STYLE_FILL_AREA(#17056);
#17056 = FILL_AREA_STYLE('',(#17057));
#17057 = FILL_AREA_STYLE_COLOUR('',#15511);
#17058 = STYLED_ITEM('color',(#17059),#2540);
#17059 = PRESENTATION_STYLE_ASSIGNMENT((#17060));
#17060 = SURFACE_STYLE_USAGE(.BOTH.,#17061);
#17061 = SURFACE_SIDE_STYLE('',(#17062));
#17062 = SURFACE_STYLE_FILL_AREA(#17063);
#17063 = FILL_AREA_STYLE('',(#17064));
#17064 = FILL_AREA_STYLE_COLOUR('',#15511);
#17065 = STYLED_ITEM('color',(#17066),#2557);
#17066 = PRESENTATION_STYLE_ASSIGNMENT((#17067));
#17067 = SURFACE_STYLE_USAGE(.BOTH.,#17068);
#17068 = SURFACE_SIDE_STYLE('',(#17069));
#17069 = SURFACE_STYLE_FILL_AREA(#17070);
#17070 = FILL_AREA_STYLE('',(#17071));
#17071 = FILL_AREA_STYLE_COLOUR('',#15511);
#17072 = STYLED_ITEM('color',(#17073),#2569);
#17073 = PRESENTATION_STYLE_ASSIGNMENT((#17074));
#17074 = SURFACE_STYLE_USAGE(.BOTH.,#17075);
#17075 = SURFACE_SIDE_STYLE('',(#17076));
#17076 = SURFACE_STYLE_FILL_AREA(#17077);
#17077 = FILL_AREA_STYLE('',(#17078));
#17078 = FILL_AREA_STYLE_COLOUR('',#15511);
#17079 = STYLED_ITEM('color',(#17080),#2602);
#17080 = PRESENTATION_STYLE_ASSIGNMENT((#17081));
#17081 = SURFACE_STYLE_USAGE(.BOTH.,#17082);
#17082 = SURFACE_SIDE_STYLE('',(#17083));
#17083 = SURFACE_STYLE_FILL_AREA(#17084);
#17084 = FILL_AREA_STYLE('',(#17085));
#17085 = FILL_AREA_STYLE_COLOUR('',#15511);
#17086 = STYLED_ITEM('color',(#17087),#2619);
#17087 = PRESENTATION_STYLE_ASSIGNMENT((#17088));
#17088 = SURFACE_STYLE_USAGE(.BOTH.,#17089);
#17089 = SURFACE_SIDE_STYLE('',(#17090));
#17090 = SURFACE_STYLE_FILL_AREA(#17091);
#17091 = FILL_AREA_STYLE('',(#17092));
#17092 = FILL_AREA_STYLE_COLOUR('',#15511);
#17093 = STYLED_ITEM('color',(#17094),#2636);
#17094 = PRESENTATION_STYLE_ASSIGNMENT((#17095));
#17095 = SURFACE_STYLE_USAGE(.BOTH.,#17096);
#17096 = SURFACE_SIDE_STYLE('',(#17097));
#17097 = SURFACE_STYLE_FILL_AREA(#17098);
#17098 = FILL_AREA_STYLE('',(#17099));
#17099 = FILL_AREA_STYLE_COLOUR('',#15511);
#17100 = STYLED_ITEM('color',(#17101),#2653);
#17101 = PRESENTATION_STYLE_ASSIGNMENT((#17102));
#17102 = SURFACE_STYLE_USAGE(.BOTH.,#17103);
#17103 = SURFACE_SIDE_STYLE('',(#17104));
#17104 = SURFACE_STYLE_FILL_AREA(#17105);
#17105 = FILL_AREA_STYLE('',(#17106));
#17106 = FILL_AREA_STYLE_COLOUR('',#15511);
#17107 = STYLED_ITEM('color',(#17108),#2686);
#17108 = PRESENTATION_STYLE_ASSIGNMENT((#17109));
#17109 = SURFACE_STYLE_USAGE(.BOTH.,#17110);
#17110 = SURFACE_SIDE_STYLE('',(#17111));
#17111 = SURFACE_STYLE_FILL_AREA(#17112);
#17112 = FILL_AREA_STYLE('',(#17113));
#17113 = FILL_AREA_STYLE_COLOUR('',#15511);
#17114 = STYLED_ITEM('color',(#17115),#2726);
#17115 = PRESENTATION_STYLE_ASSIGNMENT((#17116));
#17116 = SURFACE_STYLE_USAGE(.BOTH.,#17117);
#17117 = SURFACE_SIDE_STYLE('',(#17118));
#17118 = SURFACE_STYLE_FILL_AREA(#17119);
#17119 = FILL_AREA_STYLE('',(#17120));
#17120 = FILL_AREA_STYLE_COLOUR('',#15511);
#17121 = STYLED_ITEM('color',(#17122),#2757);
#17122 = PRESENTATION_STYLE_ASSIGNMENT((#17123));
#17123 = SURFACE_STYLE_USAGE(.BOTH.,#17124);
#17124 = SURFACE_SIDE_STYLE('',(#17125));
#17125 = SURFACE_STYLE_FILL_AREA(#17126);
#17126 = FILL_AREA_STYLE('',(#17127));
#17127 = FILL_AREA_STYLE_COLOUR('',#15511);
#17128 = STYLED_ITEM('color',(#17129),#2774);
#17129 = PRESENTATION_STYLE_ASSIGNMENT((#17130));
#17130 = SURFACE_STYLE_USAGE(.BOTH.,#17131);
#17131 = SURFACE_SIDE_STYLE('',(#17132));
#17132 = SURFACE_STYLE_FILL_AREA(#17133);
#17133 = FILL_AREA_STYLE('',(#17134));
#17134 = FILL_AREA_STYLE_COLOUR('',#15511);
#17135 = STYLED_ITEM('color',(#17136),#2791);
#17136 = PRESENTATION_STYLE_ASSIGNMENT((#17137));
#17137 = SURFACE_STYLE_USAGE(.BOTH.,#17138);
#17138 = SURFACE_SIDE_STYLE('',(#17139));
#17139 = SURFACE_STYLE_FILL_AREA(#17140);
#17140 = FILL_AREA_STYLE('',(#17141));
#17141 = FILL_AREA_STYLE_COLOUR('',#15511);
#17142 = STYLED_ITEM('color',(#17143),#2803);
#17143 = PRESENTATION_STYLE_ASSIGNMENT((#17144));
#17144 = SURFACE_STYLE_USAGE(.BOTH.,#17145);
#17145 = SURFACE_SIDE_STYLE('',(#17146));
#17146 = SURFACE_STYLE_FILL_AREA(#17147);
#17147 = FILL_AREA_STYLE('',(#17148));
#17148 = FILL_AREA_STYLE_COLOUR('',#15511);
#17149 = STYLED_ITEM('color',(#17150),#2836);
#17150 = PRESENTATION_STYLE_ASSIGNMENT((#17151));
#17151 = SURFACE_STYLE_USAGE(.BOTH.,#17152);
#17152 = SURFACE_SIDE_STYLE('',(#17153));
#17153 = SURFACE_STYLE_FILL_AREA(#17154);
#17154 = FILL_AREA_STYLE('',(#17155));
#17155 = FILL_AREA_STYLE_COLOUR('',#15511);
#17156 = STYLED_ITEM('color',(#17157),#2867);
#17157 = PRESENTATION_STYLE_ASSIGNMENT((#17158));
#17158 = SURFACE_STYLE_USAGE(.BOTH.,#17159);
#17159 = SURFACE_SIDE_STYLE('',(#17160));
#17160 = SURFACE_STYLE_FILL_AREA(#17161);
#17161 = FILL_AREA_STYLE('',(#17162));
#17162 = FILL_AREA_STYLE_COLOUR('',#15511);
#17163 = STYLED_ITEM('color',(#17164),#2891);
#17164 = PRESENTATION_STYLE_ASSIGNMENT((#17165));
#17165 = SURFACE_STYLE_USAGE(.BOTH.,#17166);
#17166 = SURFACE_SIDE_STYLE('',(#17167));
#17167 = SURFACE_STYLE_FILL_AREA(#17168);
#17168 = FILL_AREA_STYLE('',(#17169));
#17169 = FILL_AREA_STYLE_COLOUR('',#15511);
#17170 = STYLED_ITEM('color',(#17171),#2915);
#17171 = PRESENTATION_STYLE_ASSIGNMENT((#17172));
#17172 = SURFACE_STYLE_USAGE(.BOTH.,#17173);
#17173 = SURFACE_SIDE_STYLE('',(#17174));
#17174 = SURFACE_STYLE_FILL_AREA(#17175);
#17175 = FILL_AREA_STYLE('',(#17176));
#17176 = FILL_AREA_STYLE_COLOUR('',#15511);
#17177 = STYLED_ITEM('color',(#17178),#2932);
#17178 = PRESENTATION_STYLE_ASSIGNMENT((#17179));
#17179 = SURFACE_STYLE_USAGE(.BOTH.,#17180);
#17180 = SURFACE_SIDE_STYLE('',(#17181));
#17181 = SURFACE_STYLE_FILL_AREA(#17182);
#17182 = FILL_AREA_STYLE('',(#17183));
#17183 = FILL_AREA_STYLE_COLOUR('',#15511);
#17184 = STYLED_ITEM('color',(#17185),#2963);
#17185 = PRESENTATION_STYLE_ASSIGNMENT((#17186));
#17186 = SURFACE_STYLE_USAGE(.BOTH.,#17187);
#17187 = SURFACE_SIDE_STYLE('',(#17188));
#17188 = SURFACE_STYLE_FILL_AREA(#17189);
#17189 = FILL_AREA_STYLE('',(#17190));
#17190 = FILL_AREA_STYLE_COLOUR('',#15511);
#17191 = STYLED_ITEM('color',(#17192),#2987);
#17192 = PRESENTATION_STYLE_ASSIGNMENT((#17193));
#17193 = SURFACE_STYLE_USAGE(.BOTH.,#17194);
#17194 = SURFACE_SIDE_STYLE('',(#17195));
#17195 = SURFACE_STYLE_FILL_AREA(#17196);
#17196 = FILL_AREA_STYLE('',(#17197));
#17197 = FILL_AREA_STYLE_COLOUR('',#15511);
#17198 = STYLED_ITEM('color',(#17199),#3011);
#17199 = PRESENTATION_STYLE_ASSIGNMENT((#17200));
#17200 = SURFACE_STYLE_USAGE(.BOTH.,#17201);
#17201 = SURFACE_SIDE_STYLE('',(#17202));
#17202 = SURFACE_STYLE_FILL_AREA(#17203);
#17203 = FILL_AREA_STYLE('',(#17204));
#17204 = FILL_AREA_STYLE_COLOUR('',#15511);
#17205 = STYLED_ITEM('color',(#17206),#3028);
#17206 = PRESENTATION_STYLE_ASSIGNMENT((#17207));
#17207 = SURFACE_STYLE_USAGE(.BOTH.,#17208);
#17208 = SURFACE_SIDE_STYLE('',(#17209));
#17209 = SURFACE_STYLE_FILL_AREA(#17210);
#17210 = FILL_AREA_STYLE('',(#17211));
#17211 = FILL_AREA_STYLE_COLOUR('',#15511);
#17212 = STYLED_ITEM('color',(#17213),#3045);
#17213 = PRESENTATION_STYLE_ASSIGNMENT((#17214));
#17214 = SURFACE_STYLE_USAGE(.BOTH.,#17215);
#17215 = SURFACE_SIDE_STYLE('',(#17216));
#17216 = SURFACE_STYLE_FILL_AREA(#17217);
#17217 = FILL_AREA_STYLE('',(#17218));
#17218 = FILL_AREA_STYLE_COLOUR('',#15511);
#17219 = STYLED_ITEM('color',(#17220),#3062);
#17220 = PRESENTATION_STYLE_ASSIGNMENT((#17221));
#17221 = SURFACE_STYLE_USAGE(.BOTH.,#17222);
#17222 = SURFACE_SIDE_STYLE('',(#17223));
#17223 = SURFACE_STYLE_FILL_AREA(#17224);
#17224 = FILL_AREA_STYLE('',(#17225));
#17225 = FILL_AREA_STYLE_COLOUR('',#15511);
#17226 = STYLED_ITEM('color',(#17227),#3074);
#17227 = PRESENTATION_STYLE_ASSIGNMENT((#17228));
#17228 = SURFACE_STYLE_USAGE(.BOTH.,#17229);
#17229 = SURFACE_SIDE_STYLE('',(#17230));
#17230 = SURFACE_STYLE_FILL_AREA(#17231);
#17231 = FILL_AREA_STYLE('',(#17232));
#17232 = FILL_AREA_STYLE_COLOUR('',#15511);
#17233 = STYLED_ITEM('color',(#17234),#3091);
#17234 = PRESENTATION_STYLE_ASSIGNMENT((#17235));
#17235 = SURFACE_STYLE_USAGE(.BOTH.,#17236);
#17236 = SURFACE_SIDE_STYLE('',(#17237));
#17237 = SURFACE_STYLE_FILL_AREA(#17238);
#17238 = FILL_AREA_STYLE('',(#17239));
#17239 = FILL_AREA_STYLE_COLOUR('',#15511);
#17240 = STYLED_ITEM('color',(#17241),#3108);
#17241 = PRESENTATION_STYLE_ASSIGNMENT((#17242));
#17242 = SURFACE_STYLE_USAGE(.BOTH.,#17243);
#17243 = SURFACE_SIDE_STYLE('',(#17244));
#17244 = SURFACE_STYLE_FILL_AREA(#17245);
#17245 = FILL_AREA_STYLE('',(#17246));
#17246 = FILL_AREA_STYLE_COLOUR('',#15511);
#17247 = STYLED_ITEM('color',(#17248),#3120);
#17248 = PRESENTATION_STYLE_ASSIGNMENT((#17249));
#17249 = SURFACE_STYLE_USAGE(.BOTH.,#17250);
#17250 = SURFACE_SIDE_STYLE('',(#17251));
#17251 = SURFACE_STYLE_FILL_AREA(#17252);
#17252 = FILL_AREA_STYLE('',(#17253));
#17253 = FILL_AREA_STYLE_COLOUR('',#15511);
#17254 = STYLED_ITEM('color',(#17255),#3151);
#17255 = PRESENTATION_STYLE_ASSIGNMENT((#17256));
#17256 = SURFACE_STYLE_USAGE(.BOTH.,#17257);
#17257 = SURFACE_SIDE_STYLE('',(#17258));
#17258 = SURFACE_STYLE_FILL_AREA(#17259);
#17259 = FILL_AREA_STYLE('',(#17260));
#17260 = FILL_AREA_STYLE_COLOUR('',#15511);
#17261 = STYLED_ITEM('color',(#17262),#3175);
#17262 = PRESENTATION_STYLE_ASSIGNMENT((#17263));
#17263 = SURFACE_STYLE_USAGE(.BOTH.,#17264);
#17264 = SURFACE_SIDE_STYLE('',(#17265));
#17265 = SURFACE_STYLE_FILL_AREA(#17266);
#17266 = FILL_AREA_STYLE('',(#17267));
#17267 = FILL_AREA_STYLE_COLOUR('',#15511);
#17268 = STYLED_ITEM('color',(#17269),#3199);
#17269 = PRESENTATION_STYLE_ASSIGNMENT((#17270));
#17270 = SURFACE_STYLE_USAGE(.BOTH.,#17271);
#17271 = SURFACE_SIDE_STYLE('',(#17272));
#17272 = SURFACE_STYLE_FILL_AREA(#17273);
#17273 = FILL_AREA_STYLE('',(#17274));
#17274 = FILL_AREA_STYLE_COLOUR('',#15511);
#17275 = STYLED_ITEM('color',(#17276),#3216);
#17276 = PRESENTATION_STYLE_ASSIGNMENT((#17277));
#17277 = SURFACE_STYLE_USAGE(.BOTH.,#17278);
#17278 = SURFACE_SIDE_STYLE('',(#17279));
#17279 = SURFACE_STYLE_FILL_AREA(#17280);
#17280 = FILL_AREA_STYLE('',(#17281));
#17281 = FILL_AREA_STYLE_COLOUR('',#15511);
#17282 = STYLED_ITEM('color',(#17283),#3247);
#17283 = PRESENTATION_STYLE_ASSIGNMENT((#17284));
#17284 = SURFACE_STYLE_USAGE(.BOTH.,#17285);
#17285 = SURFACE_SIDE_STYLE('',(#17286));
#17286 = SURFACE_STYLE_FILL_AREA(#17287);
#17287 = FILL_AREA_STYLE('',(#17288));
#17288 = FILL_AREA_STYLE_COLOUR('',#15511);
#17289 = STYLED_ITEM('color',(#17290),#3271);
#17290 = PRESENTATION_STYLE_ASSIGNMENT((#17291));
#17291 = SURFACE_STYLE_USAGE(.BOTH.,#17292);
#17292 = SURFACE_SIDE_STYLE('',(#17293));
#17293 = SURFACE_STYLE_FILL_AREA(#17294);
#17294 = FILL_AREA_STYLE('',(#17295));
#17295 = FILL_AREA_STYLE_COLOUR('',#15511);
#17296 = STYLED_ITEM('color',(#17297),#3295);
#17297 = PRESENTATION_STYLE_ASSIGNMENT((#17298));
#17298 = SURFACE_STYLE_USAGE(.BOTH.,#17299);
#17299 = SURFACE_SIDE_STYLE('',(#17300));
#17300 = SURFACE_STYLE_FILL_AREA(#17301);
#17301 = FILL_AREA_STYLE('',(#17302));
#17302 = FILL_AREA_STYLE_COLOUR('',#15511);
#17303 = STYLED_ITEM('color',(#17304),#3312);
#17304 = PRESENTATION_STYLE_ASSIGNMENT((#17305));
#17305 = SURFACE_STYLE_USAGE(.BOTH.,#17306);
#17306 = SURFACE_SIDE_STYLE('',(#17307));
#17307 = SURFACE_STYLE_FILL_AREA(#17308);
#17308 = FILL_AREA_STYLE('',(#17309));
#17309 = FILL_AREA_STYLE_COLOUR('',#15511);
#17310 = STYLED_ITEM('color',(#17311),#3324);
#17311 = PRESENTATION_STYLE_ASSIGNMENT((#17312));
#17312 = SURFACE_STYLE_USAGE(.BOTH.,#17313);
#17313 = SURFACE_SIDE_STYLE('',(#17314));
#17314 = SURFACE_STYLE_FILL_AREA(#17315);
#17315 = FILL_AREA_STYLE('',(#17316));
#17316 = FILL_AREA_STYLE_COLOUR('',#15511);
ENDSEC;
END-ISO-10303-21;
